split,N,L,delta_mean,delta_abs_mean
test,8,2000,0.000013,0.000015
test,8,2000,0.000013,0.000015
custom_windows,2,2000,0.000013,0.000015
custom_windows,2,2000,0.000013,0.000015
test,8,2000,0.000013,0.000015
test,8,2000,0.000013,0.000015
test,8,2000,logit,1,None,256,0.000013,0.000015
