rank	record	pos	max_abs_delta
1	chr1:200000-200150(-)	1999	0.000046
2	chr1:200000-200150(-)	1998	0.000046
3	chr1:200000-200150(-)	1997	0.000046
4	chr1:200000-200150(-)	1996	0.000046
5	chr1:200000-200150(-)	1995	0.000046
6	chr1:200000-200150(-)	1994	0.000046
7	chr1:200000-200150(-)	1993	0.000046
8	chr1:200000-200150(-)	1992	0.000046
9	chr1:200000-200150(-)	1991	0.000046
10	chr1:200000-200150(-)	1990	0.000046
11	chr1:200000-200150(-)	1989	0.000046
12	chr1:200000-200150(-)	1988	0.000046
13	chr1:200000-200150(-)	1987	0.000046
14	chr1:200000-200150(-)	1986	0.000046
15	chr1:200000-200150(-)	1985	0.000046
16	chr1:200000-200150(-)	1984	0.000046
17	chr1:200000-200150(-)	1983	0.000046
18	chr1:200000-200150(-)	1982	0.000046
19	chr1:200000-200150(-)	1981	0.000046
20	chr1:200000-200150(-)	1980	0.000046
21	chr1:200000-200150(-)	1979	0.000046
22	chr1:200000-200150(-)	1978	0.000046
23	chr1:200000-200150(-)	1977	0.000046
24	chr1:200000-200150(-)	1976	0.000046
25	chr1:200000-200150(-)	1975	0.000046
26	chr1:200000-200150(-)	1974	0.000046
27	chr1:200000-200150(-)	1973	0.000046
28	chr1:200000-200150(-)	1972	0.000046
29	chr1:200000-200150(-)	1971	0.000046
30	chr1:200000-200150(-)	1970	0.000046
31	chr1:200000-200150(-)	1969	0.000046
32	chr1:200000-200150(-)	1968	0.000046
33	chr1:200000-200150(-)	1967	0.000046
34	chr1:200000-200150(-)	1966	0.000046
35	chr1:200000-200150(-)	1965	0.000046
36	chr1:200000-200150(-)	1964	0.000046
37	chr1:200000-200150(-)	1963	0.000046
38	chr1:200000-200150(-)	1962	0.000046
39	chr1:200000-200150(-)	1961	0.000046
40	chr1:200000-200150(-)	1960	0.000046
41	chr1:200000-200150(-)	1959	0.000046
42	chr1:200000-200150(-)	1958	0.000046
43	chr1:200000-200150(-)	1957	0.000046
44	chr1:200000-200150(-)	1956	0.000046
45	chr1:200000-200150(-)	1955	0.000046
46	chr1:200000-200150(-)	1954	0.000046
47	chr1:200000-200150(-)	1953	0.000046
48	chr1:200000-200150(-)	1952	0.000046
49	chr1:200000-200150(-)	1951	0.000046
50	chr1:200000-200150(-)	1950	0.000046
