record	task	score
processed:0	0	0.0034978012554347515
processed:0	1	0.003443600842729211
processed:0	2	0.004757218062877655
processed:0	3	0.006346564274281263
processed:0	4	0.01217451598495245
processed:0	5	0.008442397229373455
processed:0	6	0.005778545048087835
processed:0	7	0.007471678778529167
processed:0	8	0.005652919411659241
processed:0	9	0.009384775534272194
processed:0	10	0.009774806909263134
processed:0	11	0.006828273646533489
processed:0	12	0.008322599343955517
processed:0	13	0.008824211545288563
processed:0	14	0.002800407586619258
processed:0	15	0.0037852167151868343
processed:0	16	0.002414929447695613
processed:0	17	0.002929371315985918
processed:0	18	0.005016475450247526
processed:0	19	0.008762377314269543
processed:0	20	0.005627289414405823
processed:0	21	0.006671126466244459
processed:0	22	0.009802677668631077
processed:0	23	0.009744175709784031
processed:0	24	0.005786132998764515
processed:0	25	0.006765010766685009
processed:0	26	0.010883575305342674
processed:0	27	0.014615202322602272
processed:0	28	0.004188953898847103
processed:0	29	0.019218243658542633
processed:0	30	0.006995426956564188
processed:0	31	0.00369678670540452
processed:0	32	0.009646308608353138
processed:0	33	0.0050332616083323956
processed:0	34	0.004422926343977451
processed:0	35	0.004598822444677353
processed:0	36	0.006906500086188316
processed:0	37	0.009091117419302464
processed:0	38	0.0057108597829937935
processed:0	39	0.006150446832180023
processed:0	40	0.006600171327590942
processed:0	41	0.007491542492061853
processed:0	42	0.007981830276548862
processed:0	43	0.0065966458059847355
processed:0	44	0.006637571379542351
processed:0	45	0.009243692271411419
processed:0	46	0.010803823359310627
processed:0	47	0.006854764185845852
processed:0	48	0.009383618831634521
processed:0	49	0.009883774444460869
processed:0	50	0.02711091935634613
processed:0	51	0.010557474568486214
processed:0	52	0.01938655599951744
processed:0	53	0.02117285132408142
processed:0	54	0.015212482772767544
processed:0	55	0.01531528402119875
processed:0	56	0.013401780277490616
processed:0	57	0.02343258261680603
processed:0	58	0.018845142796635628
processed:0	59	0.014486788772046566
processed:0	60	0.0038832351565361023
processed:0	61	0.017666388303041458
processed:0	62	0.020347509533166885
processed:0	63	0.011268549598753452
processed:0	64	0.011954270303249359
processed:0	65	0.012262661010026932
processed:0	66	0.02670375443994999
processed:0	67	0.01714158244431019
processed:0	68	0.01926475018262863
processed:0	69	0.023105237632989883
processed:0	70	0.00858971569687128
processed:0	71	0.010965440422296524
processed:0	72	0.007192204240709543
processed:0	73	0.008322536945343018
processed:0	74	0.008110246621072292
processed:0	75	0.006550438702106476
processed:0	76	0.008108068257570267
processed:0	77	0.009027144871652126
processed:0	78	0.009487111121416092
processed:0	79	0.012419292703270912
processed:0	80	0.014814937487244606
processed:0	81	0.009404807351529598
processed:0	82	0.00703866221010685
processed:0	83	0.00894568394869566
processed:0	84	0.007125823758542538
processed:0	85	0.008852741681039333
processed:0	86	0.016663266345858574
processed:0	87	0.007017262279987335
processed:0	88	0.001708118594251573
processed:0	89	0.003572317771613598
processed:0	90	0.0025018109008669853
processed:0	91	0.0021444978192448616
processed:0	92	0.0031606624834239483
processed:0	93	0.002396831288933754
processed:0	94	0.0029870576690882444
processed:0	95	0.002344847423955798
processed:0	96	0.007654862944036722
processed:0	97	0.0017614823300391436
processed:0	98	0.009253247641026974
processed:0	99	0.007398747839033604
processed:0	100	0.008792421780526638
processed:0	101	0.010401028208434582
processed:0	102	0.0070633734576404095
processed:0	103	0.0016748839989304543
processed:0	104	0.012278901413083076
processed:0	105	0.005921633448451757
processed:0	106	0.020477136597037315
processed:0	107	0.007839605212211609
processed:0	108	0.010469120927155018
processed:0	109	0.006977034267038107
processed:0	110	0.00972429197281599
processed:0	111	0.012170027941465378
processed:0	112	0.007644919212907553
processed:0	113	0.030242696404457092
processed:0	114	0.003748701186850667
processed:0	115	0.005123320501297712
processed:0	116	0.010691811330616474
processed:0	117	0.00617172010242939
processed:0	118	0.0077344439923763275
processed:0	119	0.04477063566446304
processed:0	120	0.009628976695239544
processed:0	121	0.005181381478905678
processed:0	122	0.009592431597411633
processed:0	123	0.004056560806930065
processed:0	124	0.005370030645281076
processed:0	125	0.0011806710390374064
processed:0	126	0.0008327893447130919
processed:0	127	0.0008010509191080928
processed:0	128	0.00041736967978067696
processed:0	129	0.0017881537787616253
processed:0	130	0.0007972414023242891
processed:0	131	0.0004419289471115917
processed:0	132	7.129666482796893e-05
processed:0	133	0.006927768234163523
processed:0	134	0.0009269278380088508
processed:0	135	0.001184520311653614
processed:0	136	7.217624806798995e-05
processed:0	137	0.0003177546605002135
processed:0	138	0.0007808186346665025
processed:0	139	0.00042871490586549044
processed:0	140	0.00025161198573186994
processed:0	141	0.000735660782083869
processed:0	142	0.0012836465612053871
processed:0	143	0.0007531981682404876
processed:0	144	0.0013919735793024302
processed:0	145	0.0003695080813486129
processed:0	146	0.0008474042406305671
processed:0	147	0.00012450771464500576
processed:0	148	0.0005177672137506306
processed:0	149	0.0007690587663091719
processed:0	150	0.0005294726579450071
processed:0	151	0.0002028229064308107
processed:0	152	0.0002032315533142537
processed:0	153	0.00023264202172867954
processed:0	154	0.0014958775136619806
processed:0	155	0.0017105223378166556
processed:0	156	0.000710692023858428
processed:0	157	0.00022893803543411195
processed:0	158	0.0011884578270837665
processed:0	159	0.00032290900708176196
processed:0	160	0.0005721701891161501
processed:0	161	0.0006806986639276147
processed:0	162	0.0007322346209548414
processed:0	163	0.0009404720040038228
processed:0	164	0.0006443668971769512
processed:0	165	0.0005637097056023777
processed:0	166	0.00013072328874841332
processed:0	167	0.0003290676686447114
processed:0	168	0.0005801265360787511
processed:0	169	0.001269095460884273
processed:0	170	0.0005182777531445026
processed:0	171	0.001368664437904954
processed:0	172	0.0004858914762735367
processed:0	173	0.000652359682135284
processed:0	174	0.0005102156428620219
processed:0	175	0.00030503468587994576
processed:0	176	0.0006207961705513299
processed:0	177	0.001697310945019126
processed:0	178	0.0006701013771817088
processed:0	179	0.0007647094898857176
processed:0	180	0.0001615032961126417
processed:0	181	0.0009295518393628299
processed:0	182	0.0003646338591352105
processed:0	183	0.001010453444905579
processed:0	184	0.006333865690976381
processed:0	185	0.00404133927077055
processed:0	186	0.0006131848786026239
processed:0	187	0.0006241225055418909
processed:0	188	0.0006902144523337483
processed:0	189	0.0008373045129701495
processed:0	190	0.0005316016031429172
processed:0	191	0.005811561830341816
processed:0	192	0.0012194848386570811
processed:0	193	0.0011054413625970483
processed:0	194	0.0010647724848240614
processed:0	195	0.003445687936618924
processed:0	196	0.0008224133052863181
processed:0	197	0.00021182616183068603
processed:0	198	0.0012349067255854607
processed:0	199	0.0037021294701844454
processed:0	200	0.0029023531824350357
processed:0	201	0.0007218007231131196
processed:0	202	0.0011705841170623899
processed:0	203	0.0006713405018672347
processed:0	204	0.007987177930772305
processed:0	205	0.0007449767435900867
processed:0	206	0.0030477410182356834
processed:0	207	0.002788487123325467
processed:0	208	0.003946450538933277
processed:0	209	0.000885740271769464
processed:0	210	0.0022684691939502954
processed:0	211	0.007408938370645046
processed:0	212	0.00257032155059278
processed:0	213	0.0013990638544782996
processed:0	214	0.0004887710674665868
processed:0	215	0.004889348056167364
processed:0	216	0.000316249905154109
processed:0	217	0.0009948441293090582
processed:0	218	0.008967917412519455
processed:0	219	0.004898922983556986
processed:0	220	0.003791457274928689
processed:0	221	0.003611491061747074
processed:0	222	0.014193967916071415
processed:0	223	0.008129709400236607
processed:0	224	0.00072858965722844
processed:0	225	0.008416479453444481
processed:0	226	0.003324846038594842
processed:0	227	0.0014000962255522609
processed:0	228	0.0043370104394853115
processed:0	229	0.0013716198736801744
processed:0	230	0.0004985377890989184
processed:0	231	0.003848231630399823
processed:0	232	0.003423860529437661
processed:0	233	0.0015947273932397366
processed:0	234	0.015329758636653423
processed:0	235	0.000823496317025274
processed:0	236	0.0004953840980306268
processed:0	237	0.002085775835439563
processed:0	238	0.0012082147877663374
processed:0	239	0.003908764570951462
processed:0	240	0.003181683598086238
processed:0	241	0.004763469099998474
processed:0	242	0.0022807654459029436
processed:0	243	0.0005598608404397964
processed:0	244	0.00835072249174118
processed:0	245	0.0007046815590001643
processed:0	246	0.0004593564954120666
processed:0	247	0.0017812041332945228
processed:0	248	0.00046242878306657076
processed:0	249	0.0007762053865008056
processed:0	250	0.0017369441920891404
processed:0	251	0.003192152362316847
processed:0	252	0.0013668303145095706
processed:0	253	0.0020053640473634005
processed:0	254	0.0024843153078109026
processed:0	255	0.00039314397145062685
processed:0	256	0.0007082356605678797
processed:0	257	0.0009722742834128439
processed:0	258	0.005529448390007019
processed:0	259	0.0024770291056483984
processed:0	260	0.001043888507410884
processed:0	261	0.002502150135114789
processed:0	262	0.000499867310281843
processed:0	263	0.004631803836673498
processed:0	264	0.0008080589468590915
processed:0	265	0.00045356625923886895
processed:0	266	0.0047340476885437965
processed:0	267	0.0026577317621558905
processed:0	268	0.0034375989343971014
processed:0	269	0.015200423076748848
processed:0	270	0.006340354681015015
processed:0	271	0.0009290025336667895
processed:0	272	0.000928032910451293
processed:0	273	0.005785282701253891
processed:0	274	0.002257443265989423
processed:0	275	0.0011617644922807813
processed:0	276	0.0021268862765282393
processed:0	277	0.0009084875346161425
processed:0	278	0.003655517939478159
processed:0	279	0.000501573842484504
processed:0	280	0.0004001431807409972
processed:0	281	0.0023512979969382286
processed:0	282	0.006302282679826021
processed:0	283	0.004685723688453436
processed:0	284	0.003606686368584633
processed:0	285	0.0073127164505422115
processed:0	286	0.005713717080652714
processed:0	287	0.011990460567176342
processed:0	288	0.0009478809079155326
processed:0	289	0.0010581989772617817
processed:0	290	0.0001733613753458485
processed:0	291	0.00012201542995171621
processed:0	292	0.006151968613266945
processed:0	293	0.0006246774573810399
processed:0	294	0.0006483484758064151
processed:0	295	0.0003535560390446335
processed:0	296	0.000885765184648335
processed:0	297	0.0012839729897677898
processed:0	298	0.0017846920527517796
processed:0	299	0.0006928473012521863
processed:0	300	0.0009298428194597363
processed:0	301	0.0013738031266257167
processed:0	302	0.005125698167830706
processed:0	303	0.005563386715948582
processed:0	304	0.004433310590684414
processed:0	305	0.0004934347234666348
processed:0	306	0.0033060875721275806
processed:0	307	0.004164375364780426
processed:0	308	0.003917420282959938
processed:0	309	0.002117504132911563
processed:0	310	0.0008145400788635015
processed:0	311	0.0041772047989070415
processed:0	312	0.004249180667102337
processed:0	313	0.004739087540656328
processed:0	314	0.008688720874488354
processed:0	315	0.0063906218856573105
processed:0	316	0.0008748085238039494
processed:0	317	0.0005614924011752009
processed:0	318	0.002128059510141611
processed:0	319	0.0021886921022087336
processed:0	320	0.0016386010684072971
processed:0	321	0.00406129052862525
processed:0	322	0.0023756250739097595
processed:0	323	0.0010428557870909572
processed:0	324	0.0005362349911592901
processed:0	325	0.00028790399665012956
processed:0	326	0.002786609111353755
processed:0	327	0.0015101071912795305
processed:0	328	0.0031201315578073263
processed:0	329	0.0015939077129587531
processed:0	330	0.0009053585235960782
processed:0	331	0.0004778463626280427
processed:0	332	0.00027944607427343726
processed:0	333	0.0012282031821087003
processed:0	334	0.00028674580971710384
processed:0	335	0.0008621570887044072
processed:0	336	0.009488495998084545
processed:0	337	0.0018875082023441792
processed:0	338	0.0005019523669034243
processed:0	339	0.00023371496354229748
processed:0	340	0.00191556999925524
processed:0	341	0.00840011890977621
processed:0	342	0.001572019187733531
processed:0	343	0.0003326575388200581
processed:0	344	0.0006683694664388895
processed:0	345	0.0007112824823707342
processed:0	346	0.001468205126002431
processed:0	347	0.0005077561363577843
processed:0	348	0.0023620123974978924
processed:0	349	0.0023689959198236465
processed:0	350	0.00219987565651536
processed:0	351	0.003903321223333478
processed:0	352	0.00144106219522655
processed:0	353	0.0014188787899911404
processed:0	354	0.0013296827673912048
processed:0	355	0.001368477358482778
processed:0	356	0.00044457672629505396
processed:0	357	0.00042158333235420287
processed:0	358	0.0004174020723439753
processed:0	359	0.0006454068352468312
processed:0	360	0.000365876971045509
processed:0	361	0.0005662107141688466
processed:0	362	0.0007577697397209704
processed:0	363	0.0016376817366108298
processed:0	364	0.001921456423588097
processed:0	365	0.003211786737665534
processed:0	366	0.0004884860245510936
processed:0	367	0.004240854177623987
processed:0	368	0.0015121583128347993
processed:0	369	0.0017489234451204538
processed:0	370	0.005612114444375038
processed:0	371	0.0013953873421996832
processed:0	372	0.0010652909986674786
processed:0	373	0.005068655125796795
processed:0	374	0.0011269544484093785
processed:0	375	0.0005036198999732733
processed:0	376	0.00017449424194637686
processed:0	377	0.008714633993804455
processed:0	378	0.0010108279529958963
processed:0	379	0.0029456024058163166
processed:0	380	0.005959622096270323
processed:0	381	0.016426080837845802
processed:0	382	0.0017662158934399486
processed:0	383	0.0031359565909951925
processed:0	384	0.0011770586716011167
processed:0	385	0.00048769533168524504
processed:0	386	0.010610359720885754
processed:0	387	0.0030555310659110546
processed:0	388	0.0013904181541875005
processed:0	389	0.0021235784515738487
processed:0	390	0.0004687159671448171
processed:0	391	0.0005259559256955981
processed:0	392	0.0004240568960085511
processed:0	393	0.000459005415905267
processed:0	394	0.0013165338896214962
processed:0	395	0.0013027795357629657
processed:0	396	0.004257878754287958
processed:0	397	0.005246451124548912
processed:0	398	0.00329149910248816
processed:0	399	0.001245390623807907
processed:0	400	0.0006920119049027562
processed:0	401	0.0004084519750904292
processed:0	402	0.0010381157044321299
processed:0	403	0.00021830761397723109
processed:0	404	0.00014126242604106665
processed:0	405	0.00022959249326959252
processed:0	406	0.0007336473208852112
processed:0	407	0.0022192958276718855
processed:0	408	0.0002893331984523684
processed:0	409	0.00269860727712512
processed:0	410	0.00032770767575129867
processed:0	411	0.0003709558513946831
processed:0	412	0.0011301662307232618
processed:0	413	0.003004351630806923
processed:0	414	0.0012673771707341075
processed:0	415	0.0013807365903630853
processed:0	416	0.0005219008889980614
processed:0	417	0.02003074251115322
processed:0	418	0.0005406051059253514
processed:0	419	0.004368433728814125
processed:0	420	0.0006314995116554201
processed:0	421	0.0010319494176656008
processed:0	422	0.005050285253673792
processed:0	423	0.0023225669283419847
processed:0	424	0.0005340831121429801
processed:0	425	0.004930458497256041
processed:0	426	0.00019193610933143646
processed:0	427	0.0036239593755453825
processed:0	428	0.000324979453580454
processed:0	429	0.0009042710298672318
processed:0	430	0.007616328541189432
processed:0	431	0.0018230816349387169
processed:0	432	0.0003995953593403101
processed:0	433	0.0003572760324459523
processed:0	434	0.0009636823087930679
processed:0	435	0.0007912536384537816
processed:0	436	0.001056657638400793
processed:0	437	0.0010013420833274722
processed:0	438	0.0012123020133003592
processed:0	439	0.0009901734301820397
processed:0	440	0.0007021680357865989
processed:0	441	0.004007370676845312
processed:0	442	0.002261226996779442
processed:0	443	0.0001905628014355898
processed:0	444	0.0005345124518498778
processed:0	445	0.0003576849994715303
processed:0	446	0.0002058458048850298
processed:0	447	0.0019964028615504503
processed:0	448	0.0011402691015973687
processed:0	449	0.06969998776912689
processed:0	450	0.012189124710857868
processed:0	451	0.0023147936444729567
processed:0	452	0.0024020473938435316
processed:0	453	0.0018840876873582602
processed:0	454	0.002065744251012802
processed:0	455	0.0007199246319942176
processed:0	456	0.0015455761458724737
processed:0	457	0.001891232910566032
processed:0	458	0.0010883072391152382
processed:0	459	0.0005825534462928772
processed:0	460	0.002049587434157729
processed:0	461	0.0010539843933656812
processed:0	462	0.0018907819176092744
processed:0	463	0.0019453021232038736
processed:0	464	0.001283954014070332
processed:0	465	0.0013555235927924514
processed:0	466	0.0019365546759217978
processed:0	467	0.0005855449708178639
processed:0	468	0.0040731425397098064
processed:0	469	0.0012593150604516268
processed:0	470	0.0018816754454746842
processed:0	471	0.0008267391822300851
processed:0	472	0.0011100713163614273
processed:0	473	0.005454445723444223
processed:0	474	0.0008131593931466341
processed:0	475	0.0035118137020617723
processed:0	476	0.004679294303059578
processed:0	477	0.0014614431420341134
processed:0	478	0.000810737197753042
processed:0	479	0.0009388116304762661
processed:0	480	0.001392419682815671
processed:0	481	0.0014968450414016843
processed:0	482	0.004437441937625408
processed:0	483	0.0002452399057801813
processed:0	484	0.004866359755396843
processed:0	485	0.0007236966048367321
processed:0	486	0.021219048649072647
processed:0	487	0.000803033821284771
processed:0	488	0.0033409311436116695
processed:0	489	0.0004492726002354175
processed:0	490	0.008545797318220139
processed:0	491	0.000336530152708292
processed:0	492	0.007341290358453989
processed:0	493	0.012640532106161118
processed:0	494	0.003666249103844166
processed:0	495	0.004842292983084917
processed:0	496	0.0003781246196012944
processed:0	497	0.00014454254414886236
processed:0	498	0.0006828070036135614
processed:0	499	0.0002799092617351562
processed:0	500	0.0006608825642615557
processed:0	501	0.0022277007810771465
processed:0	502	0.00042296122410334647
processed:0	503	0.0022886828519403934
processed:0	504	0.00014959927648305893
processed:0	505	0.0006906783673912287
processed:0	506	0.0004692107904702425
processed:0	507	0.0002625122433528304
processed:0	508	0.0009773001074790955
processed:0	509	0.0005756501923315227
processed:0	510	0.00024126247444655746
processed:0	511	0.0002193098480347544
processed:0	512	0.0001614099892321974
processed:0	513	0.00014032400213181973
processed:0	514	0.00030787542345933616
processed:0	515	0.0004980831872671843
processed:0	516	0.00031391705852001905
processed:0	517	0.00021809393365401775
processed:0	518	0.000678383104968816
processed:0	519	0.003451249562203884
processed:0	520	0.001449749106541276
processed:0	521	0.0005329326377250254
processed:0	522	0.00031838114955462515
processed:0	523	0.0005461957771331072
processed:0	524	0.000966169114690274
processed:0	525	0.000553494319319725
processed:0	526	0.0005794396856799722
processed:0	527	0.00022799396538175642
processed:0	528	0.0012257829075679183
processed:0	529	0.0008986142347566783
processed:0	530	0.000698244315572083
processed:0	531	0.0013609209563583136
processed:0	532	0.004238559398800135
processed:0	533	0.0008104228763841093
processed:0	534	0.003415851853787899
processed:0	535	0.0013869722606614232
processed:0	536	0.0002877615625038743
processed:0	537	0.0009037338895723224
processed:0	538	0.004703541751950979
processed:0	539	0.002020482439547777
processed:0	540	0.0015169335529208183
processed:0	541	0.0002773423329927027
processed:0	542	0.0004068520793225616
processed:0	543	0.000249293603701517
processed:0	544	0.001331242616288364
processed:0	545	0.00584369944408536
processed:0	546	0.012862754985690117
processed:0	547	0.005317267030477524
processed:0	548	0.0011440177913755178
processed:0	549	0.0001777217403287068
processed:0	550	0.0005184292094781995
processed:0	551	0.0019393455004319549
processed:0	552	0.0007871707202866673
processed:0	553	0.0013478640466928482
processed:0	554	0.00043303705751895905
processed:0	555	0.00016970063734333962
processed:0	556	0.0002726813545450568
processed:0	557	0.0012905618641525507
processed:0	558	0.000181028779479675
processed:0	559	0.00031363885500468314
processed:0	560	0.0029213265515863895
processed:0	561	0.007860037498176098
processed:0	562	0.024284953251481056
processed:0	563	0.006479079369455576
processed:0	564	0.0003483487816993147
processed:0	565	0.0015553805278614163
processed:0	566	0.0005634860135614872
processed:0	567	0.00028546893736347556
processed:0	568	0.0009333640336990356
processed:0	569	0.0001983150141313672
processed:0	570	0.0008439834928140044
processed:0	571	0.0005219008889980614
processed:0	572	0.0001274248497793451
processed:0	573	0.0007447393727488816
processed:0	574	0.0011481773108243942
processed:0	575	0.0008486591395922005
processed:0	576	0.0002846902352757752
processed:0	577	0.0010046014795079827
processed:0	578	0.003424203721806407
processed:0	579	0.00035117368679493666
processed:0	580	0.0003389172488823533
processed:0	581	0.022621503099799156
processed:0	582	0.0010736365802586079
processed:0	583	0.00027696395409293473
processed:0	584	0.00029978464590385556
processed:0	585	7.799410377629101e-05
processed:0	586	0.00033782736863940954
processed:0	587	0.0019974273163825274
processed:0	588	0.0008603155147284269
processed:0	589	0.006627530790865421
processed:0	590	0.0006298774969764054
processed:0	591	0.0007728799246251583
processed:0	592	0.0011407634010538459
processed:0	593	0.0004897228791378438
processed:0	594	0.0008062254055403173
processed:0	595	0.0005552308866754174
processed:0	596	0.0006761259865015745
processed:0	597	0.0010266981553286314
processed:0	598	0.001176538527943194
processed:0	599	0.0008280239417217672
processed:0	600	0.0010453549912199378
processed:0	601	0.0006798380054533482
processed:0	602	0.0030049700289964676
processed:0	603	0.0002633447584230453
processed:0	604	0.0014391320291906595
processed:0	605	0.0005934365908615291
processed:0	606	0.00014136673416942358
processed:0	607	0.00033220372279174626
processed:0	608	0.00021677293989341706
processed:0	609	0.00019632036855909973
processed:0	610	0.000210634054383263
processed:0	611	0.00024054905225057155
processed:0	612	0.0010750535875558853
processed:0	613	0.0006041353335604072
processed:0	614	0.0012430233182385564
processed:0	615	0.00010020045010605827
processed:0	616	0.00032353238202631474
processed:0	617	0.001940334215760231
processed:0	618	0.0009686383418738842
processed:0	619	0.0002494693035259843
processed:0	620	0.00035563638084568083
processed:0	621	0.0003048029902856797
processed:0	622	0.0002071640337817371
processed:0	623	0.00043443890172056854
processed:0	624	0.0005355168250389397
processed:0	625	0.00026227982016280293
processed:0	626	0.0004465260135475546
processed:0	627	0.0006060930900275707
processed:0	628	0.000365980202332139
processed:0	629	0.0017011524178087711
processed:0	630	0.0020213481038808823
processed:0	631	0.00035152837517671287
processed:0	632	0.0022970964200794697
processed:0	633	0.008016944862902164
processed:0	634	0.004378258716315031
processed:0	635	0.0030946910846978426
processed:0	636	0.0012546267826110125
processed:0	637	0.0019429844105616212
processed:0	638	0.0004670608032029122
processed:0	639	0.0005794849130325019
processed:0	640	0.0004901915672235191
processed:0	641	0.0004914440214633942
processed:0	642	0.0009825610322877765
processed:0	643	0.0005478337407112122
processed:0	644	0.002950189635157585
processed:0	645	0.0004211509076412767
processed:0	646	0.00030869574402458966
processed:0	647	0.00046271647443063557
processed:0	648	0.00046629211283288896
processed:0	649	0.0006585106602869928
processed:0	650	9.680198127171025e-05
processed:0	651	5.169587166165002e-05
processed:0	652	0.0006009271601215005
processed:0	653	0.002174121793359518
processed:0	654	0.0001260947756236419
processed:0	655	0.002642361680045724
processed:0	656	0.0008475682116113603
processed:0	657	0.0030060631688684225
processed:0	658	0.0015458203852176666
processed:0	659	0.0002617387508507818
processed:0	660	0.0002687189553398639
processed:0	661	0.000288884766632691
processed:0	662	0.0002984053280670196
processed:0	663	0.0003883999597746879
processed:0	664	0.0002423753758193925
processed:0	665	0.00014290105900727212
processed:0	666	0.00036166090285405517
processed:0	667	0.002067587338387966
processed:0	668	0.00040675123455002904
processed:0	669	0.0007787380018271506
processed:0	670	0.004754805006086826
processed:0	671	0.00064826849848032
processed:0	672	0.00039510257192887366
processed:0	673	0.0007102400995790958
processed:0	674	0.0009191218996420503
processed:0	675	0.00024562273756600916
processed:0	676	0.001962800743058324
processed:0	677	0.005522603634744883
processed:0	678	0.0013889861293137074
processed:0	679	0.010976765304803848
processed:0	680	0.00023638179118279368
processed:0	681	0.0016568027203902602
processed:0	682	0.0016400690656155348
processed:0	683	0.0014106332091614604
processed:0	684	0.0013564397813752294
processed:0	685	0.0014157055411487818
processed:0	686	0.0005681316833943129
processed:0	687	0.0011685832869261503
processed:0	688	0.001679324428550899
processed:0	689	0.0010617382358759642
processed:0	690	0.0013158696237951517
processed:0	691	0.001122655114158988
processed:0	692	0.0005824407562613487
processed:0	693	0.0009427430923096836
processed:0	694	0.0012280798982828856
processed:0	695	0.0017772449646145105
processed:0	696	0.004077994730323553
processed:0	697	0.0035926157142966986
processed:0	698	0.005358792841434479
processed:0	699	0.005004642065614462
processed:0	700	0.000788646109867841
processed:0	701	0.0009728706791065633
processed:0	702	0.00047037313925102353
processed:0	703	0.0010784704936668277
processed:0	704	0.004756398033350706
processed:0	705	0.0004708854539785534
processed:0	706	0.003796619363129139
processed:0	707	0.0003066804783884436
processed:0	708	0.003047351259738207
processed:0	709	0.0008199188159778714
processed:0	710	0.0030077083501964808
processed:0	711	0.005402727052569389
processed:0	712	0.003473267424851656
processed:0	713	0.00429685739800334
processed:0	714	0.022831149399280548
processed:0	715	0.0001824067730922252
processed:0	716	0.00027557453722693026
processed:0	717	4.7833305870881304e-05
processed:0	718	0.0003093662962783128
processed:0	719	0.0008212997345253825
processed:0	720	0.0005192256649024785
processed:0	721	0.000508935481775552
processed:0	722	0.0001895657042041421
processed:0	723	0.0006003984599374235
processed:0	724	0.0002218690497102216
processed:0	725	0.00016406762006226927
processed:0	726	0.0005747965769842267
processed:0	727	0.0009310489404015243
processed:0	728	0.0003417515254113823
processed:0	729	0.00042343768291175365
processed:0	730	0.0005072326748631895
processed:0	731	0.00016998566570691764
processed:0	732	0.0004193487693555653
processed:0	733	0.0003287876315880567
processed:0	734	0.0003615888417698443
processed:0	735	0.0015113975387066603
processed:0	736	0.00022066652309149504
processed:0	737	0.0007038392941467464
processed:0	738	0.00039342083618976176
processed:0	739	0.000310933159198612
processed:0	740	0.00024594026035629213
processed:0	741	0.0010835696011781693
processed:0	742	3.933028347091749e-05
processed:0	743	0.00034057185985147953
processed:0	744	0.0003760263789445162
processed:0	745	0.0004989416338503361
processed:0	746	0.0007550486479885876
processed:0	747	0.0008797273621894419
processed:0	748	0.0016247025923803449
processed:0	749	0.0025055394507944584
processed:0	750	0.0017573225777596235
processed:0	751	0.0008973394287750125
processed:0	752	0.0006418692646548152
processed:0	753	0.0008027561125345528
processed:0	754	0.0011468174634501338
processed:0	755	0.0007051104912534356
processed:0	756	0.0015397151000797749
processed:0	757	0.003037377493456006
processed:0	758	0.004954218398779631
processed:0	759	0.0004787089128512889
processed:0	760	0.00038438645424321294
processed:0	761	0.0002028246526606381
processed:0	762	0.0005062335985712707
processed:0	763	0.0007527446723543108
processed:0	764	0.0005324220983311534
processed:0	765	0.0011654772097244859
processed:0	766	0.0004173567285761237
processed:0	767	0.0011843470856547356
processed:0	768	0.0010134121403098106
processed:0	769	0.0007437560125254095
processed:0	770	0.0013053809525445104
processed:0	771	0.00098808656912297
processed:0	772	0.0005144255119375885
processed:0	773	0.0007899634656496346
processed:0	774	5.046854857937433e-05
processed:0	775	0.0006844768649898469
processed:0	776	0.0005074171931482852
processed:0	777	0.0005905364523641765
processed:0	778	0.0008937223465181887
processed:0	779	0.00023745952057652175
processed:0	780	0.00028578483033925295
processed:0	781	0.00032183516304939985
processed:0	782	0.0009343624114990234
processed:0	783	0.0007458548061549664
processed:0	784	0.0014082178240641952
processed:0	785	0.00047587475273758173
processed:0	786	0.0011119869304820895
processed:0	787	0.002357850782573223
processed:0	788	0.0008036010549403727
processed:0	789	0.0009468875941820443
processed:0	790	0.0003975830622948706
processed:0	791	0.00027477985713630915
processed:0	792	0.00031511406996287405
processed:0	793	0.0003652226587291807
processed:0	794	0.000610095274168998
processed:0	795	4.9131012929137796e-05
processed:0	796	0.0018406370654702187
processed:0	797	0.0010416622972115874
processed:0	798	0.0013961795484647155
processed:0	799	0.0006303599802777171
processed:0	800	0.0006065625930204988
processed:0	801	0.0008731454727239907
processed:0	802	0.00030234118457883596
processed:0	803	0.0007939647766761482
processed:0	804	0.00039551901863887906
processed:0	805	0.0014160365099087358
processed:0	806	0.00024760205997154117
processed:0	807	0.0012881940929219127
processed:0	808	0.0006776319933123887
processed:0	809	0.00036681085475720465
processed:0	810	0.0014128286857157946
processed:0	811	0.0003646710538305342
processed:0	812	0.0006066137575544417
processed:0	813	0.0002633947296999395
processed:0	814	0.020357277244329453
processed:0	815	0.008182347752153873
processed:0	816	0.0003546798834577203
processed:0	817	0.0004922451917082071
processed:0	818	0.0006558132008649409
processed:0	819	6.883864989504218e-05
processed:0	820	0.00046881267917342484
processed:0	821	0.002069323556497693
processed:0	822	0.0003073334810324013
processed:0	823	0.006174581125378609
processed:0	824	6.76607305649668e-05
processed:0	825	0.0019154960755258799
processed:0	826	0.027441812679171562
processed:0	827	0.012739861384034157
processed:0	828	0.0007241401472128928
processed:0	829	0.00020240368030499667
processed:0	830	0.0013615359785035253
processed:0	831	0.03465832397341728
processed:0	832	0.009138745255768299
processed:0	833	0.006444496102631092
processed:0	834	0.0001259117852896452
processed:0	835	0.0003853313683066517
processed:0	836	0.0016667299205437303
processed:0	837	0.014910144731402397
processed:0	838	0.00012874561070930213
processed:0	839	0.013660889118909836
processed:0	840	0.0027816297952085733
processed:0	841	0.013991779647767544
processed:0	842	0.007938963361084461
processed:0	843	0.009174510836601257
processed:0	844	0.00061159732285887
processed:0	845	5.331491774995811e-05
processed:0	846	0.002555128186941147
processed:0	847	0.005123352166265249
processed:0	848	0.00778253935277462
processed:0	849	0.004120863974094391
processed:0	850	0.009751301258802414
processed:0	851	1.6259649783023633e-05
processed:0	852	0.0002843069960363209
processed:0	853	1.955141306098085e-05
processed:0	854	0.004888211842626333
processed:0	855	0.005969865247607231
processed:0	856	0.034921810030937195
processed:0	857	0.002015825593844056
processed:0	858	0.023703455924987793
processed:0	859	0.01249856036156416
processed:0	860	0.011504380032420158
processed:0	861	0.009642454795539379
processed:0	862	0.0053720613941550255
processed:0	863	0.01634248159825802
processed:0	864	0.006283702794462442
processed:0	865	0.00047911336878314614
processed:0	866	0.011187396012246609
processed:0	867	0.003209246089681983
processed:0	868	0.00022774278477299958
processed:0	869	0.003939238842576742
processed:0	870	0.0065817758440971375
processed:0	871	0.003822153666988015
processed:0	872	0.00461417343467474
processed:0	873	0.004239797126501799
processed:0	874	0.0009170317207463086
processed:0	875	0.0007332020904868841
processed:0	876	0.00135874655097723
processed:0	877	0.001610400271601975
processed:0	878	0.0006419906858354807
processed:0	879	3.836460746242665e-05
processed:0	880	0.001057743327692151
processed:0	881	0.0029346351511776447
processed:0	882	0.0008005400304682553
processed:0	883	0.003563782200217247
processed:0	884	0.001912579289637506
processed:0	885	0.0003950012905988842
processed:0	886	0.0004162438272032887
processed:0	887	0.0027557399589568377
processed:0	888	0.018285494297742844
processed:0	889	0.010517874732613564
processed:0	890	0.00021164667850825936
processed:0	891	0.009299647994339466
processed:0	892	0.011812369339168072
processed:0	893	0.006325453519821167
processed:0	894	0.0043280771933496
processed:0	895	0.009189985692501068
processed:0	896	5.715504812542349e-05
processed:0	897	0.0015627548564225435
processed:0	898	0.00011342079233145341
processed:0	899	0.00044605316361412406
processed:0	900	0.006019614636898041
processed:0	901	0.0018150891410186887
processed:0	902	2.2946403987589292e-05
processed:0	903	0.0007662796415388584
processed:0	904	0.003998993895947933
processed:0	905	0.0019129124702885747
processed:0	906	0.0032760172616690397
processed:0	907	0.0010240921983495355
processed:0	908	0.00013944566308055073
processed:0	909	0.0003717416257131845
processed:0	910	0.0013101259246468544
processed:0	911	0.010096371173858643
processed:0	912	0.008201311342418194
processed:0	913	0.0004381518519949168
processed:0	914	0.007473821751773357
processed:0	915	0.009021473117172718
processed:0	916	0.003500118851661682
processed:0	917	0.0038428197149187326
processed:0	918	0.00039475850644521415
processed:1	0	0.0034978012554347515
processed:1	1	0.003443600842729211
processed:1	2	0.004757218062877655
processed:1	3	0.006346564274281263
processed:1	4	0.01217451598495245
processed:1	5	0.008442397229373455
processed:1	6	0.005778545048087835
processed:1	7	0.007471678778529167
processed:1	8	0.005652919411659241
processed:1	9	0.009384775534272194
processed:1	10	0.009774806909263134
processed:1	11	0.006828273646533489
processed:1	12	0.008322599343955517
processed:1	13	0.008824211545288563
processed:1	14	0.002800407586619258
processed:1	15	0.0037852167151868343
processed:1	16	0.002414929447695613
processed:1	17	0.002929371315985918
processed:1	18	0.005016475450247526
processed:1	19	0.008762377314269543
processed:1	20	0.005627289414405823
processed:1	21	0.006671126466244459
processed:1	22	0.009802677668631077
processed:1	23	0.009744175709784031
processed:1	24	0.005786132998764515
processed:1	25	0.006765010766685009
processed:1	26	0.010883575305342674
processed:1	27	0.014615202322602272
processed:1	28	0.004188953898847103
processed:1	29	0.019218243658542633
processed:1	30	0.006995426956564188
processed:1	31	0.00369678670540452
processed:1	32	0.009646308608353138
processed:1	33	0.0050332616083323956
processed:1	34	0.004422926343977451
processed:1	35	0.004598822444677353
processed:1	36	0.006906500086188316
processed:1	37	0.009091117419302464
processed:1	38	0.0057108597829937935
processed:1	39	0.006150446832180023
processed:1	40	0.006600171327590942
processed:1	41	0.007491542492061853
processed:1	42	0.007981830276548862
processed:1	43	0.0065966458059847355
processed:1	44	0.006637571379542351
processed:1	45	0.009243692271411419
processed:1	46	0.010803823359310627
processed:1	47	0.006854764185845852
processed:1	48	0.009383618831634521
processed:1	49	0.009883774444460869
processed:1	50	0.02711091935634613
processed:1	51	0.010557474568486214
processed:1	52	0.01938655599951744
processed:1	53	0.02117285132408142
processed:1	54	0.015212482772767544
processed:1	55	0.01531528402119875
processed:1	56	0.013401780277490616
processed:1	57	0.02343258261680603
processed:1	58	0.018845142796635628
processed:1	59	0.014486788772046566
processed:1	60	0.0038832351565361023
processed:1	61	0.017666388303041458
processed:1	62	0.020347509533166885
processed:1	63	0.011268549598753452
processed:1	64	0.011954270303249359
processed:1	65	0.012262661010026932
processed:1	66	0.02670375443994999
processed:1	67	0.01714158244431019
processed:1	68	0.01926475018262863
processed:1	69	0.023105237632989883
processed:1	70	0.00858971569687128
processed:1	71	0.010965440422296524
processed:1	72	0.007192204240709543
processed:1	73	0.008322536945343018
processed:1	74	0.008110246621072292
processed:1	75	0.006550438702106476
processed:1	76	0.008108068257570267
processed:1	77	0.009027144871652126
processed:1	78	0.009487111121416092
processed:1	79	0.012419292703270912
processed:1	80	0.014814937487244606
processed:1	81	0.009404807351529598
processed:1	82	0.00703866221010685
processed:1	83	0.00894568394869566
processed:1	84	0.007125823758542538
processed:1	85	0.008852741681039333
processed:1	86	0.016663266345858574
processed:1	87	0.007017262279987335
processed:1	88	0.001708118594251573
processed:1	89	0.003572317771613598
processed:1	90	0.0025018109008669853
processed:1	91	0.0021444978192448616
processed:1	92	0.0031606624834239483
processed:1	93	0.002396831288933754
processed:1	94	0.0029870576690882444
processed:1	95	0.002344847423955798
processed:1	96	0.007654862944036722
processed:1	97	0.0017614823300391436
processed:1	98	0.009253247641026974
processed:1	99	0.007398747839033604
processed:1	100	0.008792421780526638
processed:1	101	0.010401028208434582
processed:1	102	0.0070633734576404095
processed:1	103	0.0016748839989304543
processed:1	104	0.012278901413083076
processed:1	105	0.005921633448451757
processed:1	106	0.020477136597037315
processed:1	107	0.007839605212211609
processed:1	108	0.010469120927155018
processed:1	109	0.006977034267038107
processed:1	110	0.00972429197281599
processed:1	111	0.012170027941465378
processed:1	112	0.007644919212907553
processed:1	113	0.030242696404457092
processed:1	114	0.003748701186850667
processed:1	115	0.005123320501297712
processed:1	116	0.010691811330616474
processed:1	117	0.00617172010242939
processed:1	118	0.0077344439923763275
processed:1	119	0.04477063566446304
processed:1	120	0.009628976695239544
processed:1	121	0.005181381478905678
processed:1	122	0.009592431597411633
processed:1	123	0.004056560806930065
processed:1	124	0.005370030645281076
processed:1	125	0.0011806710390374064
processed:1	126	0.0008327893447130919
processed:1	127	0.0008010509191080928
processed:1	128	0.00041736967978067696
processed:1	129	0.0017881537787616253
processed:1	130	0.0007972414023242891
processed:1	131	0.0004419289471115917
processed:1	132	7.129666482796893e-05
processed:1	133	0.006927768234163523
processed:1	134	0.0009269278380088508
processed:1	135	0.001184520311653614
processed:1	136	7.217624806798995e-05
processed:1	137	0.0003177546605002135
processed:1	138	0.0007808186346665025
processed:1	139	0.00042871490586549044
processed:1	140	0.00025161198573186994
processed:1	141	0.000735660782083869
processed:1	142	0.0012836465612053871
processed:1	143	0.0007531981682404876
processed:1	144	0.0013919735793024302
processed:1	145	0.0003695080813486129
processed:1	146	0.0008474042406305671
processed:1	147	0.00012450771464500576
processed:1	148	0.0005177672137506306
processed:1	149	0.0007690587663091719
processed:1	150	0.0005294726579450071
processed:1	151	0.0002028229064308107
processed:1	152	0.0002032315533142537
processed:1	153	0.00023264202172867954
processed:1	154	0.0014958775136619806
processed:1	155	0.0017105223378166556
processed:1	156	0.000710692023858428
processed:1	157	0.00022893803543411195
processed:1	158	0.0011884578270837665
processed:1	159	0.00032290900708176196
processed:1	160	0.0005721701891161501
processed:1	161	0.0006806986639276147
processed:1	162	0.0007322346209548414
processed:1	163	0.0009404720040038228
processed:1	164	0.0006443668971769512
processed:1	165	0.0005637097056023777
processed:1	166	0.00013072328874841332
processed:1	167	0.0003290676686447114
processed:1	168	0.0005801265360787511
processed:1	169	0.001269095460884273
processed:1	170	0.0005182777531445026
processed:1	171	0.001368664437904954
processed:1	172	0.0004858914762735367
processed:1	173	0.000652359682135284
processed:1	174	0.0005102156428620219
processed:1	175	0.00030503468587994576
processed:1	176	0.0006207961705513299
processed:1	177	0.001697310945019126
processed:1	178	0.0006701013771817088
processed:1	179	0.0007647094898857176
processed:1	180	0.0001615032961126417
processed:1	181	0.0009295518393628299
processed:1	182	0.0003646338591352105
processed:1	183	0.001010453444905579
processed:1	184	0.006333865690976381
processed:1	185	0.00404133927077055
processed:1	186	0.0006131848786026239
processed:1	187	0.0006241225055418909
processed:1	188	0.0006902144523337483
processed:1	189	0.0008373045129701495
processed:1	190	0.0005316016031429172
processed:1	191	0.005811561830341816
processed:1	192	0.0012194848386570811
processed:1	193	0.0011054413625970483
processed:1	194	0.0010647724848240614
processed:1	195	0.003445687936618924
processed:1	196	0.0008224133052863181
processed:1	197	0.00021182616183068603
processed:1	198	0.0012349067255854607
processed:1	199	0.0037021294701844454
processed:1	200	0.0029023531824350357
processed:1	201	0.0007218007231131196
processed:1	202	0.0011705841170623899
processed:1	203	0.0006713405018672347
processed:1	204	0.007987177930772305
processed:1	205	0.0007449767435900867
processed:1	206	0.0030477410182356834
processed:1	207	0.002788487123325467
processed:1	208	0.003946450538933277
processed:1	209	0.000885740271769464
processed:1	210	0.0022684691939502954
processed:1	211	0.007408938370645046
processed:1	212	0.00257032155059278
processed:1	213	0.0013990638544782996
processed:1	214	0.0004887710674665868
processed:1	215	0.004889348056167364
processed:1	216	0.000316249905154109
processed:1	217	0.0009948441293090582
processed:1	218	0.008967917412519455
processed:1	219	0.004898922983556986
processed:1	220	0.003791457274928689
processed:1	221	0.003611491061747074
processed:1	222	0.014193967916071415
processed:1	223	0.008129709400236607
processed:1	224	0.00072858965722844
processed:1	225	0.008416479453444481
processed:1	226	0.003324846038594842
processed:1	227	0.0014000962255522609
processed:1	228	0.0043370104394853115
processed:1	229	0.0013716198736801744
processed:1	230	0.0004985377890989184
processed:1	231	0.003848231630399823
processed:1	232	0.003423860529437661
processed:1	233	0.0015947273932397366
processed:1	234	0.015329758636653423
processed:1	235	0.000823496317025274
processed:1	236	0.0004953840980306268
processed:1	237	0.002085775835439563
processed:1	238	0.0012082147877663374
processed:1	239	0.003908764570951462
processed:1	240	0.003181683598086238
processed:1	241	0.004763469099998474
processed:1	242	0.0022807654459029436
processed:1	243	0.0005598608404397964
processed:1	244	0.00835072249174118
processed:1	245	0.0007046815590001643
processed:1	246	0.0004593564954120666
processed:1	247	0.0017812041332945228
processed:1	248	0.00046242878306657076
processed:1	249	0.0007762053865008056
processed:1	250	0.0017369441920891404
processed:1	251	0.003192152362316847
processed:1	252	0.0013668303145095706
processed:1	253	0.0020053640473634005
processed:1	254	0.0024843153078109026
processed:1	255	0.00039314397145062685
processed:1	256	0.0007082356605678797
processed:1	257	0.0009722742834128439
processed:1	258	0.005529448390007019
processed:1	259	0.0024770291056483984
processed:1	260	0.001043888507410884
processed:1	261	0.002502150135114789
processed:1	262	0.000499867310281843
processed:1	263	0.004631803836673498
processed:1	264	0.0008080589468590915
processed:1	265	0.00045356625923886895
processed:1	266	0.0047340476885437965
processed:1	267	0.0026577317621558905
processed:1	268	0.0034375989343971014
processed:1	269	0.015200423076748848
processed:1	270	0.006340354681015015
processed:1	271	0.0009290025336667895
processed:1	272	0.000928032910451293
processed:1	273	0.005785282701253891
processed:1	274	0.002257443265989423
processed:1	275	0.0011617644922807813
processed:1	276	0.0021268862765282393
processed:1	277	0.0009084875346161425
processed:1	278	0.003655517939478159
processed:1	279	0.000501573842484504
processed:1	280	0.0004001431807409972
processed:1	281	0.0023512979969382286
processed:1	282	0.006302282679826021
processed:1	283	0.004685723688453436
processed:1	284	0.003606686368584633
processed:1	285	0.0073127164505422115
processed:1	286	0.005713717080652714
processed:1	287	0.011990460567176342
processed:1	288	0.0009478809079155326
processed:1	289	0.0010581989772617817
processed:1	290	0.0001733613753458485
processed:1	291	0.00012201542995171621
processed:1	292	0.006151968613266945
processed:1	293	0.0006246774573810399
processed:1	294	0.0006483484758064151
processed:1	295	0.0003535560390446335
processed:1	296	0.000885765184648335
processed:1	297	0.0012839729897677898
processed:1	298	0.0017846920527517796
processed:1	299	0.0006928473012521863
processed:1	300	0.0009298428194597363
processed:1	301	0.0013738031266257167
processed:1	302	0.005125698167830706
processed:1	303	0.005563386715948582
processed:1	304	0.004433310590684414
processed:1	305	0.0004934347234666348
processed:1	306	0.0033060875721275806
processed:1	307	0.004164375364780426
processed:1	308	0.003917420282959938
processed:1	309	0.002117504132911563
processed:1	310	0.0008145400788635015
processed:1	311	0.0041772047989070415
processed:1	312	0.004249180667102337
processed:1	313	0.004739087540656328
processed:1	314	0.008688720874488354
processed:1	315	0.0063906218856573105
processed:1	316	0.0008748085238039494
processed:1	317	0.0005614924011752009
processed:1	318	0.002128059510141611
processed:1	319	0.0021886921022087336
processed:1	320	0.0016386010684072971
processed:1	321	0.00406129052862525
processed:1	322	0.0023756250739097595
processed:1	323	0.0010428557870909572
processed:1	324	0.0005362349911592901
processed:1	325	0.00028790399665012956
processed:1	326	0.002786609111353755
processed:1	327	0.0015101071912795305
processed:1	328	0.0031201315578073263
processed:1	329	0.0015939077129587531
processed:1	330	0.0009053585235960782
processed:1	331	0.0004778463626280427
processed:1	332	0.00027944607427343726
processed:1	333	0.0012282031821087003
processed:1	334	0.00028674580971710384
processed:1	335	0.0008621570887044072
processed:1	336	0.009488495998084545
processed:1	337	0.0018875082023441792
processed:1	338	0.0005019523669034243
processed:1	339	0.00023371496354229748
processed:1	340	0.00191556999925524
processed:1	341	0.00840011890977621
processed:1	342	0.001572019187733531
processed:1	343	0.0003326575388200581
processed:1	344	0.0006683694664388895
processed:1	345	0.0007112824823707342
processed:1	346	0.001468205126002431
processed:1	347	0.0005077561363577843
processed:1	348	0.0023620123974978924
processed:1	349	0.0023689959198236465
processed:1	350	0.00219987565651536
processed:1	351	0.003903321223333478
processed:1	352	0.00144106219522655
processed:1	353	0.0014188787899911404
processed:1	354	0.0013296827673912048
processed:1	355	0.001368477358482778
processed:1	356	0.00044457672629505396
processed:1	357	0.00042158333235420287
processed:1	358	0.0004174020723439753
processed:1	359	0.0006454068352468312
processed:1	360	0.000365876971045509
processed:1	361	0.0005662107141688466
processed:1	362	0.0007577697397209704
processed:1	363	0.0016376817366108298
processed:1	364	0.001921456423588097
processed:1	365	0.003211786737665534
processed:1	366	0.0004884860245510936
processed:1	367	0.004240854177623987
processed:1	368	0.0015121583128347993
processed:1	369	0.0017489234451204538
processed:1	370	0.005612114444375038
processed:1	371	0.0013953873421996832
processed:1	372	0.0010652909986674786
processed:1	373	0.005068655125796795
processed:1	374	0.0011269544484093785
processed:1	375	0.0005036198999732733
processed:1	376	0.00017449424194637686
processed:1	377	0.008714633993804455
processed:1	378	0.0010108279529958963
processed:1	379	0.0029456024058163166
processed:1	380	0.005959622096270323
processed:1	381	0.016426080837845802
processed:1	382	0.0017662158934399486
processed:1	383	0.0031359565909951925
processed:1	384	0.0011770586716011167
processed:1	385	0.00048769533168524504
processed:1	386	0.010610359720885754
processed:1	387	0.0030555310659110546
processed:1	388	0.0013904181541875005
processed:1	389	0.0021235784515738487
processed:1	390	0.0004687159671448171
processed:1	391	0.0005259559256955981
processed:1	392	0.0004240568960085511
processed:1	393	0.000459005415905267
processed:1	394	0.0013165338896214962
processed:1	395	0.0013027795357629657
processed:1	396	0.004257878754287958
processed:1	397	0.005246451124548912
processed:1	398	0.00329149910248816
processed:1	399	0.001245390623807907
processed:1	400	0.0006920119049027562
processed:1	401	0.0004084519750904292
processed:1	402	0.0010381157044321299
processed:1	403	0.00021830761397723109
processed:1	404	0.00014126242604106665
processed:1	405	0.00022959249326959252
processed:1	406	0.0007336473208852112
processed:1	407	0.0022192958276718855
processed:1	408	0.0002893331984523684
processed:1	409	0.00269860727712512
processed:1	410	0.00032770767575129867
processed:1	411	0.0003709558513946831
processed:1	412	0.0011301662307232618
processed:1	413	0.003004351630806923
processed:1	414	0.0012673771707341075
processed:1	415	0.0013807365903630853
processed:1	416	0.0005219008889980614
processed:1	417	0.02003074251115322
processed:1	418	0.0005406051059253514
processed:1	419	0.004368433728814125
processed:1	420	0.0006314995116554201
processed:1	421	0.0010319494176656008
processed:1	422	0.005050285253673792
processed:1	423	0.0023225669283419847
processed:1	424	0.0005340831121429801
processed:1	425	0.004930458497256041
processed:1	426	0.00019193610933143646
processed:1	427	0.0036239593755453825
processed:1	428	0.000324979453580454
processed:1	429	0.0009042710298672318
processed:1	430	0.007616328541189432
processed:1	431	0.0018230816349387169
processed:1	432	0.0003995953593403101
processed:1	433	0.0003572760324459523
processed:1	434	0.0009636823087930679
processed:1	435	0.0007912536384537816
processed:1	436	0.001056657638400793
processed:1	437	0.0010013420833274722
processed:1	438	0.0012123020133003592
processed:1	439	0.0009901734301820397
processed:1	440	0.0007021680357865989
processed:1	441	0.004007370676845312
processed:1	442	0.002261226996779442
processed:1	443	0.0001905628014355898
processed:1	444	0.0005345124518498778
processed:1	445	0.0003576849994715303
processed:1	446	0.0002058458048850298
processed:1	447	0.0019964028615504503
processed:1	448	0.0011402691015973687
processed:1	449	0.06969998776912689
processed:1	450	0.012189124710857868
processed:1	451	0.0023147936444729567
processed:1	452	0.0024020473938435316
processed:1	453	0.0018840876873582602
processed:1	454	0.002065744251012802
processed:1	455	0.0007199246319942176
processed:1	456	0.0015455761458724737
processed:1	457	0.001891232910566032
processed:1	458	0.0010883072391152382
processed:1	459	0.0005825534462928772
processed:1	460	0.002049587434157729
processed:1	461	0.0010539843933656812
processed:1	462	0.0018907819176092744
processed:1	463	0.0019453021232038736
processed:1	464	0.001283954014070332
processed:1	465	0.0013555235927924514
processed:1	466	0.0019365546759217978
processed:1	467	0.0005855449708178639
processed:1	468	0.0040731425397098064
processed:1	469	0.0012593150604516268
processed:1	470	0.0018816754454746842
processed:1	471	0.0008267391822300851
processed:1	472	0.0011100713163614273
processed:1	473	0.005454445723444223
processed:1	474	0.0008131593931466341
processed:1	475	0.0035118137020617723
processed:1	476	0.004679294303059578
processed:1	477	0.0014614431420341134
processed:1	478	0.000810737197753042
processed:1	479	0.0009388116304762661
processed:1	480	0.001392419682815671
processed:1	481	0.0014968450414016843
processed:1	482	0.004437441937625408
processed:1	483	0.0002452399057801813
processed:1	484	0.004866359755396843
processed:1	485	0.0007236966048367321
processed:1	486	0.021219048649072647
processed:1	487	0.000803033821284771
processed:1	488	0.0033409311436116695
processed:1	489	0.0004492726002354175
processed:1	490	0.008545797318220139
processed:1	491	0.000336530152708292
processed:1	492	0.007341290358453989
processed:1	493	0.012640532106161118
processed:1	494	0.003666249103844166
processed:1	495	0.004842292983084917
processed:1	496	0.0003781246196012944
processed:1	497	0.00014454254414886236
processed:1	498	0.0006828070036135614
processed:1	499	0.0002799092617351562
processed:1	500	0.0006608825642615557
processed:1	501	0.0022277007810771465
processed:1	502	0.00042296122410334647
processed:1	503	0.0022886828519403934
processed:1	504	0.00014959927648305893
processed:1	505	0.0006906783673912287
processed:1	506	0.0004692107904702425
processed:1	507	0.0002625122433528304
processed:1	508	0.0009773001074790955
processed:1	509	0.0005756501923315227
processed:1	510	0.00024126247444655746
processed:1	511	0.0002193098480347544
processed:1	512	0.0001614099892321974
processed:1	513	0.00014032400213181973
processed:1	514	0.00030787542345933616
processed:1	515	0.0004980831872671843
processed:1	516	0.00031391705852001905
processed:1	517	0.00021809393365401775
processed:1	518	0.000678383104968816
processed:1	519	0.003451249562203884
processed:1	520	0.001449749106541276
processed:1	521	0.0005329326377250254
processed:1	522	0.00031838114955462515
processed:1	523	0.0005461957771331072
processed:1	524	0.000966169114690274
processed:1	525	0.000553494319319725
processed:1	526	0.0005794396856799722
processed:1	527	0.00022799396538175642
processed:1	528	0.0012257829075679183
processed:1	529	0.0008986142347566783
processed:1	530	0.000698244315572083
processed:1	531	0.0013609209563583136
processed:1	532	0.004238559398800135
processed:1	533	0.0008104228763841093
processed:1	534	0.003415851853787899
processed:1	535	0.0013869722606614232
processed:1	536	0.0002877615625038743
processed:1	537	0.0009037338895723224
processed:1	538	0.004703541751950979
processed:1	539	0.002020482439547777
processed:1	540	0.0015169335529208183
processed:1	541	0.0002773423329927027
processed:1	542	0.0004068520793225616
processed:1	543	0.000249293603701517
processed:1	544	0.001331242616288364
processed:1	545	0.00584369944408536
processed:1	546	0.012862754985690117
processed:1	547	0.005317267030477524
processed:1	548	0.0011440177913755178
processed:1	549	0.0001777217403287068
processed:1	550	0.0005184292094781995
processed:1	551	0.0019393455004319549
processed:1	552	0.0007871707202866673
processed:1	553	0.0013478640466928482
processed:1	554	0.00043303705751895905
processed:1	555	0.00016970063734333962
processed:1	556	0.0002726813545450568
processed:1	557	0.0012905618641525507
processed:1	558	0.000181028779479675
processed:1	559	0.00031363885500468314
processed:1	560	0.0029213265515863895
processed:1	561	0.007860037498176098
processed:1	562	0.024284953251481056
processed:1	563	0.006479079369455576
processed:1	564	0.0003483487816993147
processed:1	565	0.0015553805278614163
processed:1	566	0.0005634860135614872
processed:1	567	0.00028546893736347556
processed:1	568	0.0009333640336990356
processed:1	569	0.0001983150141313672
processed:1	570	0.0008439834928140044
processed:1	571	0.0005219008889980614
processed:1	572	0.0001274248497793451
processed:1	573	0.0007447393727488816
processed:1	574	0.0011481773108243942
processed:1	575	0.0008486591395922005
processed:1	576	0.0002846902352757752
processed:1	577	0.0010046014795079827
processed:1	578	0.003424203721806407
processed:1	579	0.00035117368679493666
processed:1	580	0.0003389172488823533
processed:1	581	0.022621503099799156
processed:1	582	0.0010736365802586079
processed:1	583	0.00027696395409293473
processed:1	584	0.00029978464590385556
processed:1	585	7.799410377629101e-05
processed:1	586	0.00033782736863940954
processed:1	587	0.0019974273163825274
processed:1	588	0.0008603155147284269
processed:1	589	0.006627530790865421
processed:1	590	0.0006298774969764054
processed:1	591	0.0007728799246251583
processed:1	592	0.0011407634010538459
processed:1	593	0.0004897228791378438
processed:1	594	0.0008062254055403173
processed:1	595	0.0005552308866754174
processed:1	596	0.0006761259865015745
processed:1	597	0.0010266981553286314
processed:1	598	0.001176538527943194
processed:1	599	0.0008280239417217672
processed:1	600	0.0010453549912199378
processed:1	601	0.0006798380054533482
processed:1	602	0.0030049700289964676
processed:1	603	0.0002633447584230453
processed:1	604	0.0014391320291906595
processed:1	605	0.0005934365908615291
processed:1	606	0.00014136673416942358
processed:1	607	0.00033220372279174626
processed:1	608	0.00021677293989341706
processed:1	609	0.00019632036855909973
processed:1	610	0.000210634054383263
processed:1	611	0.00024054905225057155
processed:1	612	0.0010750535875558853
processed:1	613	0.0006041353335604072
processed:1	614	0.0012430233182385564
processed:1	615	0.00010020045010605827
processed:1	616	0.00032353238202631474
processed:1	617	0.001940334215760231
processed:1	618	0.0009686383418738842
processed:1	619	0.0002494693035259843
processed:1	620	0.00035563638084568083
processed:1	621	0.0003048029902856797
processed:1	622	0.0002071640337817371
processed:1	623	0.00043443890172056854
processed:1	624	0.0005355168250389397
processed:1	625	0.00026227982016280293
processed:1	626	0.0004465260135475546
processed:1	627	0.0006060930900275707
processed:1	628	0.000365980202332139
processed:1	629	0.0017011524178087711
processed:1	630	0.0020213481038808823
processed:1	631	0.00035152837517671287
processed:1	632	0.0022970964200794697
processed:1	633	0.008016944862902164
processed:1	634	0.004378258716315031
processed:1	635	0.0030946910846978426
processed:1	636	0.0012546267826110125
processed:1	637	0.0019429844105616212
processed:1	638	0.0004670608032029122
processed:1	639	0.0005794849130325019
processed:1	640	0.0004901915672235191
processed:1	641	0.0004914440214633942
processed:1	642	0.0009825610322877765
processed:1	643	0.0005478337407112122
processed:1	644	0.002950189635157585
processed:1	645	0.0004211509076412767
processed:1	646	0.00030869574402458966
processed:1	647	0.00046271647443063557
processed:1	648	0.00046629211283288896
processed:1	649	0.0006585106602869928
processed:1	650	9.680198127171025e-05
processed:1	651	5.169587166165002e-05
processed:1	652	0.0006009271601215005
processed:1	653	0.002174121793359518
processed:1	654	0.0001260947756236419
processed:1	655	0.002642361680045724
processed:1	656	0.0008475682116113603
processed:1	657	0.0030060631688684225
processed:1	658	0.0015458203852176666
processed:1	659	0.0002617387508507818
processed:1	660	0.0002687189553398639
processed:1	661	0.000288884766632691
processed:1	662	0.0002984053280670196
processed:1	663	0.0003883999597746879
processed:1	664	0.0002423753758193925
processed:1	665	0.00014290105900727212
processed:1	666	0.00036166090285405517
processed:1	667	0.002067587338387966
processed:1	668	0.00040675123455002904
processed:1	669	0.0007787380018271506
processed:1	670	0.004754805006086826
processed:1	671	0.00064826849848032
processed:1	672	0.00039510257192887366
processed:1	673	0.0007102400995790958
processed:1	674	0.0009191218996420503
processed:1	675	0.00024562273756600916
processed:1	676	0.001962800743058324
processed:1	677	0.005522603634744883
processed:1	678	0.0013889861293137074
processed:1	679	0.010976765304803848
processed:1	680	0.00023638179118279368
processed:1	681	0.0016568027203902602
processed:1	682	0.0016400690656155348
processed:1	683	0.0014106332091614604
processed:1	684	0.0013564397813752294
processed:1	685	0.0014157055411487818
processed:1	686	0.0005681316833943129
processed:1	687	0.0011685832869261503
processed:1	688	0.001679324428550899
processed:1	689	0.0010617382358759642
processed:1	690	0.0013158696237951517
processed:1	691	0.001122655114158988
processed:1	692	0.0005824407562613487
processed:1	693	0.0009427430923096836
processed:1	694	0.0012280798982828856
processed:1	695	0.0017772449646145105
processed:1	696	0.004077994730323553
processed:1	697	0.0035926157142966986
processed:1	698	0.005358792841434479
processed:1	699	0.005004642065614462
processed:1	700	0.000788646109867841
processed:1	701	0.0009728706791065633
processed:1	702	0.00047037313925102353
processed:1	703	0.0010784704936668277
processed:1	704	0.004756398033350706
processed:1	705	0.0004708854539785534
processed:1	706	0.003796619363129139
processed:1	707	0.0003066804783884436
processed:1	708	0.003047351259738207
processed:1	709	0.0008199188159778714
processed:1	710	0.0030077083501964808
processed:1	711	0.005402727052569389
processed:1	712	0.003473267424851656
processed:1	713	0.00429685739800334
processed:1	714	0.022831149399280548
processed:1	715	0.0001824067730922252
processed:1	716	0.00027557453722693026
processed:1	717	4.7833305870881304e-05
processed:1	718	0.0003093662962783128
processed:1	719	0.0008212997345253825
processed:1	720	0.0005192256649024785
processed:1	721	0.000508935481775552
processed:1	722	0.0001895657042041421
processed:1	723	0.0006003984599374235
processed:1	724	0.0002218690497102216
processed:1	725	0.00016406762006226927
processed:1	726	0.0005747965769842267
processed:1	727	0.0009310489404015243
processed:1	728	0.0003417515254113823
processed:1	729	0.00042343768291175365
processed:1	730	0.0005072326748631895
processed:1	731	0.00016998566570691764
processed:1	732	0.0004193487693555653
processed:1	733	0.0003287876315880567
processed:1	734	0.0003615888417698443
processed:1	735	0.0015113975387066603
processed:1	736	0.00022066652309149504
processed:1	737	0.0007038392941467464
processed:1	738	0.00039342083618976176
processed:1	739	0.000310933159198612
processed:1	740	0.00024594026035629213
processed:1	741	0.0010835696011781693
processed:1	742	3.933028347091749e-05
processed:1	743	0.00034057185985147953
processed:1	744	0.0003760263789445162
processed:1	745	0.0004989416338503361
processed:1	746	0.0007550486479885876
processed:1	747	0.0008797273621894419
processed:1	748	0.0016247025923803449
processed:1	749	0.0025055394507944584
processed:1	750	0.0017573225777596235
processed:1	751	0.0008973394287750125
processed:1	752	0.0006418692646548152
processed:1	753	0.0008027561125345528
processed:1	754	0.0011468174634501338
processed:1	755	0.0007051104912534356
processed:1	756	0.0015397151000797749
processed:1	757	0.003037377493456006
processed:1	758	0.004954218398779631
processed:1	759	0.0004787089128512889
processed:1	760	0.00038438645424321294
processed:1	761	0.0002028246526606381
processed:1	762	0.0005062335985712707
processed:1	763	0.0007527446723543108
processed:1	764	0.0005324220983311534
processed:1	765	0.0011654772097244859
processed:1	766	0.0004173567285761237
processed:1	767	0.0011843470856547356
processed:1	768	0.0010134121403098106
processed:1	769	0.0007437560125254095
processed:1	770	0.0013053809525445104
processed:1	771	0.00098808656912297
processed:1	772	0.0005144255119375885
processed:1	773	0.0007899634656496346
processed:1	774	5.046854857937433e-05
processed:1	775	0.0006844768649898469
processed:1	776	0.0005074171931482852
processed:1	777	0.0005905364523641765
processed:1	778	0.0008937223465181887
processed:1	779	0.00023745952057652175
processed:1	780	0.00028578483033925295
processed:1	781	0.00032183516304939985
processed:1	782	0.0009343624114990234
processed:1	783	0.0007458548061549664
processed:1	784	0.0014082178240641952
processed:1	785	0.00047587475273758173
processed:1	786	0.0011119869304820895
processed:1	787	0.002357850782573223
processed:1	788	0.0008036010549403727
processed:1	789	0.0009468875941820443
processed:1	790	0.0003975830622948706
processed:1	791	0.00027477985713630915
processed:1	792	0.00031511406996287405
processed:1	793	0.0003652226587291807
processed:1	794	0.000610095274168998
processed:1	795	4.9131012929137796e-05
processed:1	796	0.0018406370654702187
processed:1	797	0.0010416622972115874
processed:1	798	0.0013961795484647155
processed:1	799	0.0006303599802777171
processed:1	800	0.0006065625930204988
processed:1	801	0.0008731454727239907
processed:1	802	0.00030234118457883596
processed:1	803	0.0007939647766761482
processed:1	804	0.00039551901863887906
processed:1	805	0.0014160365099087358
processed:1	806	0.00024760205997154117
processed:1	807	0.0012881940929219127
processed:1	808	0.0006776319933123887
processed:1	809	0.00036681085475720465
processed:1	810	0.0014128286857157946
processed:1	811	0.0003646710538305342
processed:1	812	0.0006066137575544417
processed:1	813	0.0002633947296999395
processed:1	814	0.020357277244329453
processed:1	815	0.008182347752153873
processed:1	816	0.0003546798834577203
processed:1	817	0.0004922451917082071
processed:1	818	0.0006558132008649409
processed:1	819	6.883864989504218e-05
processed:1	820	0.00046881267917342484
processed:1	821	0.002069323556497693
processed:1	822	0.0003073334810324013
processed:1	823	0.006174581125378609
processed:1	824	6.76607305649668e-05
processed:1	825	0.0019154960755258799
processed:1	826	0.027441812679171562
processed:1	827	0.012739861384034157
processed:1	828	0.0007241401472128928
processed:1	829	0.00020240368030499667
processed:1	830	0.0013615359785035253
processed:1	831	0.03465832397341728
processed:1	832	0.009138745255768299
processed:1	833	0.006444496102631092
processed:1	834	0.0001259117852896452
processed:1	835	0.0003853313683066517
processed:1	836	0.0016667299205437303
processed:1	837	0.014910144731402397
processed:1	838	0.00012874561070930213
processed:1	839	0.013660889118909836
processed:1	840	0.0027816297952085733
processed:1	841	0.013991779647767544
processed:1	842	0.007938963361084461
processed:1	843	0.009174510836601257
processed:1	844	0.00061159732285887
processed:1	845	5.331491774995811e-05
processed:1	846	0.002555128186941147
processed:1	847	0.005123352166265249
processed:1	848	0.00778253935277462
processed:1	849	0.004120863974094391
processed:1	850	0.009751301258802414
processed:1	851	1.6259649783023633e-05
processed:1	852	0.0002843069960363209
processed:1	853	1.955141306098085e-05
processed:1	854	0.004888211842626333
processed:1	855	0.005969865247607231
processed:1	856	0.034921810030937195
processed:1	857	0.002015825593844056
processed:1	858	0.023703455924987793
processed:1	859	0.01249856036156416
processed:1	860	0.011504380032420158
processed:1	861	0.009642454795539379
processed:1	862	0.0053720613941550255
processed:1	863	0.01634248159825802
processed:1	864	0.006283702794462442
processed:1	865	0.00047911336878314614
processed:1	866	0.011187396012246609
processed:1	867	0.003209246089681983
processed:1	868	0.00022774278477299958
processed:1	869	0.003939238842576742
processed:1	870	0.0065817758440971375
processed:1	871	0.003822153666988015
processed:1	872	0.00461417343467474
processed:1	873	0.004239797126501799
processed:1	874	0.0009170317207463086
processed:1	875	0.0007332020904868841
processed:1	876	0.00135874655097723
processed:1	877	0.001610400271601975
processed:1	878	0.0006419906858354807
processed:1	879	3.836460746242665e-05
processed:1	880	0.001057743327692151
processed:1	881	0.0029346351511776447
processed:1	882	0.0008005400304682553
processed:1	883	0.003563782200217247
processed:1	884	0.001912579289637506
processed:1	885	0.0003950012905988842
processed:1	886	0.0004162438272032887
processed:1	887	0.0027557399589568377
processed:1	888	0.018285494297742844
processed:1	889	0.010517874732613564
processed:1	890	0.00021164667850825936
processed:1	891	0.009299647994339466
processed:1	892	0.011812369339168072
processed:1	893	0.006325453519821167
processed:1	894	0.0043280771933496
processed:1	895	0.009189985692501068
processed:1	896	5.715504812542349e-05
processed:1	897	0.0015627548564225435
processed:1	898	0.00011342079233145341
processed:1	899	0.00044605316361412406
processed:1	900	0.006019614636898041
processed:1	901	0.0018150891410186887
processed:1	902	2.2946403987589292e-05
processed:1	903	0.0007662796415388584
processed:1	904	0.003998993895947933
processed:1	905	0.0019129124702885747
processed:1	906	0.0032760172616690397
processed:1	907	0.0010240921983495355
processed:1	908	0.00013944566308055073
processed:1	909	0.0003717416257131845
processed:1	910	0.0013101259246468544
processed:1	911	0.010096371173858643
processed:1	912	0.008201311342418194
processed:1	913	0.0004381518519949168
processed:1	914	0.007473821751773357
processed:1	915	0.009021473117172718
processed:1	916	0.003500118851661682
processed:1	917	0.0038428197149187326
processed:1	918	0.00039475850644521415
processed:2	0	0.0034978012554347515
processed:2	1	0.003443600842729211
processed:2	2	0.004757218062877655
processed:2	3	0.006346564274281263
processed:2	4	0.01217451598495245
processed:2	5	0.008442397229373455
processed:2	6	0.005778545048087835
processed:2	7	0.007471678778529167
processed:2	8	0.005652919411659241
processed:2	9	0.009384775534272194
processed:2	10	0.009774806909263134
processed:2	11	0.006828273646533489
processed:2	12	0.008322599343955517
processed:2	13	0.008824211545288563
processed:2	14	0.002800407586619258
processed:2	15	0.0037852167151868343
processed:2	16	0.002414929447695613
processed:2	17	0.002929371315985918
processed:2	18	0.005016475450247526
processed:2	19	0.008762377314269543
processed:2	20	0.005627289414405823
processed:2	21	0.006671126466244459
processed:2	22	0.009802677668631077
processed:2	23	0.009744175709784031
processed:2	24	0.005786132998764515
processed:2	25	0.006765010766685009
processed:2	26	0.010883575305342674
processed:2	27	0.014615202322602272
processed:2	28	0.004188953898847103
processed:2	29	0.019218243658542633
processed:2	30	0.006995426956564188
processed:2	31	0.00369678670540452
processed:2	32	0.009646308608353138
processed:2	33	0.0050332616083323956
processed:2	34	0.004422926343977451
processed:2	35	0.004598822444677353
processed:2	36	0.006906500086188316
processed:2	37	0.009091117419302464
processed:2	38	0.0057108597829937935
processed:2	39	0.006150446832180023
processed:2	40	0.006600171327590942
processed:2	41	0.007491542492061853
processed:2	42	0.007981830276548862
processed:2	43	0.0065966458059847355
processed:2	44	0.006637571379542351
processed:2	45	0.009243692271411419
processed:2	46	0.010803823359310627
processed:2	47	0.006854764185845852
processed:2	48	0.009383618831634521
processed:2	49	0.009883774444460869
processed:2	50	0.02711091935634613
processed:2	51	0.010557474568486214
processed:2	52	0.01938655599951744
processed:2	53	0.02117285132408142
processed:2	54	0.015212482772767544
processed:2	55	0.01531528402119875
processed:2	56	0.013401780277490616
processed:2	57	0.02343258261680603
processed:2	58	0.018845142796635628
processed:2	59	0.014486788772046566
processed:2	60	0.0038832351565361023
processed:2	61	0.017666388303041458
processed:2	62	0.020347509533166885
processed:2	63	0.011268549598753452
processed:2	64	0.011954270303249359
processed:2	65	0.012262661010026932
processed:2	66	0.02670375443994999
processed:2	67	0.01714158244431019
processed:2	68	0.01926475018262863
processed:2	69	0.023105237632989883
processed:2	70	0.00858971569687128
processed:2	71	0.010965440422296524
processed:2	72	0.007192204240709543
processed:2	73	0.008322536945343018
processed:2	74	0.008110246621072292
processed:2	75	0.006550438702106476
processed:2	76	0.008108068257570267
processed:2	77	0.009027144871652126
processed:2	78	0.009487111121416092
processed:2	79	0.012419292703270912
processed:2	80	0.014814937487244606
processed:2	81	0.009404807351529598
processed:2	82	0.00703866221010685
processed:2	83	0.00894568394869566
processed:2	84	0.007125823758542538
processed:2	85	0.008852741681039333
processed:2	86	0.016663266345858574
processed:2	87	0.007017262279987335
processed:2	88	0.001708118594251573
processed:2	89	0.003572317771613598
processed:2	90	0.0025018109008669853
processed:2	91	0.0021444978192448616
processed:2	92	0.0031606624834239483
processed:2	93	0.002396831288933754
processed:2	94	0.0029870576690882444
processed:2	95	0.002344847423955798
processed:2	96	0.007654862944036722
processed:2	97	0.0017614823300391436
processed:2	98	0.009253247641026974
processed:2	99	0.007398747839033604
processed:2	100	0.008792421780526638
processed:2	101	0.010401028208434582
processed:2	102	0.0070633734576404095
processed:2	103	0.0016748839989304543
processed:2	104	0.012278901413083076
processed:2	105	0.005921633448451757
processed:2	106	0.020477136597037315
processed:2	107	0.007839605212211609
processed:2	108	0.010469120927155018
processed:2	109	0.006977034267038107
processed:2	110	0.00972429197281599
processed:2	111	0.012170027941465378
processed:2	112	0.007644919212907553
processed:2	113	0.030242696404457092
processed:2	114	0.003748701186850667
processed:2	115	0.005123320501297712
processed:2	116	0.010691811330616474
processed:2	117	0.00617172010242939
processed:2	118	0.0077344439923763275
processed:2	119	0.04477063566446304
processed:2	120	0.009628976695239544
processed:2	121	0.005181381478905678
processed:2	122	0.009592431597411633
processed:2	123	0.004056560806930065
processed:2	124	0.005370030645281076
processed:2	125	0.0011806710390374064
processed:2	126	0.0008327893447130919
processed:2	127	0.0008010509191080928
processed:2	128	0.00041736967978067696
processed:2	129	0.0017881537787616253
processed:2	130	0.0007972414023242891
processed:2	131	0.0004419289471115917
processed:2	132	7.129666482796893e-05
processed:2	133	0.006927768234163523
processed:2	134	0.0009269278380088508
processed:2	135	0.001184520311653614
processed:2	136	7.217624806798995e-05
processed:2	137	0.0003177546605002135
processed:2	138	0.0007808186346665025
processed:2	139	0.00042871490586549044
processed:2	140	0.00025161198573186994
processed:2	141	0.000735660782083869
processed:2	142	0.0012836465612053871
processed:2	143	0.0007531981682404876
processed:2	144	0.0013919735793024302
processed:2	145	0.0003695080813486129
processed:2	146	0.0008474042406305671
processed:2	147	0.00012450771464500576
processed:2	148	0.0005177672137506306
processed:2	149	0.0007690587663091719
processed:2	150	0.0005294726579450071
processed:2	151	0.0002028229064308107
processed:2	152	0.0002032315533142537
processed:2	153	0.00023264202172867954
processed:2	154	0.0014958775136619806
processed:2	155	0.0017105223378166556
processed:2	156	0.000710692023858428
processed:2	157	0.00022893803543411195
processed:2	158	0.0011884578270837665
processed:2	159	0.00032290900708176196
processed:2	160	0.0005721701891161501
processed:2	161	0.0006806986639276147
processed:2	162	0.0007322346209548414
processed:2	163	0.0009404720040038228
processed:2	164	0.0006443668971769512
processed:2	165	0.0005637097056023777
processed:2	166	0.00013072328874841332
processed:2	167	0.0003290676686447114
processed:2	168	0.0005801265360787511
processed:2	169	0.001269095460884273
processed:2	170	0.0005182777531445026
processed:2	171	0.001368664437904954
processed:2	172	0.0004858914762735367
processed:2	173	0.000652359682135284
processed:2	174	0.0005102156428620219
processed:2	175	0.00030503468587994576
processed:2	176	0.0006207961705513299
processed:2	177	0.001697310945019126
processed:2	178	0.0006701013771817088
processed:2	179	0.0007647094898857176
processed:2	180	0.0001615032961126417
processed:2	181	0.0009295518393628299
processed:2	182	0.0003646338591352105
processed:2	183	0.001010453444905579
processed:2	184	0.006333865690976381
processed:2	185	0.00404133927077055
processed:2	186	0.0006131848786026239
processed:2	187	0.0006241225055418909
processed:2	188	0.0006902144523337483
processed:2	189	0.0008373045129701495
processed:2	190	0.0005316016031429172
processed:2	191	0.005811561830341816
processed:2	192	0.0012194848386570811
processed:2	193	0.0011054413625970483
processed:2	194	0.0010647724848240614
processed:2	195	0.003445687936618924
processed:2	196	0.0008224133052863181
processed:2	197	0.00021182616183068603
processed:2	198	0.0012349067255854607
processed:2	199	0.0037021294701844454
processed:2	200	0.0029023531824350357
processed:2	201	0.0007218007231131196
processed:2	202	0.0011705841170623899
processed:2	203	0.0006713405018672347
processed:2	204	0.007987177930772305
processed:2	205	0.0007449767435900867
processed:2	206	0.0030477410182356834
processed:2	207	0.002788487123325467
processed:2	208	0.003946450538933277
processed:2	209	0.000885740271769464
processed:2	210	0.0022684691939502954
processed:2	211	0.007408938370645046
processed:2	212	0.00257032155059278
processed:2	213	0.0013990638544782996
processed:2	214	0.0004887710674665868
processed:2	215	0.004889348056167364
processed:2	216	0.000316249905154109
processed:2	217	0.0009948441293090582
processed:2	218	0.008967917412519455
processed:2	219	0.004898922983556986
processed:2	220	0.003791457274928689
processed:2	221	0.003611491061747074
processed:2	222	0.014193967916071415
processed:2	223	0.008129709400236607
processed:2	224	0.00072858965722844
processed:2	225	0.008416479453444481
processed:2	226	0.003324846038594842
processed:2	227	0.0014000962255522609
processed:2	228	0.0043370104394853115
processed:2	229	0.0013716198736801744
processed:2	230	0.0004985377890989184
processed:2	231	0.003848231630399823
processed:2	232	0.003423860529437661
processed:2	233	0.0015947273932397366
processed:2	234	0.015329758636653423
processed:2	235	0.000823496317025274
processed:2	236	0.0004953840980306268
processed:2	237	0.002085775835439563
processed:2	238	0.0012082147877663374
processed:2	239	0.003908764570951462
processed:2	240	0.003181683598086238
processed:2	241	0.004763469099998474
processed:2	242	0.0022807654459029436
processed:2	243	0.0005598608404397964
processed:2	244	0.00835072249174118
processed:2	245	0.0007046815590001643
processed:2	246	0.0004593564954120666
processed:2	247	0.0017812041332945228
processed:2	248	0.00046242878306657076
processed:2	249	0.0007762053865008056
processed:2	250	0.0017369441920891404
processed:2	251	0.003192152362316847
processed:2	252	0.0013668303145095706
processed:2	253	0.0020053640473634005
processed:2	254	0.0024843153078109026
processed:2	255	0.00039314397145062685
processed:2	256	0.0007082356605678797
processed:2	257	0.0009722742834128439
processed:2	258	0.005529448390007019
processed:2	259	0.0024770291056483984
processed:2	260	0.001043888507410884
processed:2	261	0.002502150135114789
processed:2	262	0.000499867310281843
processed:2	263	0.004631803836673498
processed:2	264	0.0008080589468590915
processed:2	265	0.00045356625923886895
processed:2	266	0.0047340476885437965
processed:2	267	0.0026577317621558905
processed:2	268	0.0034375989343971014
processed:2	269	0.015200423076748848
processed:2	270	0.006340354681015015
processed:2	271	0.0009290025336667895
processed:2	272	0.000928032910451293
processed:2	273	0.005785282701253891
processed:2	274	0.002257443265989423
processed:2	275	0.0011617644922807813
processed:2	276	0.0021268862765282393
processed:2	277	0.0009084875346161425
processed:2	278	0.003655517939478159
processed:2	279	0.000501573842484504
processed:2	280	0.0004001431807409972
processed:2	281	0.0023512979969382286
processed:2	282	0.006302282679826021
processed:2	283	0.004685723688453436
processed:2	284	0.003606686368584633
processed:2	285	0.0073127164505422115
processed:2	286	0.005713717080652714
processed:2	287	0.011990460567176342
processed:2	288	0.0009478809079155326
processed:2	289	0.0010581989772617817
processed:2	290	0.0001733613753458485
processed:2	291	0.00012201542995171621
processed:2	292	0.006151968613266945
processed:2	293	0.0006246774573810399
processed:2	294	0.0006483484758064151
processed:2	295	0.0003535560390446335
processed:2	296	0.000885765184648335
processed:2	297	0.0012839729897677898
processed:2	298	0.0017846920527517796
processed:2	299	0.0006928473012521863
processed:2	300	0.0009298428194597363
processed:2	301	0.0013738031266257167
processed:2	302	0.005125698167830706
processed:2	303	0.005563386715948582
processed:2	304	0.004433310590684414
processed:2	305	0.0004934347234666348
processed:2	306	0.0033060875721275806
processed:2	307	0.004164375364780426
processed:2	308	0.003917420282959938
processed:2	309	0.002117504132911563
processed:2	310	0.0008145400788635015
processed:2	311	0.0041772047989070415
processed:2	312	0.004249180667102337
processed:2	313	0.004739087540656328
processed:2	314	0.008688720874488354
processed:2	315	0.0063906218856573105
processed:2	316	0.0008748085238039494
processed:2	317	0.0005614924011752009
processed:2	318	0.002128059510141611
processed:2	319	0.0021886921022087336
processed:2	320	0.0016386010684072971
processed:2	321	0.00406129052862525
processed:2	322	0.0023756250739097595
processed:2	323	0.0010428557870909572
processed:2	324	0.0005362349911592901
processed:2	325	0.00028790399665012956
processed:2	326	0.002786609111353755
processed:2	327	0.0015101071912795305
processed:2	328	0.0031201315578073263
processed:2	329	0.0015939077129587531
processed:2	330	0.0009053585235960782
processed:2	331	0.0004778463626280427
processed:2	332	0.00027944607427343726
processed:2	333	0.0012282031821087003
processed:2	334	0.00028674580971710384
processed:2	335	0.0008621570887044072
processed:2	336	0.009488495998084545
processed:2	337	0.0018875082023441792
processed:2	338	0.0005019523669034243
processed:2	339	0.00023371496354229748
processed:2	340	0.00191556999925524
processed:2	341	0.00840011890977621
processed:2	342	0.001572019187733531
processed:2	343	0.0003326575388200581
processed:2	344	0.0006683694664388895
processed:2	345	0.0007112824823707342
processed:2	346	0.001468205126002431
processed:2	347	0.0005077561363577843
processed:2	348	0.0023620123974978924
processed:2	349	0.0023689959198236465
processed:2	350	0.00219987565651536
processed:2	351	0.003903321223333478
processed:2	352	0.00144106219522655
processed:2	353	0.0014188787899911404
processed:2	354	0.0013296827673912048
processed:2	355	0.001368477358482778
processed:2	356	0.00044457672629505396
processed:2	357	0.00042158333235420287
processed:2	358	0.0004174020723439753
processed:2	359	0.0006454068352468312
processed:2	360	0.000365876971045509
processed:2	361	0.0005662107141688466
processed:2	362	0.0007577697397209704
processed:2	363	0.0016376817366108298
processed:2	364	0.001921456423588097
processed:2	365	0.003211786737665534
processed:2	366	0.0004884860245510936
processed:2	367	0.004240854177623987
processed:2	368	0.0015121583128347993
processed:2	369	0.0017489234451204538
processed:2	370	0.005612114444375038
processed:2	371	0.0013953873421996832
processed:2	372	0.0010652909986674786
processed:2	373	0.005068655125796795
processed:2	374	0.0011269544484093785
processed:2	375	0.0005036198999732733
processed:2	376	0.00017449424194637686
processed:2	377	0.008714633993804455
processed:2	378	0.0010108279529958963
processed:2	379	0.0029456024058163166
processed:2	380	0.005959622096270323
processed:2	381	0.016426080837845802
processed:2	382	0.0017662158934399486
processed:2	383	0.0031359565909951925
processed:2	384	0.0011770586716011167
processed:2	385	0.00048769533168524504
processed:2	386	0.010610359720885754
processed:2	387	0.0030555310659110546
processed:2	388	0.0013904181541875005
processed:2	389	0.0021235784515738487
processed:2	390	0.0004687159671448171
processed:2	391	0.0005259559256955981
processed:2	392	0.0004240568960085511
processed:2	393	0.000459005415905267
processed:2	394	0.0013165338896214962
processed:2	395	0.0013027795357629657
processed:2	396	0.004257878754287958
processed:2	397	0.005246451124548912
processed:2	398	0.00329149910248816
processed:2	399	0.001245390623807907
processed:2	400	0.0006920119049027562
processed:2	401	0.0004084519750904292
processed:2	402	0.0010381157044321299
processed:2	403	0.00021830761397723109
processed:2	404	0.00014126242604106665
processed:2	405	0.00022959249326959252
processed:2	406	0.0007336473208852112
processed:2	407	0.0022192958276718855
processed:2	408	0.0002893331984523684
processed:2	409	0.00269860727712512
processed:2	410	0.00032770767575129867
processed:2	411	0.0003709558513946831
processed:2	412	0.0011301662307232618
processed:2	413	0.003004351630806923
processed:2	414	0.0012673771707341075
processed:2	415	0.0013807365903630853
processed:2	416	0.0005219008889980614
processed:2	417	0.02003074251115322
processed:2	418	0.0005406051059253514
processed:2	419	0.004368433728814125
processed:2	420	0.0006314995116554201
processed:2	421	0.0010319494176656008
processed:2	422	0.005050285253673792
processed:2	423	0.0023225669283419847
processed:2	424	0.0005340831121429801
processed:2	425	0.004930458497256041
processed:2	426	0.00019193610933143646
processed:2	427	0.0036239593755453825
processed:2	428	0.000324979453580454
processed:2	429	0.0009042710298672318
processed:2	430	0.007616328541189432
processed:2	431	0.0018230816349387169
processed:2	432	0.0003995953593403101
processed:2	433	0.0003572760324459523
processed:2	434	0.0009636823087930679
processed:2	435	0.0007912536384537816
processed:2	436	0.001056657638400793
processed:2	437	0.0010013420833274722
processed:2	438	0.0012123020133003592
processed:2	439	0.0009901734301820397
processed:2	440	0.0007021680357865989
processed:2	441	0.004007370676845312
processed:2	442	0.002261226996779442
processed:2	443	0.0001905628014355898
processed:2	444	0.0005345124518498778
processed:2	445	0.0003576849994715303
processed:2	446	0.0002058458048850298
processed:2	447	0.0019964028615504503
processed:2	448	0.0011402691015973687
processed:2	449	0.06969998776912689
processed:2	450	0.012189124710857868
processed:2	451	0.0023147936444729567
processed:2	452	0.0024020473938435316
processed:2	453	0.0018840876873582602
processed:2	454	0.002065744251012802
processed:2	455	0.0007199246319942176
processed:2	456	0.0015455761458724737
processed:2	457	0.001891232910566032
processed:2	458	0.0010883072391152382
processed:2	459	0.0005825534462928772
processed:2	460	0.002049587434157729
processed:2	461	0.0010539843933656812
processed:2	462	0.0018907819176092744
processed:2	463	0.0019453021232038736
processed:2	464	0.001283954014070332
processed:2	465	0.0013555235927924514
processed:2	466	0.0019365546759217978
processed:2	467	0.0005855449708178639
processed:2	468	0.0040731425397098064
processed:2	469	0.0012593150604516268
processed:2	470	0.0018816754454746842
processed:2	471	0.0008267391822300851
processed:2	472	0.0011100713163614273
processed:2	473	0.005454445723444223
processed:2	474	0.0008131593931466341
processed:2	475	0.0035118137020617723
processed:2	476	0.004679294303059578
processed:2	477	0.0014614431420341134
processed:2	478	0.000810737197753042
processed:2	479	0.0009388116304762661
processed:2	480	0.001392419682815671
processed:2	481	0.0014968450414016843
processed:2	482	0.004437441937625408
processed:2	483	0.0002452399057801813
processed:2	484	0.004866359755396843
processed:2	485	0.0007236966048367321
processed:2	486	0.021219048649072647
processed:2	487	0.000803033821284771
processed:2	488	0.0033409311436116695
processed:2	489	0.0004492726002354175
processed:2	490	0.008545797318220139
processed:2	491	0.000336530152708292
processed:2	492	0.007341290358453989
processed:2	493	0.012640532106161118
processed:2	494	0.003666249103844166
processed:2	495	0.004842292983084917
processed:2	496	0.0003781246196012944
processed:2	497	0.00014454254414886236
processed:2	498	0.0006828070036135614
processed:2	499	0.0002799092617351562
processed:2	500	0.0006608825642615557
processed:2	501	0.0022277007810771465
processed:2	502	0.00042296122410334647
processed:2	503	0.0022886828519403934
processed:2	504	0.00014959927648305893
processed:2	505	0.0006906783673912287
processed:2	506	0.0004692107904702425
processed:2	507	0.0002625122433528304
processed:2	508	0.0009773001074790955
processed:2	509	0.0005756501923315227
processed:2	510	0.00024126247444655746
processed:2	511	0.0002193098480347544
processed:2	512	0.0001614099892321974
processed:2	513	0.00014032400213181973
processed:2	514	0.00030787542345933616
processed:2	515	0.0004980831872671843
processed:2	516	0.00031391705852001905
processed:2	517	0.00021809393365401775
processed:2	518	0.000678383104968816
processed:2	519	0.003451249562203884
processed:2	520	0.001449749106541276
processed:2	521	0.0005329326377250254
processed:2	522	0.00031838114955462515
processed:2	523	0.0005461957771331072
processed:2	524	0.000966169114690274
processed:2	525	0.000553494319319725
processed:2	526	0.0005794396856799722
processed:2	527	0.00022799396538175642
processed:2	528	0.0012257829075679183
processed:2	529	0.0008986142347566783
processed:2	530	0.000698244315572083
processed:2	531	0.0013609209563583136
processed:2	532	0.004238559398800135
processed:2	533	0.0008104228763841093
processed:2	534	0.003415851853787899
processed:2	535	0.0013869722606614232
processed:2	536	0.0002877615625038743
processed:2	537	0.0009037338895723224
processed:2	538	0.004703541751950979
processed:2	539	0.002020482439547777
processed:2	540	0.0015169335529208183
processed:2	541	0.0002773423329927027
processed:2	542	0.0004068520793225616
processed:2	543	0.000249293603701517
processed:2	544	0.001331242616288364
processed:2	545	0.00584369944408536
processed:2	546	0.012862754985690117
processed:2	547	0.005317267030477524
processed:2	548	0.0011440177913755178
processed:2	549	0.0001777217403287068
processed:2	550	0.0005184292094781995
processed:2	551	0.0019393455004319549
processed:2	552	0.0007871707202866673
processed:2	553	0.0013478640466928482
processed:2	554	0.00043303705751895905
processed:2	555	0.00016970063734333962
processed:2	556	0.0002726813545450568
processed:2	557	0.0012905618641525507
processed:2	558	0.000181028779479675
processed:2	559	0.00031363885500468314
processed:2	560	0.0029213265515863895
processed:2	561	0.007860037498176098
processed:2	562	0.024284953251481056
processed:2	563	0.006479079369455576
processed:2	564	0.0003483487816993147
processed:2	565	0.0015553805278614163
processed:2	566	0.0005634860135614872
processed:2	567	0.00028546893736347556
processed:2	568	0.0009333640336990356
processed:2	569	0.0001983150141313672
processed:2	570	0.0008439834928140044
processed:2	571	0.0005219008889980614
processed:2	572	0.0001274248497793451
processed:2	573	0.0007447393727488816
processed:2	574	0.0011481773108243942
processed:2	575	0.0008486591395922005
processed:2	576	0.0002846902352757752
processed:2	577	0.0010046014795079827
processed:2	578	0.003424203721806407
processed:2	579	0.00035117368679493666
processed:2	580	0.0003389172488823533
processed:2	581	0.022621503099799156
processed:2	582	0.0010736365802586079
processed:2	583	0.00027696395409293473
processed:2	584	0.00029978464590385556
processed:2	585	7.799410377629101e-05
processed:2	586	0.00033782736863940954
processed:2	587	0.0019974273163825274
processed:2	588	0.0008603155147284269
processed:2	589	0.006627530790865421
processed:2	590	0.0006298774969764054
processed:2	591	0.0007728799246251583
processed:2	592	0.0011407634010538459
processed:2	593	0.0004897228791378438
processed:2	594	0.0008062254055403173
processed:2	595	0.0005552308866754174
processed:2	596	0.0006761259865015745
processed:2	597	0.0010266981553286314
processed:2	598	0.001176538527943194
processed:2	599	0.0008280239417217672
processed:2	600	0.0010453549912199378
processed:2	601	0.0006798380054533482
processed:2	602	0.0030049700289964676
processed:2	603	0.0002633447584230453
processed:2	604	0.0014391320291906595
processed:2	605	0.0005934365908615291
processed:2	606	0.00014136673416942358
processed:2	607	0.00033220372279174626
processed:2	608	0.00021677293989341706
processed:2	609	0.00019632036855909973
processed:2	610	0.000210634054383263
processed:2	611	0.00024054905225057155
processed:2	612	0.0010750535875558853
processed:2	613	0.0006041353335604072
processed:2	614	0.0012430233182385564
processed:2	615	0.00010020045010605827
processed:2	616	0.00032353238202631474
processed:2	617	0.001940334215760231
processed:2	618	0.0009686383418738842
processed:2	619	0.0002494693035259843
processed:2	620	0.00035563638084568083
processed:2	621	0.0003048029902856797
processed:2	622	0.0002071640337817371
processed:2	623	0.00043443890172056854
processed:2	624	0.0005355168250389397
processed:2	625	0.00026227982016280293
processed:2	626	0.0004465260135475546
processed:2	627	0.0006060930900275707
processed:2	628	0.000365980202332139
processed:2	629	0.0017011524178087711
processed:2	630	0.0020213481038808823
processed:2	631	0.00035152837517671287
processed:2	632	0.0022970964200794697
processed:2	633	0.008016944862902164
processed:2	634	0.004378258716315031
processed:2	635	0.0030946910846978426
processed:2	636	0.0012546267826110125
processed:2	637	0.0019429844105616212
processed:2	638	0.0004670608032029122
processed:2	639	0.0005794849130325019
processed:2	640	0.0004901915672235191
processed:2	641	0.0004914440214633942
processed:2	642	0.0009825610322877765
processed:2	643	0.0005478337407112122
processed:2	644	0.002950189635157585
processed:2	645	0.0004211509076412767
processed:2	646	0.00030869574402458966
processed:2	647	0.00046271647443063557
processed:2	648	0.00046629211283288896
processed:2	649	0.0006585106602869928
processed:2	650	9.680198127171025e-05
processed:2	651	5.169587166165002e-05
processed:2	652	0.0006009271601215005
processed:2	653	0.002174121793359518
processed:2	654	0.0001260947756236419
processed:2	655	0.002642361680045724
processed:2	656	0.0008475682116113603
processed:2	657	0.0030060631688684225
processed:2	658	0.0015458203852176666
processed:2	659	0.0002617387508507818
processed:2	660	0.0002687189553398639
processed:2	661	0.000288884766632691
processed:2	662	0.0002984053280670196
processed:2	663	0.0003883999597746879
processed:2	664	0.0002423753758193925
processed:2	665	0.00014290105900727212
processed:2	666	0.00036166090285405517
processed:2	667	0.002067587338387966
processed:2	668	0.00040675123455002904
processed:2	669	0.0007787380018271506
processed:2	670	0.004754805006086826
processed:2	671	0.00064826849848032
processed:2	672	0.00039510257192887366
processed:2	673	0.0007102400995790958
processed:2	674	0.0009191218996420503
processed:2	675	0.00024562273756600916
processed:2	676	0.001962800743058324
processed:2	677	0.005522603634744883
processed:2	678	0.0013889861293137074
processed:2	679	0.010976765304803848
processed:2	680	0.00023638179118279368
processed:2	681	0.0016568027203902602
processed:2	682	0.0016400690656155348
processed:2	683	0.0014106332091614604
processed:2	684	0.0013564397813752294
processed:2	685	0.0014157055411487818
processed:2	686	0.0005681316833943129
processed:2	687	0.0011685832869261503
processed:2	688	0.001679324428550899
processed:2	689	0.0010617382358759642
processed:2	690	0.0013158696237951517
processed:2	691	0.001122655114158988
processed:2	692	0.0005824407562613487
processed:2	693	0.0009427430923096836
processed:2	694	0.0012280798982828856
processed:2	695	0.0017772449646145105
processed:2	696	0.004077994730323553
processed:2	697	0.0035926157142966986
processed:2	698	0.005358792841434479
processed:2	699	0.005004642065614462
processed:2	700	0.000788646109867841
processed:2	701	0.0009728706791065633
processed:2	702	0.00047037313925102353
processed:2	703	0.0010784704936668277
processed:2	704	0.004756398033350706
processed:2	705	0.0004708854539785534
processed:2	706	0.003796619363129139
processed:2	707	0.0003066804783884436
processed:2	708	0.003047351259738207
processed:2	709	0.0008199188159778714
processed:2	710	0.0030077083501964808
processed:2	711	0.005402727052569389
processed:2	712	0.003473267424851656
processed:2	713	0.00429685739800334
processed:2	714	0.022831149399280548
processed:2	715	0.0001824067730922252
processed:2	716	0.00027557453722693026
processed:2	717	4.7833305870881304e-05
processed:2	718	0.0003093662962783128
processed:2	719	0.0008212997345253825
processed:2	720	0.0005192256649024785
processed:2	721	0.000508935481775552
processed:2	722	0.0001895657042041421
processed:2	723	0.0006003984599374235
processed:2	724	0.0002218690497102216
processed:2	725	0.00016406762006226927
processed:2	726	0.0005747965769842267
processed:2	727	0.0009310489404015243
processed:2	728	0.0003417515254113823
processed:2	729	0.00042343768291175365
processed:2	730	0.0005072326748631895
processed:2	731	0.00016998566570691764
processed:2	732	0.0004193487693555653
processed:2	733	0.0003287876315880567
processed:2	734	0.0003615888417698443
processed:2	735	0.0015113975387066603
processed:2	736	0.00022066652309149504
processed:2	737	0.0007038392941467464
processed:2	738	0.00039342083618976176
processed:2	739	0.000310933159198612
processed:2	740	0.00024594026035629213
processed:2	741	0.0010835696011781693
processed:2	742	3.933028347091749e-05
processed:2	743	0.00034057185985147953
processed:2	744	0.0003760263789445162
processed:2	745	0.0004989416338503361
processed:2	746	0.0007550486479885876
processed:2	747	0.0008797273621894419
processed:2	748	0.0016247025923803449
processed:2	749	0.0025055394507944584
processed:2	750	0.0017573225777596235
processed:2	751	0.0008973394287750125
processed:2	752	0.0006418692646548152
processed:2	753	0.0008027561125345528
processed:2	754	0.0011468174634501338
processed:2	755	0.0007051104912534356
processed:2	756	0.0015397151000797749
processed:2	757	0.003037377493456006
processed:2	758	0.004954218398779631
processed:2	759	0.0004787089128512889
processed:2	760	0.00038438645424321294
processed:2	761	0.0002028246526606381
processed:2	762	0.0005062335985712707
processed:2	763	0.0007527446723543108
processed:2	764	0.0005324220983311534
processed:2	765	0.0011654772097244859
processed:2	766	0.0004173567285761237
processed:2	767	0.0011843470856547356
processed:2	768	0.0010134121403098106
processed:2	769	0.0007437560125254095
processed:2	770	0.0013053809525445104
processed:2	771	0.00098808656912297
processed:2	772	0.0005144255119375885
processed:2	773	0.0007899634656496346
processed:2	774	5.046854857937433e-05
processed:2	775	0.0006844768649898469
processed:2	776	0.0005074171931482852
processed:2	777	0.0005905364523641765
processed:2	778	0.0008937223465181887
processed:2	779	0.00023745952057652175
processed:2	780	0.00028578483033925295
processed:2	781	0.00032183516304939985
processed:2	782	0.0009343624114990234
processed:2	783	0.0007458548061549664
processed:2	784	0.0014082178240641952
processed:2	785	0.00047587475273758173
processed:2	786	0.0011119869304820895
processed:2	787	0.002357850782573223
processed:2	788	0.0008036010549403727
processed:2	789	0.0009468875941820443
processed:2	790	0.0003975830622948706
processed:2	791	0.00027477985713630915
processed:2	792	0.00031511406996287405
processed:2	793	0.0003652226587291807
processed:2	794	0.000610095274168998
processed:2	795	4.9131012929137796e-05
processed:2	796	0.0018406370654702187
processed:2	797	0.0010416622972115874
processed:2	798	0.0013961795484647155
processed:2	799	0.0006303599802777171
processed:2	800	0.0006065625930204988
processed:2	801	0.0008731454727239907
processed:2	802	0.00030234118457883596
processed:2	803	0.0007939647766761482
processed:2	804	0.00039551901863887906
processed:2	805	0.0014160365099087358
processed:2	806	0.00024760205997154117
processed:2	807	0.0012881940929219127
processed:2	808	0.0006776319933123887
processed:2	809	0.00036681085475720465
processed:2	810	0.0014128286857157946
processed:2	811	0.0003646710538305342
processed:2	812	0.0006066137575544417
processed:2	813	0.0002633947296999395
processed:2	814	0.020357277244329453
processed:2	815	0.008182347752153873
processed:2	816	0.0003546798834577203
processed:2	817	0.0004922451917082071
processed:2	818	0.0006558132008649409
processed:2	819	6.883864989504218e-05
processed:2	820	0.00046881267917342484
processed:2	821	0.002069323556497693
processed:2	822	0.0003073334810324013
processed:2	823	0.006174581125378609
processed:2	824	6.76607305649668e-05
processed:2	825	0.0019154960755258799
processed:2	826	0.027441812679171562
processed:2	827	0.012739861384034157
processed:2	828	0.0007241401472128928
processed:2	829	0.00020240368030499667
processed:2	830	0.0013615359785035253
processed:2	831	0.03465832397341728
processed:2	832	0.009138745255768299
processed:2	833	0.006444496102631092
processed:2	834	0.0001259117852896452
processed:2	835	0.0003853313683066517
processed:2	836	0.0016667299205437303
processed:2	837	0.014910144731402397
processed:2	838	0.00012874561070930213
processed:2	839	0.013660889118909836
processed:2	840	0.0027816297952085733
processed:2	841	0.013991779647767544
processed:2	842	0.007938963361084461
processed:2	843	0.009174510836601257
processed:2	844	0.00061159732285887
processed:2	845	5.331491774995811e-05
processed:2	846	0.002555128186941147
processed:2	847	0.005123352166265249
processed:2	848	0.00778253935277462
processed:2	849	0.004120863974094391
processed:2	850	0.009751301258802414
processed:2	851	1.6259649783023633e-05
processed:2	852	0.0002843069960363209
processed:2	853	1.955141306098085e-05
processed:2	854	0.004888211842626333
processed:2	855	0.005969865247607231
processed:2	856	0.034921810030937195
processed:2	857	0.002015825593844056
processed:2	858	0.023703455924987793
processed:2	859	0.01249856036156416
processed:2	860	0.011504380032420158
processed:2	861	0.009642454795539379
processed:2	862	0.0053720613941550255
processed:2	863	0.01634248159825802
processed:2	864	0.006283702794462442
processed:2	865	0.00047911336878314614
processed:2	866	0.011187396012246609
processed:2	867	0.003209246089681983
processed:2	868	0.00022774278477299958
processed:2	869	0.003939238842576742
processed:2	870	0.0065817758440971375
processed:2	871	0.003822153666988015
processed:2	872	0.00461417343467474
processed:2	873	0.004239797126501799
processed:2	874	0.0009170317207463086
processed:2	875	0.0007332020904868841
processed:2	876	0.00135874655097723
processed:2	877	0.001610400271601975
processed:2	878	0.0006419906858354807
processed:2	879	3.836460746242665e-05
processed:2	880	0.001057743327692151
processed:2	881	0.0029346351511776447
processed:2	882	0.0008005400304682553
processed:2	883	0.003563782200217247
processed:2	884	0.001912579289637506
processed:2	885	0.0003950012905988842
processed:2	886	0.0004162438272032887
processed:2	887	0.0027557399589568377
processed:2	888	0.018285494297742844
processed:2	889	0.010517874732613564
processed:2	890	0.00021164667850825936
processed:2	891	0.009299647994339466
processed:2	892	0.011812369339168072
processed:2	893	0.006325453519821167
processed:2	894	0.0043280771933496
processed:2	895	0.009189985692501068
processed:2	896	5.715504812542349e-05
processed:2	897	0.0015627548564225435
processed:2	898	0.00011342079233145341
processed:2	899	0.00044605316361412406
processed:2	900	0.006019614636898041
processed:2	901	0.0018150891410186887
processed:2	902	2.2946403987589292e-05
processed:2	903	0.0007662796415388584
processed:2	904	0.003998993895947933
processed:2	905	0.0019129124702885747
processed:2	906	0.0032760172616690397
processed:2	907	0.0010240921983495355
processed:2	908	0.00013944566308055073
processed:2	909	0.0003717416257131845
processed:2	910	0.0013101259246468544
processed:2	911	0.010096371173858643
processed:2	912	0.008201311342418194
processed:2	913	0.0004381518519949168
processed:2	914	0.007473821751773357
processed:2	915	0.009021473117172718
processed:2	916	0.003500118851661682
processed:2	917	0.0038428197149187326
processed:2	918	0.00039475850644521415
processed:3	0	0.0034978012554347515
processed:3	1	0.003443600842729211
processed:3	2	0.004757218062877655
processed:3	3	0.006346564274281263
processed:3	4	0.01217451598495245
processed:3	5	0.008442397229373455
processed:3	6	0.005778545048087835
processed:3	7	0.007471678778529167
processed:3	8	0.005652919411659241
processed:3	9	0.009384775534272194
processed:3	10	0.009774806909263134
processed:3	11	0.006828273646533489
processed:3	12	0.008322599343955517
processed:3	13	0.008824211545288563
processed:3	14	0.002800407586619258
processed:3	15	0.0037852167151868343
processed:3	16	0.002414929447695613
processed:3	17	0.002929371315985918
processed:3	18	0.005016475450247526
processed:3	19	0.008762377314269543
processed:3	20	0.005627289414405823
processed:3	21	0.006671126466244459
processed:3	22	0.009802677668631077
processed:3	23	0.009744175709784031
processed:3	24	0.005786132998764515
processed:3	25	0.006765010766685009
processed:3	26	0.010883575305342674
processed:3	27	0.014615202322602272
processed:3	28	0.004188953898847103
processed:3	29	0.019218243658542633
processed:3	30	0.006995426956564188
processed:3	31	0.00369678670540452
processed:3	32	0.009646308608353138
processed:3	33	0.0050332616083323956
processed:3	34	0.004422926343977451
processed:3	35	0.004598822444677353
processed:3	36	0.006906500086188316
processed:3	37	0.009091117419302464
processed:3	38	0.0057108597829937935
processed:3	39	0.006150446832180023
processed:3	40	0.006600171327590942
processed:3	41	0.007491542492061853
processed:3	42	0.007981830276548862
processed:3	43	0.0065966458059847355
processed:3	44	0.006637571379542351
processed:3	45	0.009243692271411419
processed:3	46	0.010803823359310627
processed:3	47	0.006854764185845852
processed:3	48	0.009383618831634521
processed:3	49	0.009883774444460869
processed:3	50	0.02711091935634613
processed:3	51	0.010557474568486214
processed:3	52	0.01938655599951744
processed:3	53	0.02117285132408142
processed:3	54	0.015212482772767544
processed:3	55	0.01531528402119875
processed:3	56	0.013401780277490616
processed:3	57	0.02343258261680603
processed:3	58	0.018845142796635628
processed:3	59	0.014486788772046566
processed:3	60	0.0038832351565361023
processed:3	61	0.017666388303041458
processed:3	62	0.020347509533166885
processed:3	63	0.011268549598753452
processed:3	64	0.011954270303249359
processed:3	65	0.012262661010026932
processed:3	66	0.02670375443994999
processed:3	67	0.01714158244431019
processed:3	68	0.01926475018262863
processed:3	69	0.023105237632989883
processed:3	70	0.00858971569687128
processed:3	71	0.010965440422296524
processed:3	72	0.007192204240709543
processed:3	73	0.008322536945343018
processed:3	74	0.008110246621072292
processed:3	75	0.006550438702106476
processed:3	76	0.008108068257570267
processed:3	77	0.009027144871652126
processed:3	78	0.009487111121416092
processed:3	79	0.012419292703270912
processed:3	80	0.014814937487244606
processed:3	81	0.009404807351529598
processed:3	82	0.00703866221010685
processed:3	83	0.00894568394869566
processed:3	84	0.007125823758542538
processed:3	85	0.008852741681039333
processed:3	86	0.016663266345858574
processed:3	87	0.007017262279987335
processed:3	88	0.001708118594251573
processed:3	89	0.003572317771613598
processed:3	90	0.0025018109008669853
processed:3	91	0.0021444978192448616
processed:3	92	0.0031606624834239483
processed:3	93	0.002396831288933754
processed:3	94	0.0029870576690882444
processed:3	95	0.002344847423955798
processed:3	96	0.007654862944036722
processed:3	97	0.0017614823300391436
processed:3	98	0.009253247641026974
processed:3	99	0.007398747839033604
processed:3	100	0.008792421780526638
processed:3	101	0.010401028208434582
processed:3	102	0.0070633734576404095
processed:3	103	0.0016748839989304543
processed:3	104	0.012278901413083076
processed:3	105	0.005921633448451757
processed:3	106	0.020477136597037315
processed:3	107	0.007839605212211609
processed:3	108	0.010469120927155018
processed:3	109	0.006977034267038107
processed:3	110	0.00972429197281599
processed:3	111	0.012170027941465378
processed:3	112	0.007644919212907553
processed:3	113	0.030242696404457092
processed:3	114	0.003748701186850667
processed:3	115	0.005123320501297712
processed:3	116	0.010691811330616474
processed:3	117	0.00617172010242939
processed:3	118	0.0077344439923763275
processed:3	119	0.04477063566446304
processed:3	120	0.009628976695239544
processed:3	121	0.005181381478905678
processed:3	122	0.009592431597411633
processed:3	123	0.004056560806930065
processed:3	124	0.005370030645281076
processed:3	125	0.0011806710390374064
processed:3	126	0.0008327893447130919
processed:3	127	0.0008010509191080928
processed:3	128	0.00041736967978067696
processed:3	129	0.0017881537787616253
processed:3	130	0.0007972414023242891
processed:3	131	0.0004419289471115917
processed:3	132	7.129666482796893e-05
processed:3	133	0.006927768234163523
processed:3	134	0.0009269278380088508
processed:3	135	0.001184520311653614
processed:3	136	7.217624806798995e-05
processed:3	137	0.0003177546605002135
processed:3	138	0.0007808186346665025
processed:3	139	0.00042871490586549044
processed:3	140	0.00025161198573186994
processed:3	141	0.000735660782083869
processed:3	142	0.0012836465612053871
processed:3	143	0.0007531981682404876
processed:3	144	0.0013919735793024302
processed:3	145	0.0003695080813486129
processed:3	146	0.0008474042406305671
processed:3	147	0.00012450771464500576
processed:3	148	0.0005177672137506306
processed:3	149	0.0007690587663091719
processed:3	150	0.0005294726579450071
processed:3	151	0.0002028229064308107
processed:3	152	0.0002032315533142537
processed:3	153	0.00023264202172867954
processed:3	154	0.0014958775136619806
processed:3	155	0.0017105223378166556
processed:3	156	0.000710692023858428
processed:3	157	0.00022893803543411195
processed:3	158	0.0011884578270837665
processed:3	159	0.00032290900708176196
processed:3	160	0.0005721701891161501
processed:3	161	0.0006806986639276147
processed:3	162	0.0007322346209548414
processed:3	163	0.0009404720040038228
processed:3	164	0.0006443668971769512
processed:3	165	0.0005637097056023777
processed:3	166	0.00013072328874841332
processed:3	167	0.0003290676686447114
processed:3	168	0.0005801265360787511
processed:3	169	0.001269095460884273
processed:3	170	0.0005182777531445026
processed:3	171	0.001368664437904954
processed:3	172	0.0004858914762735367
processed:3	173	0.000652359682135284
processed:3	174	0.0005102156428620219
processed:3	175	0.00030503468587994576
processed:3	176	0.0006207961705513299
processed:3	177	0.001697310945019126
processed:3	178	0.0006701013771817088
processed:3	179	0.0007647094898857176
processed:3	180	0.0001615032961126417
processed:3	181	0.0009295518393628299
processed:3	182	0.0003646338591352105
processed:3	183	0.001010453444905579
processed:3	184	0.006333865690976381
processed:3	185	0.00404133927077055
processed:3	186	0.0006131848786026239
processed:3	187	0.0006241225055418909
processed:3	188	0.0006902144523337483
processed:3	189	0.0008373045129701495
processed:3	190	0.0005316016031429172
processed:3	191	0.005811561830341816
processed:3	192	0.0012194848386570811
processed:3	193	0.0011054413625970483
processed:3	194	0.0010647724848240614
processed:3	195	0.003445687936618924
processed:3	196	0.0008224133052863181
processed:3	197	0.00021182616183068603
processed:3	198	0.0012349067255854607
processed:3	199	0.0037021294701844454
processed:3	200	0.0029023531824350357
processed:3	201	0.0007218007231131196
processed:3	202	0.0011705841170623899
processed:3	203	0.0006713405018672347
processed:3	204	0.007987177930772305
processed:3	205	0.0007449767435900867
processed:3	206	0.0030477410182356834
processed:3	207	0.002788487123325467
processed:3	208	0.003946450538933277
processed:3	209	0.000885740271769464
processed:3	210	0.0022684691939502954
processed:3	211	0.007408938370645046
processed:3	212	0.00257032155059278
processed:3	213	0.0013990638544782996
processed:3	214	0.0004887710674665868
processed:3	215	0.004889348056167364
processed:3	216	0.000316249905154109
processed:3	217	0.0009948441293090582
processed:3	218	0.008967917412519455
processed:3	219	0.004898922983556986
processed:3	220	0.003791457274928689
processed:3	221	0.003611491061747074
processed:3	222	0.014193967916071415
processed:3	223	0.008129709400236607
processed:3	224	0.00072858965722844
processed:3	225	0.008416479453444481
processed:3	226	0.003324846038594842
processed:3	227	0.0014000962255522609
processed:3	228	0.0043370104394853115
processed:3	229	0.0013716198736801744
processed:3	230	0.0004985377890989184
processed:3	231	0.003848231630399823
processed:3	232	0.003423860529437661
processed:3	233	0.0015947273932397366
processed:3	234	0.015329758636653423
processed:3	235	0.000823496317025274
processed:3	236	0.0004953840980306268
processed:3	237	0.002085775835439563
processed:3	238	0.0012082147877663374
processed:3	239	0.003908764570951462
processed:3	240	0.003181683598086238
processed:3	241	0.004763469099998474
processed:3	242	0.0022807654459029436
processed:3	243	0.0005598608404397964
processed:3	244	0.00835072249174118
processed:3	245	0.0007046815590001643
processed:3	246	0.0004593564954120666
processed:3	247	0.0017812041332945228
processed:3	248	0.00046242878306657076
processed:3	249	0.0007762053865008056
processed:3	250	0.0017369441920891404
processed:3	251	0.003192152362316847
processed:3	252	0.0013668303145095706
processed:3	253	0.0020053640473634005
processed:3	254	0.0024843153078109026
processed:3	255	0.00039314397145062685
processed:3	256	0.0007082356605678797
processed:3	257	0.0009722742834128439
processed:3	258	0.005529448390007019
processed:3	259	0.0024770291056483984
processed:3	260	0.001043888507410884
processed:3	261	0.002502150135114789
processed:3	262	0.000499867310281843
processed:3	263	0.004631803836673498
processed:3	264	0.0008080589468590915
processed:3	265	0.00045356625923886895
processed:3	266	0.0047340476885437965
processed:3	267	0.0026577317621558905
processed:3	268	0.0034375989343971014
processed:3	269	0.015200423076748848
processed:3	270	0.006340354681015015
processed:3	271	0.0009290025336667895
processed:3	272	0.000928032910451293
processed:3	273	0.005785282701253891
processed:3	274	0.002257443265989423
processed:3	275	0.0011617644922807813
processed:3	276	0.0021268862765282393
processed:3	277	0.0009084875346161425
processed:3	278	0.003655517939478159
processed:3	279	0.000501573842484504
processed:3	280	0.0004001431807409972
processed:3	281	0.0023512979969382286
processed:3	282	0.006302282679826021
processed:3	283	0.004685723688453436
processed:3	284	0.003606686368584633
processed:3	285	0.0073127164505422115
processed:3	286	0.005713717080652714
processed:3	287	0.011990460567176342
processed:3	288	0.0009478809079155326
processed:3	289	0.0010581989772617817
processed:3	290	0.0001733613753458485
processed:3	291	0.00012201542995171621
processed:3	292	0.006151968613266945
processed:3	293	0.0006246774573810399
processed:3	294	0.0006483484758064151
processed:3	295	0.0003535560390446335
processed:3	296	0.000885765184648335
processed:3	297	0.0012839729897677898
processed:3	298	0.0017846920527517796
processed:3	299	0.0006928473012521863
processed:3	300	0.0009298428194597363
processed:3	301	0.0013738031266257167
processed:3	302	0.005125698167830706
processed:3	303	0.005563386715948582
processed:3	304	0.004433310590684414
processed:3	305	0.0004934347234666348
processed:3	306	0.0033060875721275806
processed:3	307	0.004164375364780426
processed:3	308	0.003917420282959938
processed:3	309	0.002117504132911563
processed:3	310	0.0008145400788635015
processed:3	311	0.0041772047989070415
processed:3	312	0.004249180667102337
processed:3	313	0.004739087540656328
processed:3	314	0.008688720874488354
processed:3	315	0.0063906218856573105
processed:3	316	0.0008748085238039494
processed:3	317	0.0005614924011752009
processed:3	318	0.002128059510141611
processed:3	319	0.0021886921022087336
processed:3	320	0.0016386010684072971
processed:3	321	0.00406129052862525
processed:3	322	0.0023756250739097595
processed:3	323	0.0010428557870909572
processed:3	324	0.0005362349911592901
processed:3	325	0.00028790399665012956
processed:3	326	0.002786609111353755
processed:3	327	0.0015101071912795305
processed:3	328	0.0031201315578073263
processed:3	329	0.0015939077129587531
processed:3	330	0.0009053585235960782
processed:3	331	0.0004778463626280427
processed:3	332	0.00027944607427343726
processed:3	333	0.0012282031821087003
processed:3	334	0.00028674580971710384
processed:3	335	0.0008621570887044072
processed:3	336	0.009488495998084545
processed:3	337	0.0018875082023441792
processed:3	338	0.0005019523669034243
processed:3	339	0.00023371496354229748
processed:3	340	0.00191556999925524
processed:3	341	0.00840011890977621
processed:3	342	0.001572019187733531
processed:3	343	0.0003326575388200581
processed:3	344	0.0006683694664388895
processed:3	345	0.0007112824823707342
processed:3	346	0.001468205126002431
processed:3	347	0.0005077561363577843
processed:3	348	0.0023620123974978924
processed:3	349	0.0023689959198236465
processed:3	350	0.00219987565651536
processed:3	351	0.003903321223333478
processed:3	352	0.00144106219522655
processed:3	353	0.0014188787899911404
processed:3	354	0.0013296827673912048
processed:3	355	0.001368477358482778
processed:3	356	0.00044457672629505396
processed:3	357	0.00042158333235420287
processed:3	358	0.0004174020723439753
processed:3	359	0.0006454068352468312
processed:3	360	0.000365876971045509
processed:3	361	0.0005662107141688466
processed:3	362	0.0007577697397209704
processed:3	363	0.0016376817366108298
processed:3	364	0.001921456423588097
processed:3	365	0.003211786737665534
processed:3	366	0.0004884860245510936
processed:3	367	0.004240854177623987
processed:3	368	0.0015121583128347993
processed:3	369	0.0017489234451204538
processed:3	370	0.005612114444375038
processed:3	371	0.0013953873421996832
processed:3	372	0.0010652909986674786
processed:3	373	0.005068655125796795
processed:3	374	0.0011269544484093785
processed:3	375	0.0005036198999732733
processed:3	376	0.00017449424194637686
processed:3	377	0.008714633993804455
processed:3	378	0.0010108279529958963
processed:3	379	0.0029456024058163166
processed:3	380	0.005959622096270323
processed:3	381	0.016426080837845802
processed:3	382	0.0017662158934399486
processed:3	383	0.0031359565909951925
processed:3	384	0.0011770586716011167
processed:3	385	0.00048769533168524504
processed:3	386	0.010610359720885754
processed:3	387	0.0030555310659110546
processed:3	388	0.0013904181541875005
processed:3	389	0.0021235784515738487
processed:3	390	0.0004687159671448171
processed:3	391	0.0005259559256955981
processed:3	392	0.0004240568960085511
processed:3	393	0.000459005415905267
processed:3	394	0.0013165338896214962
processed:3	395	0.0013027795357629657
processed:3	396	0.004257878754287958
processed:3	397	0.005246451124548912
processed:3	398	0.00329149910248816
processed:3	399	0.001245390623807907
processed:3	400	0.0006920119049027562
processed:3	401	0.0004084519750904292
processed:3	402	0.0010381157044321299
processed:3	403	0.00021830761397723109
processed:3	404	0.00014126242604106665
processed:3	405	0.00022959249326959252
processed:3	406	0.0007336473208852112
processed:3	407	0.0022192958276718855
processed:3	408	0.0002893331984523684
processed:3	409	0.00269860727712512
processed:3	410	0.00032770767575129867
processed:3	411	0.0003709558513946831
processed:3	412	0.0011301662307232618
processed:3	413	0.003004351630806923
processed:3	414	0.0012673771707341075
processed:3	415	0.0013807365903630853
processed:3	416	0.0005219008889980614
processed:3	417	0.02003074251115322
processed:3	418	0.0005406051059253514
processed:3	419	0.004368433728814125
processed:3	420	0.0006314995116554201
processed:3	421	0.0010319494176656008
processed:3	422	0.005050285253673792
processed:3	423	0.0023225669283419847
processed:3	424	0.0005340831121429801
processed:3	425	0.004930458497256041
processed:3	426	0.00019193610933143646
processed:3	427	0.0036239593755453825
processed:3	428	0.000324979453580454
processed:3	429	0.0009042710298672318
processed:3	430	0.007616328541189432
processed:3	431	0.0018230816349387169
processed:3	432	0.0003995953593403101
processed:3	433	0.0003572760324459523
processed:3	434	0.0009636823087930679
processed:3	435	0.0007912536384537816
processed:3	436	0.001056657638400793
processed:3	437	0.0010013420833274722
processed:3	438	0.0012123020133003592
processed:3	439	0.0009901734301820397
processed:3	440	0.0007021680357865989
processed:3	441	0.004007370676845312
processed:3	442	0.002261226996779442
processed:3	443	0.0001905628014355898
processed:3	444	0.0005345124518498778
processed:3	445	0.0003576849994715303
processed:3	446	0.0002058458048850298
processed:3	447	0.0019964028615504503
processed:3	448	0.0011402691015973687
processed:3	449	0.06969998776912689
processed:3	450	0.012189124710857868
processed:3	451	0.0023147936444729567
processed:3	452	0.0024020473938435316
processed:3	453	0.0018840876873582602
processed:3	454	0.002065744251012802
processed:3	455	0.0007199246319942176
processed:3	456	0.0015455761458724737
processed:3	457	0.001891232910566032
processed:3	458	0.0010883072391152382
processed:3	459	0.0005825534462928772
processed:3	460	0.002049587434157729
processed:3	461	0.0010539843933656812
processed:3	462	0.0018907819176092744
processed:3	463	0.0019453021232038736
processed:3	464	0.001283954014070332
processed:3	465	0.0013555235927924514
processed:3	466	0.0019365546759217978
processed:3	467	0.0005855449708178639
processed:3	468	0.0040731425397098064
processed:3	469	0.0012593150604516268
processed:3	470	0.0018816754454746842
processed:3	471	0.0008267391822300851
processed:3	472	0.0011100713163614273
processed:3	473	0.005454445723444223
processed:3	474	0.0008131593931466341
processed:3	475	0.0035118137020617723
processed:3	476	0.004679294303059578
processed:3	477	0.0014614431420341134
processed:3	478	0.000810737197753042
processed:3	479	0.0009388116304762661
processed:3	480	0.001392419682815671
processed:3	481	0.0014968450414016843
processed:3	482	0.004437441937625408
processed:3	483	0.0002452399057801813
processed:3	484	0.004866359755396843
processed:3	485	0.0007236966048367321
processed:3	486	0.021219048649072647
processed:3	487	0.000803033821284771
processed:3	488	0.0033409311436116695
processed:3	489	0.0004492726002354175
processed:3	490	0.008545797318220139
processed:3	491	0.000336530152708292
processed:3	492	0.007341290358453989
processed:3	493	0.012640532106161118
processed:3	494	0.003666249103844166
processed:3	495	0.004842292983084917
processed:3	496	0.0003781246196012944
processed:3	497	0.00014454254414886236
processed:3	498	0.0006828070036135614
processed:3	499	0.0002799092617351562
processed:3	500	0.0006608825642615557
processed:3	501	0.0022277007810771465
processed:3	502	0.00042296122410334647
processed:3	503	0.0022886828519403934
processed:3	504	0.00014959927648305893
processed:3	505	0.0006906783673912287
processed:3	506	0.0004692107904702425
processed:3	507	0.0002625122433528304
processed:3	508	0.0009773001074790955
processed:3	509	0.0005756501923315227
processed:3	510	0.00024126247444655746
processed:3	511	0.0002193098480347544
processed:3	512	0.0001614099892321974
processed:3	513	0.00014032400213181973
processed:3	514	0.00030787542345933616
processed:3	515	0.0004980831872671843
processed:3	516	0.00031391705852001905
processed:3	517	0.00021809393365401775
processed:3	518	0.000678383104968816
processed:3	519	0.003451249562203884
processed:3	520	0.001449749106541276
processed:3	521	0.0005329326377250254
processed:3	522	0.00031838114955462515
processed:3	523	0.0005461957771331072
processed:3	524	0.000966169114690274
processed:3	525	0.000553494319319725
processed:3	526	0.0005794396856799722
processed:3	527	0.00022799396538175642
processed:3	528	0.0012257829075679183
processed:3	529	0.0008986142347566783
processed:3	530	0.000698244315572083
processed:3	531	0.0013609209563583136
processed:3	532	0.004238559398800135
processed:3	533	0.0008104228763841093
processed:3	534	0.003415851853787899
processed:3	535	0.0013869722606614232
processed:3	536	0.0002877615625038743
processed:3	537	0.0009037338895723224
processed:3	538	0.004703541751950979
processed:3	539	0.002020482439547777
processed:3	540	0.0015169335529208183
processed:3	541	0.0002773423329927027
processed:3	542	0.0004068520793225616
processed:3	543	0.000249293603701517
processed:3	544	0.001331242616288364
processed:3	545	0.00584369944408536
processed:3	546	0.012862754985690117
processed:3	547	0.005317267030477524
processed:3	548	0.0011440177913755178
processed:3	549	0.0001777217403287068
processed:3	550	0.0005184292094781995
processed:3	551	0.0019393455004319549
processed:3	552	0.0007871707202866673
processed:3	553	0.0013478640466928482
processed:3	554	0.00043303705751895905
processed:3	555	0.00016970063734333962
processed:3	556	0.0002726813545450568
processed:3	557	0.0012905618641525507
processed:3	558	0.000181028779479675
processed:3	559	0.00031363885500468314
processed:3	560	0.0029213265515863895
processed:3	561	0.007860037498176098
processed:3	562	0.024284953251481056
processed:3	563	0.006479079369455576
processed:3	564	0.0003483487816993147
processed:3	565	0.0015553805278614163
processed:3	566	0.0005634860135614872
processed:3	567	0.00028546893736347556
processed:3	568	0.0009333640336990356
processed:3	569	0.0001983150141313672
processed:3	570	0.0008439834928140044
processed:3	571	0.0005219008889980614
processed:3	572	0.0001274248497793451
processed:3	573	0.0007447393727488816
processed:3	574	0.0011481773108243942
processed:3	575	0.0008486591395922005
processed:3	576	0.0002846902352757752
processed:3	577	0.0010046014795079827
processed:3	578	0.003424203721806407
processed:3	579	0.00035117368679493666
processed:3	580	0.0003389172488823533
processed:3	581	0.022621503099799156
processed:3	582	0.0010736365802586079
processed:3	583	0.00027696395409293473
processed:3	584	0.00029978464590385556
processed:3	585	7.799410377629101e-05
processed:3	586	0.00033782736863940954
processed:3	587	0.0019974273163825274
processed:3	588	0.0008603155147284269
processed:3	589	0.006627530790865421
processed:3	590	0.0006298774969764054
processed:3	591	0.0007728799246251583
processed:3	592	0.0011407634010538459
processed:3	593	0.0004897228791378438
processed:3	594	0.0008062254055403173
processed:3	595	0.0005552308866754174
processed:3	596	0.0006761259865015745
processed:3	597	0.0010266981553286314
processed:3	598	0.001176538527943194
processed:3	599	0.0008280239417217672
processed:3	600	0.0010453549912199378
processed:3	601	0.0006798380054533482
processed:3	602	0.0030049700289964676
processed:3	603	0.0002633447584230453
processed:3	604	0.0014391320291906595
processed:3	605	0.0005934365908615291
processed:3	606	0.00014136673416942358
processed:3	607	0.00033220372279174626
processed:3	608	0.00021677293989341706
processed:3	609	0.00019632036855909973
processed:3	610	0.000210634054383263
processed:3	611	0.00024054905225057155
processed:3	612	0.0010750535875558853
processed:3	613	0.0006041353335604072
processed:3	614	0.0012430233182385564
processed:3	615	0.00010020045010605827
processed:3	616	0.00032353238202631474
processed:3	617	0.001940334215760231
processed:3	618	0.0009686383418738842
processed:3	619	0.0002494693035259843
processed:3	620	0.00035563638084568083
processed:3	621	0.0003048029902856797
processed:3	622	0.0002071640337817371
processed:3	623	0.00043443890172056854
processed:3	624	0.0005355168250389397
processed:3	625	0.00026227982016280293
processed:3	626	0.0004465260135475546
processed:3	627	0.0006060930900275707
processed:3	628	0.000365980202332139
processed:3	629	0.0017011524178087711
processed:3	630	0.0020213481038808823
processed:3	631	0.00035152837517671287
processed:3	632	0.0022970964200794697
processed:3	633	0.008016944862902164
processed:3	634	0.004378258716315031
processed:3	635	0.0030946910846978426
processed:3	636	0.0012546267826110125
processed:3	637	0.0019429844105616212
processed:3	638	0.0004670608032029122
processed:3	639	0.0005794849130325019
processed:3	640	0.0004901915672235191
processed:3	641	0.0004914440214633942
processed:3	642	0.0009825610322877765
processed:3	643	0.0005478337407112122
processed:3	644	0.002950189635157585
processed:3	645	0.0004211509076412767
processed:3	646	0.00030869574402458966
processed:3	647	0.00046271647443063557
processed:3	648	0.00046629211283288896
processed:3	649	0.0006585106602869928
processed:3	650	9.680198127171025e-05
processed:3	651	5.169587166165002e-05
processed:3	652	0.0006009271601215005
processed:3	653	0.002174121793359518
processed:3	654	0.0001260947756236419
processed:3	655	0.002642361680045724
processed:3	656	0.0008475682116113603
processed:3	657	0.0030060631688684225
processed:3	658	0.0015458203852176666
processed:3	659	0.0002617387508507818
processed:3	660	0.0002687189553398639
processed:3	661	0.000288884766632691
processed:3	662	0.0002984053280670196
processed:3	663	0.0003883999597746879
processed:3	664	0.0002423753758193925
processed:3	665	0.00014290105900727212
processed:3	666	0.00036166090285405517
processed:3	667	0.002067587338387966
processed:3	668	0.00040675123455002904
processed:3	669	0.0007787380018271506
processed:3	670	0.004754805006086826
processed:3	671	0.00064826849848032
processed:3	672	0.00039510257192887366
processed:3	673	0.0007102400995790958
processed:3	674	0.0009191218996420503
processed:3	675	0.00024562273756600916
processed:3	676	0.001962800743058324
processed:3	677	0.005522603634744883
processed:3	678	0.0013889861293137074
processed:3	679	0.010976765304803848
processed:3	680	0.00023638179118279368
processed:3	681	0.0016568027203902602
processed:3	682	0.0016400690656155348
processed:3	683	0.0014106332091614604
processed:3	684	0.0013564397813752294
processed:3	685	0.0014157055411487818
processed:3	686	0.0005681316833943129
processed:3	687	0.0011685832869261503
processed:3	688	0.001679324428550899
processed:3	689	0.0010617382358759642
processed:3	690	0.0013158696237951517
processed:3	691	0.001122655114158988
processed:3	692	0.0005824407562613487
processed:3	693	0.0009427430923096836
processed:3	694	0.0012280798982828856
processed:3	695	0.0017772449646145105
processed:3	696	0.004077994730323553
processed:3	697	0.0035926157142966986
processed:3	698	0.005358792841434479
processed:3	699	0.005004642065614462
processed:3	700	0.000788646109867841
processed:3	701	0.0009728706791065633
processed:3	702	0.00047037313925102353
processed:3	703	0.0010784704936668277
processed:3	704	0.004756398033350706
processed:3	705	0.0004708854539785534
processed:3	706	0.003796619363129139
processed:3	707	0.0003066804783884436
processed:3	708	0.003047351259738207
processed:3	709	0.0008199188159778714
processed:3	710	0.0030077083501964808
processed:3	711	0.005402727052569389
processed:3	712	0.003473267424851656
processed:3	713	0.00429685739800334
processed:3	714	0.022831149399280548
processed:3	715	0.0001824067730922252
processed:3	716	0.00027557453722693026
processed:3	717	4.7833305870881304e-05
processed:3	718	0.0003093662962783128
processed:3	719	0.0008212997345253825
processed:3	720	0.0005192256649024785
processed:3	721	0.000508935481775552
processed:3	722	0.0001895657042041421
processed:3	723	0.0006003984599374235
processed:3	724	0.0002218690497102216
processed:3	725	0.00016406762006226927
processed:3	726	0.0005747965769842267
processed:3	727	0.0009310489404015243
processed:3	728	0.0003417515254113823
processed:3	729	0.00042343768291175365
processed:3	730	0.0005072326748631895
processed:3	731	0.00016998566570691764
processed:3	732	0.0004193487693555653
processed:3	733	0.0003287876315880567
processed:3	734	0.0003615888417698443
processed:3	735	0.0015113975387066603
processed:3	736	0.00022066652309149504
processed:3	737	0.0007038392941467464
processed:3	738	0.00039342083618976176
processed:3	739	0.000310933159198612
processed:3	740	0.00024594026035629213
processed:3	741	0.0010835696011781693
processed:3	742	3.933028347091749e-05
processed:3	743	0.00034057185985147953
processed:3	744	0.0003760263789445162
processed:3	745	0.0004989416338503361
processed:3	746	0.0007550486479885876
processed:3	747	0.0008797273621894419
processed:3	748	0.0016247025923803449
processed:3	749	0.0025055394507944584
processed:3	750	0.0017573225777596235
processed:3	751	0.0008973394287750125
processed:3	752	0.0006418692646548152
processed:3	753	0.0008027561125345528
processed:3	754	0.0011468174634501338
processed:3	755	0.0007051104912534356
processed:3	756	0.0015397151000797749
processed:3	757	0.003037377493456006
processed:3	758	0.004954218398779631
processed:3	759	0.0004787089128512889
processed:3	760	0.00038438645424321294
processed:3	761	0.0002028246526606381
processed:3	762	0.0005062335985712707
processed:3	763	0.0007527446723543108
processed:3	764	0.0005324220983311534
processed:3	765	0.0011654772097244859
processed:3	766	0.0004173567285761237
processed:3	767	0.0011843470856547356
processed:3	768	0.0010134121403098106
processed:3	769	0.0007437560125254095
processed:3	770	0.0013053809525445104
processed:3	771	0.00098808656912297
processed:3	772	0.0005144255119375885
processed:3	773	0.0007899634656496346
processed:3	774	5.046854857937433e-05
processed:3	775	0.0006844768649898469
processed:3	776	0.0005074171931482852
processed:3	777	0.0005905364523641765
processed:3	778	0.0008937223465181887
processed:3	779	0.00023745952057652175
processed:3	780	0.00028578483033925295
processed:3	781	0.00032183516304939985
processed:3	782	0.0009343624114990234
processed:3	783	0.0007458548061549664
processed:3	784	0.0014082178240641952
processed:3	785	0.00047587475273758173
processed:3	786	0.0011119869304820895
processed:3	787	0.002357850782573223
processed:3	788	0.0008036010549403727
processed:3	789	0.0009468875941820443
processed:3	790	0.0003975830622948706
processed:3	791	0.00027477985713630915
processed:3	792	0.00031511406996287405
processed:3	793	0.0003652226587291807
processed:3	794	0.000610095274168998
processed:3	795	4.9131012929137796e-05
processed:3	796	0.0018406370654702187
processed:3	797	0.0010416622972115874
processed:3	798	0.0013961795484647155
processed:3	799	0.0006303599802777171
processed:3	800	0.0006065625930204988
processed:3	801	0.0008731454727239907
processed:3	802	0.00030234118457883596
processed:3	803	0.0007939647766761482
processed:3	804	0.00039551901863887906
processed:3	805	0.0014160365099087358
processed:3	806	0.00024760205997154117
processed:3	807	0.0012881940929219127
processed:3	808	0.0006776319933123887
processed:3	809	0.00036681085475720465
processed:3	810	0.0014128286857157946
processed:3	811	0.0003646710538305342
processed:3	812	0.0006066137575544417
processed:3	813	0.0002633947296999395
processed:3	814	0.020357277244329453
processed:3	815	0.008182347752153873
processed:3	816	0.0003546798834577203
processed:3	817	0.0004922451917082071
processed:3	818	0.0006558132008649409
processed:3	819	6.883864989504218e-05
processed:3	820	0.00046881267917342484
processed:3	821	0.002069323556497693
processed:3	822	0.0003073334810324013
processed:3	823	0.006174581125378609
processed:3	824	6.76607305649668e-05
processed:3	825	0.0019154960755258799
processed:3	826	0.027441812679171562
processed:3	827	0.012739861384034157
processed:3	828	0.0007241401472128928
processed:3	829	0.00020240368030499667
processed:3	830	0.0013615359785035253
processed:3	831	0.03465832397341728
processed:3	832	0.009138745255768299
processed:3	833	0.006444496102631092
processed:3	834	0.0001259117852896452
processed:3	835	0.0003853313683066517
processed:3	836	0.0016667299205437303
processed:3	837	0.014910144731402397
processed:3	838	0.00012874561070930213
processed:3	839	0.013660889118909836
processed:3	840	0.0027816297952085733
processed:3	841	0.013991779647767544
processed:3	842	0.007938963361084461
processed:3	843	0.009174510836601257
processed:3	844	0.00061159732285887
processed:3	845	5.331491774995811e-05
processed:3	846	0.002555128186941147
processed:3	847	0.005123352166265249
processed:3	848	0.00778253935277462
processed:3	849	0.004120863974094391
processed:3	850	0.009751301258802414
processed:3	851	1.6259649783023633e-05
processed:3	852	0.0002843069960363209
processed:3	853	1.955141306098085e-05
processed:3	854	0.004888211842626333
processed:3	855	0.005969865247607231
processed:3	856	0.034921810030937195
processed:3	857	0.002015825593844056
processed:3	858	0.023703455924987793
processed:3	859	0.01249856036156416
processed:3	860	0.011504380032420158
processed:3	861	0.009642454795539379
processed:3	862	0.0053720613941550255
processed:3	863	0.01634248159825802
processed:3	864	0.006283702794462442
processed:3	865	0.00047911336878314614
processed:3	866	0.011187396012246609
processed:3	867	0.003209246089681983
processed:3	868	0.00022774278477299958
processed:3	869	0.003939238842576742
processed:3	870	0.0065817758440971375
processed:3	871	0.003822153666988015
processed:3	872	0.00461417343467474
processed:3	873	0.004239797126501799
processed:3	874	0.0009170317207463086
processed:3	875	0.0007332020904868841
processed:3	876	0.00135874655097723
processed:3	877	0.001610400271601975
processed:3	878	0.0006419906858354807
processed:3	879	3.836460746242665e-05
processed:3	880	0.001057743327692151
processed:3	881	0.0029346351511776447
processed:3	882	0.0008005400304682553
processed:3	883	0.003563782200217247
processed:3	884	0.001912579289637506
processed:3	885	0.0003950012905988842
processed:3	886	0.0004162438272032887
processed:3	887	0.0027557399589568377
processed:3	888	0.018285494297742844
processed:3	889	0.010517874732613564
processed:3	890	0.00021164667850825936
processed:3	891	0.009299647994339466
processed:3	892	0.011812369339168072
processed:3	893	0.006325453519821167
processed:3	894	0.0043280771933496
processed:3	895	0.009189985692501068
processed:3	896	5.715504812542349e-05
processed:3	897	0.0015627548564225435
processed:3	898	0.00011342079233145341
processed:3	899	0.00044605316361412406
processed:3	900	0.006019614636898041
processed:3	901	0.0018150891410186887
processed:3	902	2.2946403987589292e-05
processed:3	903	0.0007662796415388584
processed:3	904	0.003998993895947933
processed:3	905	0.0019129124702885747
processed:3	906	0.0032760172616690397
processed:3	907	0.0010240921983495355
processed:3	908	0.00013944566308055073
processed:3	909	0.0003717416257131845
processed:3	910	0.0013101259246468544
processed:3	911	0.010096371173858643
processed:3	912	0.008201311342418194
processed:3	913	0.0004381518519949168
processed:3	914	0.007473821751773357
processed:3	915	0.009021473117172718
processed:3	916	0.003500118851661682
processed:3	917	0.0038428197149187326
processed:3	918	0.00039475850644521415
processed:4	0	0.0034978012554347515
processed:4	1	0.003443600842729211
processed:4	2	0.004757218062877655
processed:4	3	0.006346564274281263
processed:4	4	0.01217451598495245
processed:4	5	0.008442397229373455
processed:4	6	0.005778545048087835
processed:4	7	0.007471678778529167
processed:4	8	0.005652919411659241
processed:4	9	0.009384775534272194
processed:4	10	0.009774806909263134
processed:4	11	0.006828273646533489
processed:4	12	0.008322599343955517
processed:4	13	0.008824211545288563
processed:4	14	0.002800407586619258
processed:4	15	0.0037852167151868343
processed:4	16	0.002414929447695613
processed:4	17	0.002929371315985918
processed:4	18	0.005016475450247526
processed:4	19	0.008762377314269543
processed:4	20	0.005627289414405823
processed:4	21	0.006671126466244459
processed:4	22	0.009802677668631077
processed:4	23	0.009744175709784031
processed:4	24	0.005786132998764515
processed:4	25	0.006765010766685009
processed:4	26	0.010883575305342674
processed:4	27	0.014615202322602272
processed:4	28	0.004188953898847103
processed:4	29	0.019218243658542633
processed:4	30	0.006995426956564188
processed:4	31	0.00369678670540452
processed:4	32	0.009646308608353138
processed:4	33	0.0050332616083323956
processed:4	34	0.004422926343977451
processed:4	35	0.004598822444677353
processed:4	36	0.006906500086188316
processed:4	37	0.009091117419302464
processed:4	38	0.0057108597829937935
processed:4	39	0.006150446832180023
processed:4	40	0.006600171327590942
processed:4	41	0.007491542492061853
processed:4	42	0.007981830276548862
processed:4	43	0.0065966458059847355
processed:4	44	0.006637571379542351
processed:4	45	0.009243692271411419
processed:4	46	0.010803823359310627
processed:4	47	0.006854764185845852
processed:4	48	0.009383618831634521
processed:4	49	0.009883774444460869
processed:4	50	0.02711091935634613
processed:4	51	0.010557474568486214
processed:4	52	0.01938655599951744
processed:4	53	0.02117285132408142
processed:4	54	0.015212482772767544
processed:4	55	0.01531528402119875
processed:4	56	0.013401780277490616
processed:4	57	0.02343258261680603
processed:4	58	0.018845142796635628
processed:4	59	0.014486788772046566
processed:4	60	0.0038832351565361023
processed:4	61	0.017666388303041458
processed:4	62	0.020347509533166885
processed:4	63	0.011268549598753452
processed:4	64	0.011954270303249359
processed:4	65	0.012262661010026932
processed:4	66	0.02670375443994999
processed:4	67	0.01714158244431019
processed:4	68	0.01926475018262863
processed:4	69	0.023105237632989883
processed:4	70	0.00858971569687128
processed:4	71	0.010965440422296524
processed:4	72	0.007192204240709543
processed:4	73	0.008322536945343018
processed:4	74	0.008110246621072292
processed:4	75	0.006550438702106476
processed:4	76	0.008108068257570267
processed:4	77	0.009027144871652126
processed:4	78	0.009487111121416092
processed:4	79	0.012419292703270912
processed:4	80	0.014814937487244606
processed:4	81	0.009404807351529598
processed:4	82	0.00703866221010685
processed:4	83	0.00894568394869566
processed:4	84	0.007125823758542538
processed:4	85	0.008852741681039333
processed:4	86	0.016663266345858574
processed:4	87	0.007017262279987335
processed:4	88	0.001708118594251573
processed:4	89	0.003572317771613598
processed:4	90	0.0025018109008669853
processed:4	91	0.0021444978192448616
processed:4	92	0.0031606624834239483
processed:4	93	0.002396831288933754
processed:4	94	0.0029870576690882444
processed:4	95	0.002344847423955798
processed:4	96	0.007654862944036722
processed:4	97	0.0017614823300391436
processed:4	98	0.009253247641026974
processed:4	99	0.007398747839033604
processed:4	100	0.008792421780526638
processed:4	101	0.010401028208434582
processed:4	102	0.0070633734576404095
processed:4	103	0.0016748839989304543
processed:4	104	0.012278901413083076
processed:4	105	0.005921633448451757
processed:4	106	0.020477136597037315
processed:4	107	0.007839605212211609
processed:4	108	0.010469120927155018
processed:4	109	0.006977034267038107
processed:4	110	0.00972429197281599
processed:4	111	0.012170027941465378
processed:4	112	0.007644919212907553
processed:4	113	0.030242696404457092
processed:4	114	0.003748701186850667
processed:4	115	0.005123320501297712
processed:4	116	0.010691811330616474
processed:4	117	0.00617172010242939
processed:4	118	0.0077344439923763275
processed:4	119	0.04477063566446304
processed:4	120	0.009628976695239544
processed:4	121	0.005181381478905678
processed:4	122	0.009592431597411633
processed:4	123	0.004056560806930065
processed:4	124	0.005370030645281076
processed:4	125	0.0011806710390374064
processed:4	126	0.0008327893447130919
processed:4	127	0.0008010509191080928
processed:4	128	0.00041736967978067696
processed:4	129	0.0017881537787616253
processed:4	130	0.0007972414023242891
processed:4	131	0.0004419289471115917
processed:4	132	7.129666482796893e-05
processed:4	133	0.006927768234163523
processed:4	134	0.0009269278380088508
processed:4	135	0.001184520311653614
processed:4	136	7.217624806798995e-05
processed:4	137	0.0003177546605002135
processed:4	138	0.0007808186346665025
processed:4	139	0.00042871490586549044
processed:4	140	0.00025161198573186994
processed:4	141	0.000735660782083869
processed:4	142	0.0012836465612053871
processed:4	143	0.0007531981682404876
processed:4	144	0.0013919735793024302
processed:4	145	0.0003695080813486129
processed:4	146	0.0008474042406305671
processed:4	147	0.00012450771464500576
processed:4	148	0.0005177672137506306
processed:4	149	0.0007690587663091719
processed:4	150	0.0005294726579450071
processed:4	151	0.0002028229064308107
processed:4	152	0.0002032315533142537
processed:4	153	0.00023264202172867954
processed:4	154	0.0014958775136619806
processed:4	155	0.0017105223378166556
processed:4	156	0.000710692023858428
processed:4	157	0.00022893803543411195
processed:4	158	0.0011884578270837665
processed:4	159	0.00032290900708176196
processed:4	160	0.0005721701891161501
processed:4	161	0.0006806986639276147
processed:4	162	0.0007322346209548414
processed:4	163	0.0009404720040038228
processed:4	164	0.0006443668971769512
processed:4	165	0.0005637097056023777
processed:4	166	0.00013072328874841332
processed:4	167	0.0003290676686447114
processed:4	168	0.0005801265360787511
processed:4	169	0.001269095460884273
processed:4	170	0.0005182777531445026
processed:4	171	0.001368664437904954
processed:4	172	0.0004858914762735367
processed:4	173	0.000652359682135284
processed:4	174	0.0005102156428620219
processed:4	175	0.00030503468587994576
processed:4	176	0.0006207961705513299
processed:4	177	0.001697310945019126
processed:4	178	0.0006701013771817088
processed:4	179	0.0007647094898857176
processed:4	180	0.0001615032961126417
processed:4	181	0.0009295518393628299
processed:4	182	0.0003646338591352105
processed:4	183	0.001010453444905579
processed:4	184	0.006333865690976381
processed:4	185	0.00404133927077055
processed:4	186	0.0006131848786026239
processed:4	187	0.0006241225055418909
processed:4	188	0.0006902144523337483
processed:4	189	0.0008373045129701495
processed:4	190	0.0005316016031429172
processed:4	191	0.005811561830341816
processed:4	192	0.0012194848386570811
processed:4	193	0.0011054413625970483
processed:4	194	0.0010647724848240614
processed:4	195	0.003445687936618924
processed:4	196	0.0008224133052863181
processed:4	197	0.00021182616183068603
processed:4	198	0.0012349067255854607
processed:4	199	0.0037021294701844454
processed:4	200	0.0029023531824350357
processed:4	201	0.0007218007231131196
processed:4	202	0.0011705841170623899
processed:4	203	0.0006713405018672347
processed:4	204	0.007987177930772305
processed:4	205	0.0007449767435900867
processed:4	206	0.0030477410182356834
processed:4	207	0.002788487123325467
processed:4	208	0.003946450538933277
processed:4	209	0.000885740271769464
processed:4	210	0.0022684691939502954
processed:4	211	0.007408938370645046
processed:4	212	0.00257032155059278
processed:4	213	0.0013990638544782996
processed:4	214	0.0004887710674665868
processed:4	215	0.004889348056167364
processed:4	216	0.000316249905154109
processed:4	217	0.0009948441293090582
processed:4	218	0.008967917412519455
processed:4	219	0.004898922983556986
processed:4	220	0.003791457274928689
processed:4	221	0.003611491061747074
processed:4	222	0.014193967916071415
processed:4	223	0.008129709400236607
processed:4	224	0.00072858965722844
processed:4	225	0.008416479453444481
processed:4	226	0.003324846038594842
processed:4	227	0.0014000962255522609
processed:4	228	0.0043370104394853115
processed:4	229	0.0013716198736801744
processed:4	230	0.0004985377890989184
processed:4	231	0.003848231630399823
processed:4	232	0.003423860529437661
processed:4	233	0.0015947273932397366
processed:4	234	0.015329758636653423
processed:4	235	0.000823496317025274
processed:4	236	0.0004953840980306268
processed:4	237	0.002085775835439563
processed:4	238	0.0012082147877663374
processed:4	239	0.003908764570951462
processed:4	240	0.003181683598086238
processed:4	241	0.004763469099998474
processed:4	242	0.0022807654459029436
processed:4	243	0.0005598608404397964
processed:4	244	0.00835072249174118
processed:4	245	0.0007046815590001643
processed:4	246	0.0004593564954120666
processed:4	247	0.0017812041332945228
processed:4	248	0.00046242878306657076
processed:4	249	0.0007762053865008056
processed:4	250	0.0017369441920891404
processed:4	251	0.003192152362316847
processed:4	252	0.0013668303145095706
processed:4	253	0.0020053640473634005
processed:4	254	0.0024843153078109026
processed:4	255	0.00039314397145062685
processed:4	256	0.0007082356605678797
processed:4	257	0.0009722742834128439
processed:4	258	0.005529448390007019
processed:4	259	0.0024770291056483984
processed:4	260	0.001043888507410884
processed:4	261	0.002502150135114789
processed:4	262	0.000499867310281843
processed:4	263	0.004631803836673498
processed:4	264	0.0008080589468590915
processed:4	265	0.00045356625923886895
processed:4	266	0.0047340476885437965
processed:4	267	0.0026577317621558905
processed:4	268	0.0034375989343971014
processed:4	269	0.015200423076748848
processed:4	270	0.006340354681015015
processed:4	271	0.0009290025336667895
processed:4	272	0.000928032910451293
processed:4	273	0.005785282701253891
processed:4	274	0.002257443265989423
processed:4	275	0.0011617644922807813
processed:4	276	0.0021268862765282393
processed:4	277	0.0009084875346161425
processed:4	278	0.003655517939478159
processed:4	279	0.000501573842484504
processed:4	280	0.0004001431807409972
processed:4	281	0.0023512979969382286
processed:4	282	0.006302282679826021
processed:4	283	0.004685723688453436
processed:4	284	0.003606686368584633
processed:4	285	0.0073127164505422115
processed:4	286	0.005713717080652714
processed:4	287	0.011990460567176342
processed:4	288	0.0009478809079155326
processed:4	289	0.0010581989772617817
processed:4	290	0.0001733613753458485
processed:4	291	0.00012201542995171621
processed:4	292	0.006151968613266945
processed:4	293	0.0006246774573810399
processed:4	294	0.0006483484758064151
processed:4	295	0.0003535560390446335
processed:4	296	0.000885765184648335
processed:4	297	0.0012839729897677898
processed:4	298	0.0017846920527517796
processed:4	299	0.0006928473012521863
processed:4	300	0.0009298428194597363
processed:4	301	0.0013738031266257167
processed:4	302	0.005125698167830706
processed:4	303	0.005563386715948582
processed:4	304	0.004433310590684414
processed:4	305	0.0004934347234666348
processed:4	306	0.0033060875721275806
processed:4	307	0.004164375364780426
processed:4	308	0.003917420282959938
processed:4	309	0.002117504132911563
processed:4	310	0.0008145400788635015
processed:4	311	0.0041772047989070415
processed:4	312	0.004249180667102337
processed:4	313	0.004739087540656328
processed:4	314	0.008688720874488354
processed:4	315	0.0063906218856573105
processed:4	316	0.0008748085238039494
processed:4	317	0.0005614924011752009
processed:4	318	0.002128059510141611
processed:4	319	0.0021886921022087336
processed:4	320	0.0016386010684072971
processed:4	321	0.00406129052862525
processed:4	322	0.0023756250739097595
processed:4	323	0.0010428557870909572
processed:4	324	0.0005362349911592901
processed:4	325	0.00028790399665012956
processed:4	326	0.002786609111353755
processed:4	327	0.0015101071912795305
processed:4	328	0.0031201315578073263
processed:4	329	0.0015939077129587531
processed:4	330	0.0009053585235960782
processed:4	331	0.0004778463626280427
processed:4	332	0.00027944607427343726
processed:4	333	0.0012282031821087003
processed:4	334	0.00028674580971710384
processed:4	335	0.0008621570887044072
processed:4	336	0.009488495998084545
processed:4	337	0.0018875082023441792
processed:4	338	0.0005019523669034243
processed:4	339	0.00023371496354229748
processed:4	340	0.00191556999925524
processed:4	341	0.00840011890977621
processed:4	342	0.001572019187733531
processed:4	343	0.0003326575388200581
processed:4	344	0.0006683694664388895
processed:4	345	0.0007112824823707342
processed:4	346	0.001468205126002431
processed:4	347	0.0005077561363577843
processed:4	348	0.0023620123974978924
processed:4	349	0.0023689959198236465
processed:4	350	0.00219987565651536
processed:4	351	0.003903321223333478
processed:4	352	0.00144106219522655
processed:4	353	0.0014188787899911404
processed:4	354	0.0013296827673912048
processed:4	355	0.001368477358482778
processed:4	356	0.00044457672629505396
processed:4	357	0.00042158333235420287
processed:4	358	0.0004174020723439753
processed:4	359	0.0006454068352468312
processed:4	360	0.000365876971045509
processed:4	361	0.0005662107141688466
processed:4	362	0.0007577697397209704
processed:4	363	0.0016376817366108298
processed:4	364	0.001921456423588097
processed:4	365	0.003211786737665534
processed:4	366	0.0004884860245510936
processed:4	367	0.004240854177623987
processed:4	368	0.0015121583128347993
processed:4	369	0.0017489234451204538
processed:4	370	0.005612114444375038
processed:4	371	0.0013953873421996832
processed:4	372	0.0010652909986674786
processed:4	373	0.005068655125796795
processed:4	374	0.0011269544484093785
processed:4	375	0.0005036198999732733
processed:4	376	0.00017449424194637686
processed:4	377	0.008714633993804455
processed:4	378	0.0010108279529958963
processed:4	379	0.0029456024058163166
processed:4	380	0.005959622096270323
processed:4	381	0.016426080837845802
processed:4	382	0.0017662158934399486
processed:4	383	0.0031359565909951925
processed:4	384	0.0011770586716011167
processed:4	385	0.00048769533168524504
processed:4	386	0.010610359720885754
processed:4	387	0.0030555310659110546
processed:4	388	0.0013904181541875005
processed:4	389	0.0021235784515738487
processed:4	390	0.0004687159671448171
processed:4	391	0.0005259559256955981
processed:4	392	0.0004240568960085511
processed:4	393	0.000459005415905267
processed:4	394	0.0013165338896214962
processed:4	395	0.0013027795357629657
processed:4	396	0.004257878754287958
processed:4	397	0.005246451124548912
processed:4	398	0.00329149910248816
processed:4	399	0.001245390623807907
processed:4	400	0.0006920119049027562
processed:4	401	0.0004084519750904292
processed:4	402	0.0010381157044321299
processed:4	403	0.00021830761397723109
processed:4	404	0.00014126242604106665
processed:4	405	0.00022959249326959252
processed:4	406	0.0007336473208852112
processed:4	407	0.0022192958276718855
processed:4	408	0.0002893331984523684
processed:4	409	0.00269860727712512
processed:4	410	0.00032770767575129867
processed:4	411	0.0003709558513946831
processed:4	412	0.0011301662307232618
processed:4	413	0.003004351630806923
processed:4	414	0.0012673771707341075
processed:4	415	0.0013807365903630853
processed:4	416	0.0005219008889980614
processed:4	417	0.02003074251115322
processed:4	418	0.0005406051059253514
processed:4	419	0.004368433728814125
processed:4	420	0.0006314995116554201
processed:4	421	0.0010319494176656008
processed:4	422	0.005050285253673792
processed:4	423	0.0023225669283419847
processed:4	424	0.0005340831121429801
processed:4	425	0.004930458497256041
processed:4	426	0.00019193610933143646
processed:4	427	0.0036239593755453825
processed:4	428	0.000324979453580454
processed:4	429	0.0009042710298672318
processed:4	430	0.007616328541189432
processed:4	431	0.0018230816349387169
processed:4	432	0.0003995953593403101
processed:4	433	0.0003572760324459523
processed:4	434	0.0009636823087930679
processed:4	435	0.0007912536384537816
processed:4	436	0.001056657638400793
processed:4	437	0.0010013420833274722
processed:4	438	0.0012123020133003592
processed:4	439	0.0009901734301820397
processed:4	440	0.0007021680357865989
processed:4	441	0.004007370676845312
processed:4	442	0.002261226996779442
processed:4	443	0.0001905628014355898
processed:4	444	0.0005345124518498778
processed:4	445	0.0003576849994715303
processed:4	446	0.0002058458048850298
processed:4	447	0.0019964028615504503
processed:4	448	0.0011402691015973687
processed:4	449	0.06969998776912689
processed:4	450	0.012189124710857868
processed:4	451	0.0023147936444729567
processed:4	452	0.0024020473938435316
processed:4	453	0.0018840876873582602
processed:4	454	0.002065744251012802
processed:4	455	0.0007199246319942176
processed:4	456	0.0015455761458724737
processed:4	457	0.001891232910566032
processed:4	458	0.0010883072391152382
processed:4	459	0.0005825534462928772
processed:4	460	0.002049587434157729
processed:4	461	0.0010539843933656812
processed:4	462	0.0018907819176092744
processed:4	463	0.0019453021232038736
processed:4	464	0.001283954014070332
processed:4	465	0.0013555235927924514
processed:4	466	0.0019365546759217978
processed:4	467	0.0005855449708178639
processed:4	468	0.0040731425397098064
processed:4	469	0.0012593150604516268
processed:4	470	0.0018816754454746842
processed:4	471	0.0008267391822300851
processed:4	472	0.0011100713163614273
processed:4	473	0.005454445723444223
processed:4	474	0.0008131593931466341
processed:4	475	0.0035118137020617723
processed:4	476	0.004679294303059578
processed:4	477	0.0014614431420341134
processed:4	478	0.000810737197753042
processed:4	479	0.0009388116304762661
processed:4	480	0.001392419682815671
processed:4	481	0.0014968450414016843
processed:4	482	0.004437441937625408
processed:4	483	0.0002452399057801813
processed:4	484	0.004866359755396843
processed:4	485	0.0007236966048367321
processed:4	486	0.021219048649072647
processed:4	487	0.000803033821284771
processed:4	488	0.0033409311436116695
processed:4	489	0.0004492726002354175
processed:4	490	0.008545797318220139
processed:4	491	0.000336530152708292
processed:4	492	0.007341290358453989
processed:4	493	0.012640532106161118
processed:4	494	0.003666249103844166
processed:4	495	0.004842292983084917
processed:4	496	0.0003781246196012944
processed:4	497	0.00014454254414886236
processed:4	498	0.0006828070036135614
processed:4	499	0.0002799092617351562
processed:4	500	0.0006608825642615557
processed:4	501	0.0022277007810771465
processed:4	502	0.00042296122410334647
processed:4	503	0.0022886828519403934
processed:4	504	0.00014959927648305893
processed:4	505	0.0006906783673912287
processed:4	506	0.0004692107904702425
processed:4	507	0.0002625122433528304
processed:4	508	0.0009773001074790955
processed:4	509	0.0005756501923315227
processed:4	510	0.00024126247444655746
processed:4	511	0.0002193098480347544
processed:4	512	0.0001614099892321974
processed:4	513	0.00014032400213181973
processed:4	514	0.00030787542345933616
processed:4	515	0.0004980831872671843
processed:4	516	0.00031391705852001905
processed:4	517	0.00021809393365401775
processed:4	518	0.000678383104968816
processed:4	519	0.003451249562203884
processed:4	520	0.001449749106541276
processed:4	521	0.0005329326377250254
processed:4	522	0.00031838114955462515
processed:4	523	0.0005461957771331072
processed:4	524	0.000966169114690274
processed:4	525	0.000553494319319725
processed:4	526	0.0005794396856799722
processed:4	527	0.00022799396538175642
processed:4	528	0.0012257829075679183
processed:4	529	0.0008986142347566783
processed:4	530	0.000698244315572083
processed:4	531	0.0013609209563583136
processed:4	532	0.004238559398800135
processed:4	533	0.0008104228763841093
processed:4	534	0.003415851853787899
processed:4	535	0.0013869722606614232
processed:4	536	0.0002877615625038743
processed:4	537	0.0009037338895723224
processed:4	538	0.004703541751950979
processed:4	539	0.002020482439547777
processed:4	540	0.0015169335529208183
processed:4	541	0.0002773423329927027
processed:4	542	0.0004068520793225616
processed:4	543	0.000249293603701517
processed:4	544	0.001331242616288364
processed:4	545	0.00584369944408536
processed:4	546	0.012862754985690117
processed:4	547	0.005317267030477524
processed:4	548	0.0011440177913755178
processed:4	549	0.0001777217403287068
processed:4	550	0.0005184292094781995
processed:4	551	0.0019393455004319549
processed:4	552	0.0007871707202866673
processed:4	553	0.0013478640466928482
processed:4	554	0.00043303705751895905
processed:4	555	0.00016970063734333962
processed:4	556	0.0002726813545450568
processed:4	557	0.0012905618641525507
processed:4	558	0.000181028779479675
processed:4	559	0.00031363885500468314
processed:4	560	0.0029213265515863895
processed:4	561	0.007860037498176098
processed:4	562	0.024284953251481056
processed:4	563	0.006479079369455576
processed:4	564	0.0003483487816993147
processed:4	565	0.0015553805278614163
processed:4	566	0.0005634860135614872
processed:4	567	0.00028546893736347556
processed:4	568	0.0009333640336990356
processed:4	569	0.0001983150141313672
processed:4	570	0.0008439834928140044
processed:4	571	0.0005219008889980614
processed:4	572	0.0001274248497793451
processed:4	573	0.0007447393727488816
processed:4	574	0.0011481773108243942
processed:4	575	0.0008486591395922005
processed:4	576	0.0002846902352757752
processed:4	577	0.0010046014795079827
processed:4	578	0.003424203721806407
processed:4	579	0.00035117368679493666
processed:4	580	0.0003389172488823533
processed:4	581	0.022621503099799156
processed:4	582	0.0010736365802586079
processed:4	583	0.00027696395409293473
processed:4	584	0.00029978464590385556
processed:4	585	7.799410377629101e-05
processed:4	586	0.00033782736863940954
processed:4	587	0.0019974273163825274
processed:4	588	0.0008603155147284269
processed:4	589	0.006627530790865421
processed:4	590	0.0006298774969764054
processed:4	591	0.0007728799246251583
processed:4	592	0.0011407634010538459
processed:4	593	0.0004897228791378438
processed:4	594	0.0008062254055403173
processed:4	595	0.0005552308866754174
processed:4	596	0.0006761259865015745
processed:4	597	0.0010266981553286314
processed:4	598	0.001176538527943194
processed:4	599	0.0008280239417217672
processed:4	600	0.0010453549912199378
processed:4	601	0.0006798380054533482
processed:4	602	0.0030049700289964676
processed:4	603	0.0002633447584230453
processed:4	604	0.0014391320291906595
processed:4	605	0.0005934365908615291
processed:4	606	0.00014136673416942358
processed:4	607	0.00033220372279174626
processed:4	608	0.00021677293989341706
processed:4	609	0.00019632036855909973
processed:4	610	0.000210634054383263
processed:4	611	0.00024054905225057155
processed:4	612	0.0010750535875558853
processed:4	613	0.0006041353335604072
processed:4	614	0.0012430233182385564
processed:4	615	0.00010020045010605827
processed:4	616	0.00032353238202631474
processed:4	617	0.001940334215760231
processed:4	618	0.0009686383418738842
processed:4	619	0.0002494693035259843
processed:4	620	0.00035563638084568083
processed:4	621	0.0003048029902856797
processed:4	622	0.0002071640337817371
processed:4	623	0.00043443890172056854
processed:4	624	0.0005355168250389397
processed:4	625	0.00026227982016280293
processed:4	626	0.0004465260135475546
processed:4	627	0.0006060930900275707
processed:4	628	0.000365980202332139
processed:4	629	0.0017011524178087711
processed:4	630	0.0020213481038808823
processed:4	631	0.00035152837517671287
processed:4	632	0.0022970964200794697
processed:4	633	0.008016944862902164
processed:4	634	0.004378258716315031
processed:4	635	0.0030946910846978426
processed:4	636	0.0012546267826110125
processed:4	637	0.0019429844105616212
processed:4	638	0.0004670608032029122
processed:4	639	0.0005794849130325019
processed:4	640	0.0004901915672235191
processed:4	641	0.0004914440214633942
processed:4	642	0.0009825610322877765
processed:4	643	0.0005478337407112122
processed:4	644	0.002950189635157585
processed:4	645	0.0004211509076412767
processed:4	646	0.00030869574402458966
processed:4	647	0.00046271647443063557
processed:4	648	0.00046629211283288896
processed:4	649	0.0006585106602869928
processed:4	650	9.680198127171025e-05
processed:4	651	5.169587166165002e-05
processed:4	652	0.0006009271601215005
processed:4	653	0.002174121793359518
processed:4	654	0.0001260947756236419
processed:4	655	0.002642361680045724
processed:4	656	0.0008475682116113603
processed:4	657	0.0030060631688684225
processed:4	658	0.0015458203852176666
processed:4	659	0.0002617387508507818
processed:4	660	0.0002687189553398639
processed:4	661	0.000288884766632691
processed:4	662	0.0002984053280670196
processed:4	663	0.0003883999597746879
processed:4	664	0.0002423753758193925
processed:4	665	0.00014290105900727212
processed:4	666	0.00036166090285405517
processed:4	667	0.002067587338387966
processed:4	668	0.00040675123455002904
processed:4	669	0.0007787380018271506
processed:4	670	0.004754805006086826
processed:4	671	0.00064826849848032
processed:4	672	0.00039510257192887366
processed:4	673	0.0007102400995790958
processed:4	674	0.0009191218996420503
processed:4	675	0.00024562273756600916
processed:4	676	0.001962800743058324
processed:4	677	0.005522603634744883
processed:4	678	0.0013889861293137074
processed:4	679	0.010976765304803848
processed:4	680	0.00023638179118279368
processed:4	681	0.0016568027203902602
processed:4	682	0.0016400690656155348
processed:4	683	0.0014106332091614604
processed:4	684	0.0013564397813752294
processed:4	685	0.0014157055411487818
processed:4	686	0.0005681316833943129
processed:4	687	0.0011685832869261503
processed:4	688	0.001679324428550899
processed:4	689	0.0010617382358759642
processed:4	690	0.0013158696237951517
processed:4	691	0.001122655114158988
processed:4	692	0.0005824407562613487
processed:4	693	0.0009427430923096836
processed:4	694	0.0012280798982828856
processed:4	695	0.0017772449646145105
processed:4	696	0.004077994730323553
processed:4	697	0.0035926157142966986
processed:4	698	0.005358792841434479
processed:4	699	0.005004642065614462
processed:4	700	0.000788646109867841
processed:4	701	0.0009728706791065633
processed:4	702	0.00047037313925102353
processed:4	703	0.0010784704936668277
processed:4	704	0.004756398033350706
processed:4	705	0.0004708854539785534
processed:4	706	0.003796619363129139
processed:4	707	0.0003066804783884436
processed:4	708	0.003047351259738207
processed:4	709	0.0008199188159778714
processed:4	710	0.0030077083501964808
processed:4	711	0.005402727052569389
processed:4	712	0.003473267424851656
processed:4	713	0.00429685739800334
processed:4	714	0.022831149399280548
processed:4	715	0.0001824067730922252
processed:4	716	0.00027557453722693026
processed:4	717	4.7833305870881304e-05
processed:4	718	0.0003093662962783128
processed:4	719	0.0008212997345253825
processed:4	720	0.0005192256649024785
processed:4	721	0.000508935481775552
processed:4	722	0.0001895657042041421
processed:4	723	0.0006003984599374235
processed:4	724	0.0002218690497102216
processed:4	725	0.00016406762006226927
processed:4	726	0.0005747965769842267
processed:4	727	0.0009310489404015243
processed:4	728	0.0003417515254113823
processed:4	729	0.00042343768291175365
processed:4	730	0.0005072326748631895
processed:4	731	0.00016998566570691764
processed:4	732	0.0004193487693555653
processed:4	733	0.0003287876315880567
processed:4	734	0.0003615888417698443
processed:4	735	0.0015113975387066603
processed:4	736	0.00022066652309149504
processed:4	737	0.0007038392941467464
processed:4	738	0.00039342083618976176
processed:4	739	0.000310933159198612
processed:4	740	0.00024594026035629213
processed:4	741	0.0010835696011781693
processed:4	742	3.933028347091749e-05
processed:4	743	0.00034057185985147953
processed:4	744	0.0003760263789445162
processed:4	745	0.0004989416338503361
processed:4	746	0.0007550486479885876
processed:4	747	0.0008797273621894419
processed:4	748	0.0016247025923803449
processed:4	749	0.0025055394507944584
processed:4	750	0.0017573225777596235
processed:4	751	0.0008973394287750125
processed:4	752	0.0006418692646548152
processed:4	753	0.0008027561125345528
processed:4	754	0.0011468174634501338
processed:4	755	0.0007051104912534356
processed:4	756	0.0015397151000797749
processed:4	757	0.003037377493456006
processed:4	758	0.004954218398779631
processed:4	759	0.0004787089128512889
processed:4	760	0.00038438645424321294
processed:4	761	0.0002028246526606381
processed:4	762	0.0005062335985712707
processed:4	763	0.0007527446723543108
processed:4	764	0.0005324220983311534
processed:4	765	0.0011654772097244859
processed:4	766	0.0004173567285761237
processed:4	767	0.0011843470856547356
processed:4	768	0.0010134121403098106
processed:4	769	0.0007437560125254095
processed:4	770	0.0013053809525445104
processed:4	771	0.00098808656912297
processed:4	772	0.0005144255119375885
processed:4	773	0.0007899634656496346
processed:4	774	5.046854857937433e-05
processed:4	775	0.0006844768649898469
processed:4	776	0.0005074171931482852
processed:4	777	0.0005905364523641765
processed:4	778	0.0008937223465181887
processed:4	779	0.00023745952057652175
processed:4	780	0.00028578483033925295
processed:4	781	0.00032183516304939985
processed:4	782	0.0009343624114990234
processed:4	783	0.0007458548061549664
processed:4	784	0.0014082178240641952
processed:4	785	0.00047587475273758173
processed:4	786	0.0011119869304820895
processed:4	787	0.002357850782573223
processed:4	788	0.0008036010549403727
processed:4	789	0.0009468875941820443
processed:4	790	0.0003975830622948706
processed:4	791	0.00027477985713630915
processed:4	792	0.00031511406996287405
processed:4	793	0.0003652226587291807
processed:4	794	0.000610095274168998
processed:4	795	4.9131012929137796e-05
processed:4	796	0.0018406370654702187
processed:4	797	0.0010416622972115874
processed:4	798	0.0013961795484647155
processed:4	799	0.0006303599802777171
processed:4	800	0.0006065625930204988
processed:4	801	0.0008731454727239907
processed:4	802	0.00030234118457883596
processed:4	803	0.0007939647766761482
processed:4	804	0.00039551901863887906
processed:4	805	0.0014160365099087358
processed:4	806	0.00024760205997154117
processed:4	807	0.0012881940929219127
processed:4	808	0.0006776319933123887
processed:4	809	0.00036681085475720465
processed:4	810	0.0014128286857157946
processed:4	811	0.0003646710538305342
processed:4	812	0.0006066137575544417
processed:4	813	0.0002633947296999395
processed:4	814	0.020357277244329453
processed:4	815	0.008182347752153873
processed:4	816	0.0003546798834577203
processed:4	817	0.0004922451917082071
processed:4	818	0.0006558132008649409
processed:4	819	6.883864989504218e-05
processed:4	820	0.00046881267917342484
processed:4	821	0.002069323556497693
processed:4	822	0.0003073334810324013
processed:4	823	0.006174581125378609
processed:4	824	6.76607305649668e-05
processed:4	825	0.0019154960755258799
processed:4	826	0.027441812679171562
processed:4	827	0.012739861384034157
processed:4	828	0.0007241401472128928
processed:4	829	0.00020240368030499667
processed:4	830	0.0013615359785035253
processed:4	831	0.03465832397341728
processed:4	832	0.009138745255768299
processed:4	833	0.006444496102631092
processed:4	834	0.0001259117852896452
processed:4	835	0.0003853313683066517
processed:4	836	0.0016667299205437303
processed:4	837	0.014910144731402397
processed:4	838	0.00012874561070930213
processed:4	839	0.013660889118909836
processed:4	840	0.0027816297952085733
processed:4	841	0.013991779647767544
processed:4	842	0.007938963361084461
processed:4	843	0.009174510836601257
processed:4	844	0.00061159732285887
processed:4	845	5.331491774995811e-05
processed:4	846	0.002555128186941147
processed:4	847	0.005123352166265249
processed:4	848	0.00778253935277462
processed:4	849	0.004120863974094391
processed:4	850	0.009751301258802414
processed:4	851	1.6259649783023633e-05
processed:4	852	0.0002843069960363209
processed:4	853	1.955141306098085e-05
processed:4	854	0.004888211842626333
processed:4	855	0.005969865247607231
processed:4	856	0.034921810030937195
processed:4	857	0.002015825593844056
processed:4	858	0.023703455924987793
processed:4	859	0.01249856036156416
processed:4	860	0.011504380032420158
processed:4	861	0.009642454795539379
processed:4	862	0.0053720613941550255
processed:4	863	0.01634248159825802
processed:4	864	0.006283702794462442
processed:4	865	0.00047911336878314614
processed:4	866	0.011187396012246609
processed:4	867	0.003209246089681983
processed:4	868	0.00022774278477299958
processed:4	869	0.003939238842576742
processed:4	870	0.0065817758440971375
processed:4	871	0.003822153666988015
processed:4	872	0.00461417343467474
processed:4	873	0.004239797126501799
processed:4	874	0.0009170317207463086
processed:4	875	0.0007332020904868841
processed:4	876	0.00135874655097723
processed:4	877	0.001610400271601975
processed:4	878	0.0006419906858354807
processed:4	879	3.836460746242665e-05
processed:4	880	0.001057743327692151
processed:4	881	0.0029346351511776447
processed:4	882	0.0008005400304682553
processed:4	883	0.003563782200217247
processed:4	884	0.001912579289637506
processed:4	885	0.0003950012905988842
processed:4	886	0.0004162438272032887
processed:4	887	0.0027557399589568377
processed:4	888	0.018285494297742844
processed:4	889	0.010517874732613564
processed:4	890	0.00021164667850825936
processed:4	891	0.009299647994339466
processed:4	892	0.011812369339168072
processed:4	893	0.006325453519821167
processed:4	894	0.0043280771933496
processed:4	895	0.009189985692501068
processed:4	896	5.715504812542349e-05
processed:4	897	0.0015627548564225435
processed:4	898	0.00011342079233145341
processed:4	899	0.00044605316361412406
processed:4	900	0.006019614636898041
processed:4	901	0.0018150891410186887
processed:4	902	2.2946403987589292e-05
processed:4	903	0.0007662796415388584
processed:4	904	0.003998993895947933
processed:4	905	0.0019129124702885747
processed:4	906	0.0032760172616690397
processed:4	907	0.0010240921983495355
processed:4	908	0.00013944566308055073
processed:4	909	0.0003717416257131845
processed:4	910	0.0013101259246468544
processed:4	911	0.010096371173858643
processed:4	912	0.008201311342418194
processed:4	913	0.0004381518519949168
processed:4	914	0.007473821751773357
processed:4	915	0.009021473117172718
processed:4	916	0.003500118851661682
processed:4	917	0.0038428197149187326
processed:4	918	0.00039475850644521415
processed:5	0	0.0034978012554347515
processed:5	1	0.003443600842729211
processed:5	2	0.004757218062877655
processed:5	3	0.006346564274281263
processed:5	4	0.01217451598495245
processed:5	5	0.008442397229373455
processed:5	6	0.005778545048087835
processed:5	7	0.007471678778529167
processed:5	8	0.005652919411659241
processed:5	9	0.009384775534272194
processed:5	10	0.009774806909263134
processed:5	11	0.006828273646533489
processed:5	12	0.008322599343955517
processed:5	13	0.008824211545288563
processed:5	14	0.002800407586619258
processed:5	15	0.0037852167151868343
processed:5	16	0.002414929447695613
processed:5	17	0.002929371315985918
processed:5	18	0.005016475450247526
processed:5	19	0.008762377314269543
processed:5	20	0.005627289414405823
processed:5	21	0.006671126466244459
processed:5	22	0.009802677668631077
processed:5	23	0.009744175709784031
processed:5	24	0.005786132998764515
processed:5	25	0.006765010766685009
processed:5	26	0.010883575305342674
processed:5	27	0.014615202322602272
processed:5	28	0.004188953898847103
processed:5	29	0.019218243658542633
processed:5	30	0.006995426956564188
processed:5	31	0.00369678670540452
processed:5	32	0.009646308608353138
processed:5	33	0.0050332616083323956
processed:5	34	0.004422926343977451
processed:5	35	0.004598822444677353
processed:5	36	0.006906500086188316
processed:5	37	0.009091117419302464
processed:5	38	0.0057108597829937935
processed:5	39	0.006150446832180023
processed:5	40	0.006600171327590942
processed:5	41	0.007491542492061853
processed:5	42	0.007981830276548862
processed:5	43	0.0065966458059847355
processed:5	44	0.006637571379542351
processed:5	45	0.009243692271411419
processed:5	46	0.010803823359310627
processed:5	47	0.006854764185845852
processed:5	48	0.009383618831634521
processed:5	49	0.009883774444460869
processed:5	50	0.02711091935634613
processed:5	51	0.010557474568486214
processed:5	52	0.01938655599951744
processed:5	53	0.02117285132408142
processed:5	54	0.015212482772767544
processed:5	55	0.01531528402119875
processed:5	56	0.013401780277490616
processed:5	57	0.02343258261680603
processed:5	58	0.018845142796635628
processed:5	59	0.014486788772046566
processed:5	60	0.0038832351565361023
processed:5	61	0.017666388303041458
processed:5	62	0.020347509533166885
processed:5	63	0.011268549598753452
processed:5	64	0.011954270303249359
processed:5	65	0.012262661010026932
processed:5	66	0.02670375443994999
processed:5	67	0.01714158244431019
processed:5	68	0.01926475018262863
processed:5	69	0.023105237632989883
processed:5	70	0.00858971569687128
processed:5	71	0.010965440422296524
processed:5	72	0.007192204240709543
processed:5	73	0.008322536945343018
processed:5	74	0.008110246621072292
processed:5	75	0.006550438702106476
processed:5	76	0.008108068257570267
processed:5	77	0.009027144871652126
processed:5	78	0.009487111121416092
processed:5	79	0.012419292703270912
processed:5	80	0.014814937487244606
processed:5	81	0.009404807351529598
processed:5	82	0.00703866221010685
processed:5	83	0.00894568394869566
processed:5	84	0.007125823758542538
processed:5	85	0.008852741681039333
processed:5	86	0.016663266345858574
processed:5	87	0.007017262279987335
processed:5	88	0.001708118594251573
processed:5	89	0.003572317771613598
processed:5	90	0.0025018109008669853
processed:5	91	0.0021444978192448616
processed:5	92	0.0031606624834239483
processed:5	93	0.002396831288933754
processed:5	94	0.0029870576690882444
processed:5	95	0.002344847423955798
processed:5	96	0.007654862944036722
processed:5	97	0.0017614823300391436
processed:5	98	0.009253247641026974
processed:5	99	0.007398747839033604
processed:5	100	0.008792421780526638
processed:5	101	0.010401028208434582
processed:5	102	0.0070633734576404095
processed:5	103	0.0016748839989304543
processed:5	104	0.012278901413083076
processed:5	105	0.005921633448451757
processed:5	106	0.020477136597037315
processed:5	107	0.007839605212211609
processed:5	108	0.010469120927155018
processed:5	109	0.006977034267038107
processed:5	110	0.00972429197281599
processed:5	111	0.012170027941465378
processed:5	112	0.007644919212907553
processed:5	113	0.030242696404457092
processed:5	114	0.003748701186850667
processed:5	115	0.005123320501297712
processed:5	116	0.010691811330616474
processed:5	117	0.00617172010242939
processed:5	118	0.0077344439923763275
processed:5	119	0.04477063566446304
processed:5	120	0.009628976695239544
processed:5	121	0.005181381478905678
processed:5	122	0.009592431597411633
processed:5	123	0.004056560806930065
processed:5	124	0.005370030645281076
processed:5	125	0.0011806710390374064
processed:5	126	0.0008327893447130919
processed:5	127	0.0008010509191080928
processed:5	128	0.00041736967978067696
processed:5	129	0.0017881537787616253
processed:5	130	0.0007972414023242891
processed:5	131	0.0004419289471115917
processed:5	132	7.129666482796893e-05
processed:5	133	0.006927768234163523
processed:5	134	0.0009269278380088508
processed:5	135	0.001184520311653614
processed:5	136	7.217624806798995e-05
processed:5	137	0.0003177546605002135
processed:5	138	0.0007808186346665025
processed:5	139	0.00042871490586549044
processed:5	140	0.00025161198573186994
processed:5	141	0.000735660782083869
processed:5	142	0.0012836465612053871
processed:5	143	0.0007531981682404876
processed:5	144	0.0013919735793024302
processed:5	145	0.0003695080813486129
processed:5	146	0.0008474042406305671
processed:5	147	0.00012450771464500576
processed:5	148	0.0005177672137506306
processed:5	149	0.0007690587663091719
processed:5	150	0.0005294726579450071
processed:5	151	0.0002028229064308107
processed:5	152	0.0002032315533142537
processed:5	153	0.00023264202172867954
processed:5	154	0.0014958775136619806
processed:5	155	0.0017105223378166556
processed:5	156	0.000710692023858428
processed:5	157	0.00022893803543411195
processed:5	158	0.0011884578270837665
processed:5	159	0.00032290900708176196
processed:5	160	0.0005721701891161501
processed:5	161	0.0006806986639276147
processed:5	162	0.0007322346209548414
processed:5	163	0.0009404720040038228
processed:5	164	0.0006443668971769512
processed:5	165	0.0005637097056023777
processed:5	166	0.00013072328874841332
processed:5	167	0.0003290676686447114
processed:5	168	0.0005801265360787511
processed:5	169	0.001269095460884273
processed:5	170	0.0005182777531445026
processed:5	171	0.001368664437904954
processed:5	172	0.0004858914762735367
processed:5	173	0.000652359682135284
processed:5	174	0.0005102156428620219
processed:5	175	0.00030503468587994576
processed:5	176	0.0006207961705513299
processed:5	177	0.001697310945019126
processed:5	178	0.0006701013771817088
processed:5	179	0.0007647094898857176
processed:5	180	0.0001615032961126417
processed:5	181	0.0009295518393628299
processed:5	182	0.0003646338591352105
processed:5	183	0.001010453444905579
processed:5	184	0.006333865690976381
processed:5	185	0.00404133927077055
processed:5	186	0.0006131848786026239
processed:5	187	0.0006241225055418909
processed:5	188	0.0006902144523337483
processed:5	189	0.0008373045129701495
processed:5	190	0.0005316016031429172
processed:5	191	0.005811561830341816
processed:5	192	0.0012194848386570811
processed:5	193	0.0011054413625970483
processed:5	194	0.0010647724848240614
processed:5	195	0.003445687936618924
processed:5	196	0.0008224133052863181
processed:5	197	0.00021182616183068603
processed:5	198	0.0012349067255854607
processed:5	199	0.0037021294701844454
processed:5	200	0.0029023531824350357
processed:5	201	0.0007218007231131196
processed:5	202	0.0011705841170623899
processed:5	203	0.0006713405018672347
processed:5	204	0.007987177930772305
processed:5	205	0.0007449767435900867
processed:5	206	0.0030477410182356834
processed:5	207	0.002788487123325467
processed:5	208	0.003946450538933277
processed:5	209	0.000885740271769464
processed:5	210	0.0022684691939502954
processed:5	211	0.007408938370645046
processed:5	212	0.00257032155059278
processed:5	213	0.0013990638544782996
processed:5	214	0.0004887710674665868
processed:5	215	0.004889348056167364
processed:5	216	0.000316249905154109
processed:5	217	0.0009948441293090582
processed:5	218	0.008967917412519455
processed:5	219	0.004898922983556986
processed:5	220	0.003791457274928689
processed:5	221	0.003611491061747074
processed:5	222	0.014193967916071415
processed:5	223	0.008129709400236607
processed:5	224	0.00072858965722844
processed:5	225	0.008416479453444481
processed:5	226	0.003324846038594842
processed:5	227	0.0014000962255522609
processed:5	228	0.0043370104394853115
processed:5	229	0.0013716198736801744
processed:5	230	0.0004985377890989184
processed:5	231	0.003848231630399823
processed:5	232	0.003423860529437661
processed:5	233	0.0015947273932397366
processed:5	234	0.015329758636653423
processed:5	235	0.000823496317025274
processed:5	236	0.0004953840980306268
processed:5	237	0.002085775835439563
processed:5	238	0.0012082147877663374
processed:5	239	0.003908764570951462
processed:5	240	0.003181683598086238
processed:5	241	0.004763469099998474
processed:5	242	0.0022807654459029436
processed:5	243	0.0005598608404397964
processed:5	244	0.00835072249174118
processed:5	245	0.0007046815590001643
processed:5	246	0.0004593564954120666
processed:5	247	0.0017812041332945228
processed:5	248	0.00046242878306657076
processed:5	249	0.0007762053865008056
processed:5	250	0.0017369441920891404
processed:5	251	0.003192152362316847
processed:5	252	0.0013668303145095706
processed:5	253	0.0020053640473634005
processed:5	254	0.0024843153078109026
processed:5	255	0.00039314397145062685
processed:5	256	0.0007082356605678797
processed:5	257	0.0009722742834128439
processed:5	258	0.005529448390007019
processed:5	259	0.0024770291056483984
processed:5	260	0.001043888507410884
processed:5	261	0.002502150135114789
processed:5	262	0.000499867310281843
processed:5	263	0.004631803836673498
processed:5	264	0.0008080589468590915
processed:5	265	0.00045356625923886895
processed:5	266	0.0047340476885437965
processed:5	267	0.0026577317621558905
processed:5	268	0.0034375989343971014
processed:5	269	0.015200423076748848
processed:5	270	0.006340354681015015
processed:5	271	0.0009290025336667895
processed:5	272	0.000928032910451293
processed:5	273	0.005785282701253891
processed:5	274	0.002257443265989423
processed:5	275	0.0011617644922807813
processed:5	276	0.0021268862765282393
processed:5	277	0.0009084875346161425
processed:5	278	0.003655517939478159
processed:5	279	0.000501573842484504
processed:5	280	0.0004001431807409972
processed:5	281	0.0023512979969382286
processed:5	282	0.006302282679826021
processed:5	283	0.004685723688453436
processed:5	284	0.003606686368584633
processed:5	285	0.0073127164505422115
processed:5	286	0.005713717080652714
processed:5	287	0.011990460567176342
processed:5	288	0.0009478809079155326
processed:5	289	0.0010581989772617817
processed:5	290	0.0001733613753458485
processed:5	291	0.00012201542995171621
processed:5	292	0.006151968613266945
processed:5	293	0.0006246774573810399
processed:5	294	0.0006483484758064151
processed:5	295	0.0003535560390446335
processed:5	296	0.000885765184648335
processed:5	297	0.0012839729897677898
processed:5	298	0.0017846920527517796
processed:5	299	0.0006928473012521863
processed:5	300	0.0009298428194597363
processed:5	301	0.0013738031266257167
processed:5	302	0.005125698167830706
processed:5	303	0.005563386715948582
processed:5	304	0.004433310590684414
processed:5	305	0.0004934347234666348
processed:5	306	0.0033060875721275806
processed:5	307	0.004164375364780426
processed:5	308	0.003917420282959938
processed:5	309	0.002117504132911563
processed:5	310	0.0008145400788635015
processed:5	311	0.0041772047989070415
processed:5	312	0.004249180667102337
processed:5	313	0.004739087540656328
processed:5	314	0.008688720874488354
processed:5	315	0.0063906218856573105
processed:5	316	0.0008748085238039494
processed:5	317	0.0005614924011752009
processed:5	318	0.002128059510141611
processed:5	319	0.0021886921022087336
processed:5	320	0.0016386010684072971
processed:5	321	0.00406129052862525
processed:5	322	0.0023756250739097595
processed:5	323	0.0010428557870909572
processed:5	324	0.0005362349911592901
processed:5	325	0.00028790399665012956
processed:5	326	0.002786609111353755
processed:5	327	0.0015101071912795305
processed:5	328	0.0031201315578073263
processed:5	329	0.0015939077129587531
processed:5	330	0.0009053585235960782
processed:5	331	0.0004778463626280427
processed:5	332	0.00027944607427343726
processed:5	333	0.0012282031821087003
processed:5	334	0.00028674580971710384
processed:5	335	0.0008621570887044072
processed:5	336	0.009488495998084545
processed:5	337	0.0018875082023441792
processed:5	338	0.0005019523669034243
processed:5	339	0.00023371496354229748
processed:5	340	0.00191556999925524
processed:5	341	0.00840011890977621
processed:5	342	0.001572019187733531
processed:5	343	0.0003326575388200581
processed:5	344	0.0006683694664388895
processed:5	345	0.0007112824823707342
processed:5	346	0.001468205126002431
processed:5	347	0.0005077561363577843
processed:5	348	0.0023620123974978924
processed:5	349	0.0023689959198236465
processed:5	350	0.00219987565651536
processed:5	351	0.003903321223333478
processed:5	352	0.00144106219522655
processed:5	353	0.0014188787899911404
processed:5	354	0.0013296827673912048
processed:5	355	0.001368477358482778
processed:5	356	0.00044457672629505396
processed:5	357	0.00042158333235420287
processed:5	358	0.0004174020723439753
processed:5	359	0.0006454068352468312
processed:5	360	0.000365876971045509
processed:5	361	0.0005662107141688466
processed:5	362	0.0007577697397209704
processed:5	363	0.0016376817366108298
processed:5	364	0.001921456423588097
processed:5	365	0.003211786737665534
processed:5	366	0.0004884860245510936
processed:5	367	0.004240854177623987
processed:5	368	0.0015121583128347993
processed:5	369	0.0017489234451204538
processed:5	370	0.005612114444375038
processed:5	371	0.0013953873421996832
processed:5	372	0.0010652909986674786
processed:5	373	0.005068655125796795
processed:5	374	0.0011269544484093785
processed:5	375	0.0005036198999732733
processed:5	376	0.00017449424194637686
processed:5	377	0.008714633993804455
processed:5	378	0.0010108279529958963
processed:5	379	0.0029456024058163166
processed:5	380	0.005959622096270323
processed:5	381	0.016426080837845802
processed:5	382	0.0017662158934399486
processed:5	383	0.0031359565909951925
processed:5	384	0.0011770586716011167
processed:5	385	0.00048769533168524504
processed:5	386	0.010610359720885754
processed:5	387	0.0030555310659110546
processed:5	388	0.0013904181541875005
processed:5	389	0.0021235784515738487
processed:5	390	0.0004687159671448171
processed:5	391	0.0005259559256955981
processed:5	392	0.0004240568960085511
processed:5	393	0.000459005415905267
processed:5	394	0.0013165338896214962
processed:5	395	0.0013027795357629657
processed:5	396	0.004257878754287958
processed:5	397	0.005246451124548912
processed:5	398	0.00329149910248816
processed:5	399	0.001245390623807907
processed:5	400	0.0006920119049027562
processed:5	401	0.0004084519750904292
processed:5	402	0.0010381157044321299
processed:5	403	0.00021830761397723109
processed:5	404	0.00014126242604106665
processed:5	405	0.00022959249326959252
processed:5	406	0.0007336473208852112
processed:5	407	0.0022192958276718855
processed:5	408	0.0002893331984523684
processed:5	409	0.00269860727712512
processed:5	410	0.00032770767575129867
processed:5	411	0.0003709558513946831
processed:5	412	0.0011301662307232618
processed:5	413	0.003004351630806923
processed:5	414	0.0012673771707341075
processed:5	415	0.0013807365903630853
processed:5	416	0.0005219008889980614
processed:5	417	0.02003074251115322
processed:5	418	0.0005406051059253514
processed:5	419	0.004368433728814125
processed:5	420	0.0006314995116554201
processed:5	421	0.0010319494176656008
processed:5	422	0.005050285253673792
processed:5	423	0.0023225669283419847
processed:5	424	0.0005340831121429801
processed:5	425	0.004930458497256041
processed:5	426	0.00019193610933143646
processed:5	427	0.0036239593755453825
processed:5	428	0.000324979453580454
processed:5	429	0.0009042710298672318
processed:5	430	0.007616328541189432
processed:5	431	0.0018230816349387169
processed:5	432	0.0003995953593403101
processed:5	433	0.0003572760324459523
processed:5	434	0.0009636823087930679
processed:5	435	0.0007912536384537816
processed:5	436	0.001056657638400793
processed:5	437	0.0010013420833274722
processed:5	438	0.0012123020133003592
processed:5	439	0.0009901734301820397
processed:5	440	0.0007021680357865989
processed:5	441	0.004007370676845312
processed:5	442	0.002261226996779442
processed:5	443	0.0001905628014355898
processed:5	444	0.0005345124518498778
processed:5	445	0.0003576849994715303
processed:5	446	0.0002058458048850298
processed:5	447	0.0019964028615504503
processed:5	448	0.0011402691015973687
processed:5	449	0.06969998776912689
processed:5	450	0.012189124710857868
processed:5	451	0.0023147936444729567
processed:5	452	0.0024020473938435316
processed:5	453	0.0018840876873582602
processed:5	454	0.002065744251012802
processed:5	455	0.0007199246319942176
processed:5	456	0.0015455761458724737
processed:5	457	0.001891232910566032
processed:5	458	0.0010883072391152382
processed:5	459	0.0005825534462928772
processed:5	460	0.002049587434157729
processed:5	461	0.0010539843933656812
processed:5	462	0.0018907819176092744
processed:5	463	0.0019453021232038736
processed:5	464	0.001283954014070332
processed:5	465	0.0013555235927924514
processed:5	466	0.0019365546759217978
processed:5	467	0.0005855449708178639
processed:5	468	0.0040731425397098064
processed:5	469	0.0012593150604516268
processed:5	470	0.0018816754454746842
processed:5	471	0.0008267391822300851
processed:5	472	0.0011100713163614273
processed:5	473	0.005454445723444223
processed:5	474	0.0008131593931466341
processed:5	475	0.0035118137020617723
processed:5	476	0.004679294303059578
processed:5	477	0.0014614431420341134
processed:5	478	0.000810737197753042
processed:5	479	0.0009388116304762661
processed:5	480	0.001392419682815671
processed:5	481	0.0014968450414016843
processed:5	482	0.004437441937625408
processed:5	483	0.0002452399057801813
processed:5	484	0.004866359755396843
processed:5	485	0.0007236966048367321
processed:5	486	0.021219048649072647
processed:5	487	0.000803033821284771
processed:5	488	0.0033409311436116695
processed:5	489	0.0004492726002354175
processed:5	490	0.008545797318220139
processed:5	491	0.000336530152708292
processed:5	492	0.007341290358453989
processed:5	493	0.012640532106161118
processed:5	494	0.003666249103844166
processed:5	495	0.004842292983084917
processed:5	496	0.0003781246196012944
processed:5	497	0.00014454254414886236
processed:5	498	0.0006828070036135614
processed:5	499	0.0002799092617351562
processed:5	500	0.0006608825642615557
processed:5	501	0.0022277007810771465
processed:5	502	0.00042296122410334647
processed:5	503	0.0022886828519403934
processed:5	504	0.00014959927648305893
processed:5	505	0.0006906783673912287
processed:5	506	0.0004692107904702425
processed:5	507	0.0002625122433528304
processed:5	508	0.0009773001074790955
processed:5	509	0.0005756501923315227
processed:5	510	0.00024126247444655746
processed:5	511	0.0002193098480347544
processed:5	512	0.0001614099892321974
processed:5	513	0.00014032400213181973
processed:5	514	0.00030787542345933616
processed:5	515	0.0004980831872671843
processed:5	516	0.00031391705852001905
processed:5	517	0.00021809393365401775
processed:5	518	0.000678383104968816
processed:5	519	0.003451249562203884
processed:5	520	0.001449749106541276
processed:5	521	0.0005329326377250254
processed:5	522	0.00031838114955462515
processed:5	523	0.0005461957771331072
processed:5	524	0.000966169114690274
processed:5	525	0.000553494319319725
processed:5	526	0.0005794396856799722
processed:5	527	0.00022799396538175642
processed:5	528	0.0012257829075679183
processed:5	529	0.0008986142347566783
processed:5	530	0.000698244315572083
processed:5	531	0.0013609209563583136
processed:5	532	0.004238559398800135
processed:5	533	0.0008104228763841093
processed:5	534	0.003415851853787899
processed:5	535	0.0013869722606614232
processed:5	536	0.0002877615625038743
processed:5	537	0.0009037338895723224
processed:5	538	0.004703541751950979
processed:5	539	0.002020482439547777
processed:5	540	0.0015169335529208183
processed:5	541	0.0002773423329927027
processed:5	542	0.0004068520793225616
processed:5	543	0.000249293603701517
processed:5	544	0.001331242616288364
processed:5	545	0.00584369944408536
processed:5	546	0.012862754985690117
processed:5	547	0.005317267030477524
processed:5	548	0.0011440177913755178
processed:5	549	0.0001777217403287068
processed:5	550	0.0005184292094781995
processed:5	551	0.0019393455004319549
processed:5	552	0.0007871707202866673
processed:5	553	0.0013478640466928482
processed:5	554	0.00043303705751895905
processed:5	555	0.00016970063734333962
processed:5	556	0.0002726813545450568
processed:5	557	0.0012905618641525507
processed:5	558	0.000181028779479675
processed:5	559	0.00031363885500468314
processed:5	560	0.0029213265515863895
processed:5	561	0.007860037498176098
processed:5	562	0.024284953251481056
processed:5	563	0.006479079369455576
processed:5	564	0.0003483487816993147
processed:5	565	0.0015553805278614163
processed:5	566	0.0005634860135614872
processed:5	567	0.00028546893736347556
processed:5	568	0.0009333640336990356
processed:5	569	0.0001983150141313672
processed:5	570	0.0008439834928140044
processed:5	571	0.0005219008889980614
processed:5	572	0.0001274248497793451
processed:5	573	0.0007447393727488816
processed:5	574	0.0011481773108243942
processed:5	575	0.0008486591395922005
processed:5	576	0.0002846902352757752
processed:5	577	0.0010046014795079827
processed:5	578	0.003424203721806407
processed:5	579	0.00035117368679493666
processed:5	580	0.0003389172488823533
processed:5	581	0.022621503099799156
processed:5	582	0.0010736365802586079
processed:5	583	0.00027696395409293473
processed:5	584	0.00029978464590385556
processed:5	585	7.799410377629101e-05
processed:5	586	0.00033782736863940954
processed:5	587	0.0019974273163825274
processed:5	588	0.0008603155147284269
processed:5	589	0.006627530790865421
processed:5	590	0.0006298774969764054
processed:5	591	0.0007728799246251583
processed:5	592	0.0011407634010538459
processed:5	593	0.0004897228791378438
processed:5	594	0.0008062254055403173
processed:5	595	0.0005552308866754174
processed:5	596	0.0006761259865015745
processed:5	597	0.0010266981553286314
processed:5	598	0.001176538527943194
processed:5	599	0.0008280239417217672
processed:5	600	0.0010453549912199378
processed:5	601	0.0006798380054533482
processed:5	602	0.0030049700289964676
processed:5	603	0.0002633447584230453
processed:5	604	0.0014391320291906595
processed:5	605	0.0005934365908615291
processed:5	606	0.00014136673416942358
processed:5	607	0.00033220372279174626
processed:5	608	0.00021677293989341706
processed:5	609	0.00019632036855909973
processed:5	610	0.000210634054383263
processed:5	611	0.00024054905225057155
processed:5	612	0.0010750535875558853
processed:5	613	0.0006041353335604072
processed:5	614	0.0012430233182385564
processed:5	615	0.00010020045010605827
processed:5	616	0.00032353238202631474
processed:5	617	0.001940334215760231
processed:5	618	0.0009686383418738842
processed:5	619	0.0002494693035259843
processed:5	620	0.00035563638084568083
processed:5	621	0.0003048029902856797
processed:5	622	0.0002071640337817371
processed:5	623	0.00043443890172056854
processed:5	624	0.0005355168250389397
processed:5	625	0.00026227982016280293
processed:5	626	0.0004465260135475546
processed:5	627	0.0006060930900275707
processed:5	628	0.000365980202332139
processed:5	629	0.0017011524178087711
processed:5	630	0.0020213481038808823
processed:5	631	0.00035152837517671287
processed:5	632	0.0022970964200794697
processed:5	633	0.008016944862902164
processed:5	634	0.004378258716315031
processed:5	635	0.0030946910846978426
processed:5	636	0.0012546267826110125
processed:5	637	0.0019429844105616212
processed:5	638	0.0004670608032029122
processed:5	639	0.0005794849130325019
processed:5	640	0.0004901915672235191
processed:5	641	0.0004914440214633942
processed:5	642	0.0009825610322877765
processed:5	643	0.0005478337407112122
processed:5	644	0.002950189635157585
processed:5	645	0.0004211509076412767
processed:5	646	0.00030869574402458966
processed:5	647	0.00046271647443063557
processed:5	648	0.00046629211283288896
processed:5	649	0.0006585106602869928
processed:5	650	9.680198127171025e-05
processed:5	651	5.169587166165002e-05
processed:5	652	0.0006009271601215005
processed:5	653	0.002174121793359518
processed:5	654	0.0001260947756236419
processed:5	655	0.002642361680045724
processed:5	656	0.0008475682116113603
processed:5	657	0.0030060631688684225
processed:5	658	0.0015458203852176666
processed:5	659	0.0002617387508507818
processed:5	660	0.0002687189553398639
processed:5	661	0.000288884766632691
processed:5	662	0.0002984053280670196
processed:5	663	0.0003883999597746879
processed:5	664	0.0002423753758193925
processed:5	665	0.00014290105900727212
processed:5	666	0.00036166090285405517
processed:5	667	0.002067587338387966
processed:5	668	0.00040675123455002904
processed:5	669	0.0007787380018271506
processed:5	670	0.004754805006086826
processed:5	671	0.00064826849848032
processed:5	672	0.00039510257192887366
processed:5	673	0.0007102400995790958
processed:5	674	0.0009191218996420503
processed:5	675	0.00024562273756600916
processed:5	676	0.001962800743058324
processed:5	677	0.005522603634744883
processed:5	678	0.0013889861293137074
processed:5	679	0.010976765304803848
processed:5	680	0.00023638179118279368
processed:5	681	0.0016568027203902602
processed:5	682	0.0016400690656155348
processed:5	683	0.0014106332091614604
processed:5	684	0.0013564397813752294
processed:5	685	0.0014157055411487818
processed:5	686	0.0005681316833943129
processed:5	687	0.0011685832869261503
processed:5	688	0.001679324428550899
processed:5	689	0.0010617382358759642
processed:5	690	0.0013158696237951517
processed:5	691	0.001122655114158988
processed:5	692	0.0005824407562613487
processed:5	693	0.0009427430923096836
processed:5	694	0.0012280798982828856
processed:5	695	0.0017772449646145105
processed:5	696	0.004077994730323553
processed:5	697	0.0035926157142966986
processed:5	698	0.005358792841434479
processed:5	699	0.005004642065614462
processed:5	700	0.000788646109867841
processed:5	701	0.0009728706791065633
processed:5	702	0.00047037313925102353
processed:5	703	0.0010784704936668277
processed:5	704	0.004756398033350706
processed:5	705	0.0004708854539785534
processed:5	706	0.003796619363129139
processed:5	707	0.0003066804783884436
processed:5	708	0.003047351259738207
processed:5	709	0.0008199188159778714
processed:5	710	0.0030077083501964808
processed:5	711	0.005402727052569389
processed:5	712	0.003473267424851656
processed:5	713	0.00429685739800334
processed:5	714	0.022831149399280548
processed:5	715	0.0001824067730922252
processed:5	716	0.00027557453722693026
processed:5	717	4.7833305870881304e-05
processed:5	718	0.0003093662962783128
processed:5	719	0.0008212997345253825
processed:5	720	0.0005192256649024785
processed:5	721	0.000508935481775552
processed:5	722	0.0001895657042041421
processed:5	723	0.0006003984599374235
processed:5	724	0.0002218690497102216
processed:5	725	0.00016406762006226927
processed:5	726	0.0005747965769842267
processed:5	727	0.0009310489404015243
processed:5	728	0.0003417515254113823
processed:5	729	0.00042343768291175365
processed:5	730	0.0005072326748631895
processed:5	731	0.00016998566570691764
processed:5	732	0.0004193487693555653
processed:5	733	0.0003287876315880567
processed:5	734	0.0003615888417698443
processed:5	735	0.0015113975387066603
processed:5	736	0.00022066652309149504
processed:5	737	0.0007038392941467464
processed:5	738	0.00039342083618976176
processed:5	739	0.000310933159198612
processed:5	740	0.00024594026035629213
processed:5	741	0.0010835696011781693
processed:5	742	3.933028347091749e-05
processed:5	743	0.00034057185985147953
processed:5	744	0.0003760263789445162
processed:5	745	0.0004989416338503361
processed:5	746	0.0007550486479885876
processed:5	747	0.0008797273621894419
processed:5	748	0.0016247025923803449
processed:5	749	0.0025055394507944584
processed:5	750	0.0017573225777596235
processed:5	751	0.0008973394287750125
processed:5	752	0.0006418692646548152
processed:5	753	0.0008027561125345528
processed:5	754	0.0011468174634501338
processed:5	755	0.0007051104912534356
processed:5	756	0.0015397151000797749
processed:5	757	0.003037377493456006
processed:5	758	0.004954218398779631
processed:5	759	0.0004787089128512889
processed:5	760	0.00038438645424321294
processed:5	761	0.0002028246526606381
processed:5	762	0.0005062335985712707
processed:5	763	0.0007527446723543108
processed:5	764	0.0005324220983311534
processed:5	765	0.0011654772097244859
processed:5	766	0.0004173567285761237
processed:5	767	0.0011843470856547356
processed:5	768	0.0010134121403098106
processed:5	769	0.0007437560125254095
processed:5	770	0.0013053809525445104
processed:5	771	0.00098808656912297
processed:5	772	0.0005144255119375885
processed:5	773	0.0007899634656496346
processed:5	774	5.046854857937433e-05
processed:5	775	0.0006844768649898469
processed:5	776	0.0005074171931482852
processed:5	777	0.0005905364523641765
processed:5	778	0.0008937223465181887
processed:5	779	0.00023745952057652175
processed:5	780	0.00028578483033925295
processed:5	781	0.00032183516304939985
processed:5	782	0.0009343624114990234
processed:5	783	0.0007458548061549664
processed:5	784	0.0014082178240641952
processed:5	785	0.00047587475273758173
processed:5	786	0.0011119869304820895
processed:5	787	0.002357850782573223
processed:5	788	0.0008036010549403727
processed:5	789	0.0009468875941820443
processed:5	790	0.0003975830622948706
processed:5	791	0.00027477985713630915
processed:5	792	0.00031511406996287405
processed:5	793	0.0003652226587291807
processed:5	794	0.000610095274168998
processed:5	795	4.9131012929137796e-05
processed:5	796	0.0018406370654702187
processed:5	797	0.0010416622972115874
processed:5	798	0.0013961795484647155
processed:5	799	0.0006303599802777171
processed:5	800	0.0006065625930204988
processed:5	801	0.0008731454727239907
processed:5	802	0.00030234118457883596
processed:5	803	0.0007939647766761482
processed:5	804	0.00039551901863887906
processed:5	805	0.0014160365099087358
processed:5	806	0.00024760205997154117
processed:5	807	0.0012881940929219127
processed:5	808	0.0006776319933123887
processed:5	809	0.00036681085475720465
processed:5	810	0.0014128286857157946
processed:5	811	0.0003646710538305342
processed:5	812	0.0006066137575544417
processed:5	813	0.0002633947296999395
processed:5	814	0.020357277244329453
processed:5	815	0.008182347752153873
processed:5	816	0.0003546798834577203
processed:5	817	0.0004922451917082071
processed:5	818	0.0006558132008649409
processed:5	819	6.883864989504218e-05
processed:5	820	0.00046881267917342484
processed:5	821	0.002069323556497693
processed:5	822	0.0003073334810324013
processed:5	823	0.006174581125378609
processed:5	824	6.76607305649668e-05
processed:5	825	0.0019154960755258799
processed:5	826	0.027441812679171562
processed:5	827	0.012739861384034157
processed:5	828	0.0007241401472128928
processed:5	829	0.00020240368030499667
processed:5	830	0.0013615359785035253
processed:5	831	0.03465832397341728
processed:5	832	0.009138745255768299
processed:5	833	0.006444496102631092
processed:5	834	0.0001259117852896452
processed:5	835	0.0003853313683066517
processed:5	836	0.0016667299205437303
processed:5	837	0.014910144731402397
processed:5	838	0.00012874561070930213
processed:5	839	0.013660889118909836
processed:5	840	0.0027816297952085733
processed:5	841	0.013991779647767544
processed:5	842	0.007938963361084461
processed:5	843	0.009174510836601257
processed:5	844	0.00061159732285887
processed:5	845	5.331491774995811e-05
processed:5	846	0.002555128186941147
processed:5	847	0.005123352166265249
processed:5	848	0.00778253935277462
processed:5	849	0.004120863974094391
processed:5	850	0.009751301258802414
processed:5	851	1.6259649783023633e-05
processed:5	852	0.0002843069960363209
processed:5	853	1.955141306098085e-05
processed:5	854	0.004888211842626333
processed:5	855	0.005969865247607231
processed:5	856	0.034921810030937195
processed:5	857	0.002015825593844056
processed:5	858	0.023703455924987793
processed:5	859	0.01249856036156416
processed:5	860	0.011504380032420158
processed:5	861	0.009642454795539379
processed:5	862	0.0053720613941550255
processed:5	863	0.01634248159825802
processed:5	864	0.006283702794462442
processed:5	865	0.00047911336878314614
processed:5	866	0.011187396012246609
processed:5	867	0.003209246089681983
processed:5	868	0.00022774278477299958
processed:5	869	0.003939238842576742
processed:5	870	0.0065817758440971375
processed:5	871	0.003822153666988015
processed:5	872	0.00461417343467474
processed:5	873	0.004239797126501799
processed:5	874	0.0009170317207463086
processed:5	875	0.0007332020904868841
processed:5	876	0.00135874655097723
processed:5	877	0.001610400271601975
processed:5	878	0.0006419906858354807
processed:5	879	3.836460746242665e-05
processed:5	880	0.001057743327692151
processed:5	881	0.0029346351511776447
processed:5	882	0.0008005400304682553
processed:5	883	0.003563782200217247
processed:5	884	0.001912579289637506
processed:5	885	0.0003950012905988842
processed:5	886	0.0004162438272032887
processed:5	887	0.0027557399589568377
processed:5	888	0.018285494297742844
processed:5	889	0.010517874732613564
processed:5	890	0.00021164667850825936
processed:5	891	0.009299647994339466
processed:5	892	0.011812369339168072
processed:5	893	0.006325453519821167
processed:5	894	0.0043280771933496
processed:5	895	0.009189985692501068
processed:5	896	5.715504812542349e-05
processed:5	897	0.0015627548564225435
processed:5	898	0.00011342079233145341
processed:5	899	0.00044605316361412406
processed:5	900	0.006019614636898041
processed:5	901	0.0018150891410186887
processed:5	902	2.2946403987589292e-05
processed:5	903	0.0007662796415388584
processed:5	904	0.003998993895947933
processed:5	905	0.0019129124702885747
processed:5	906	0.0032760172616690397
processed:5	907	0.0010240921983495355
processed:5	908	0.00013944566308055073
processed:5	909	0.0003717416257131845
processed:5	910	0.0013101259246468544
processed:5	911	0.010096371173858643
processed:5	912	0.008201311342418194
processed:5	913	0.0004381518519949168
processed:5	914	0.007473821751773357
processed:5	915	0.009021473117172718
processed:5	916	0.003500118851661682
processed:5	917	0.0038428197149187326
processed:5	918	0.00039475850644521415
processed:6	0	0.0034978012554347515
processed:6	1	0.003443600842729211
processed:6	2	0.004757218062877655
processed:6	3	0.006346564274281263
processed:6	4	0.01217451598495245
processed:6	5	0.008442397229373455
processed:6	6	0.005778545048087835
processed:6	7	0.007471678778529167
processed:6	8	0.005652919411659241
processed:6	9	0.009384775534272194
processed:6	10	0.009774806909263134
processed:6	11	0.006828273646533489
processed:6	12	0.008322599343955517
processed:6	13	0.008824211545288563
processed:6	14	0.002800407586619258
processed:6	15	0.0037852167151868343
processed:6	16	0.002414929447695613
processed:6	17	0.002929371315985918
processed:6	18	0.005016475450247526
processed:6	19	0.008762377314269543
processed:6	20	0.005627289414405823
processed:6	21	0.006671126466244459
processed:6	22	0.009802677668631077
processed:6	23	0.009744175709784031
processed:6	24	0.005786132998764515
processed:6	25	0.006765010766685009
processed:6	26	0.010883575305342674
processed:6	27	0.014615202322602272
processed:6	28	0.004188953898847103
processed:6	29	0.019218243658542633
processed:6	30	0.006995426956564188
processed:6	31	0.00369678670540452
processed:6	32	0.009646308608353138
processed:6	33	0.0050332616083323956
processed:6	34	0.004422926343977451
processed:6	35	0.004598822444677353
processed:6	36	0.006906500086188316
processed:6	37	0.009091117419302464
processed:6	38	0.0057108597829937935
processed:6	39	0.006150446832180023
processed:6	40	0.006600171327590942
processed:6	41	0.007491542492061853
processed:6	42	0.007981830276548862
processed:6	43	0.0065966458059847355
processed:6	44	0.006637571379542351
processed:6	45	0.009243692271411419
processed:6	46	0.010803823359310627
processed:6	47	0.006854764185845852
processed:6	48	0.009383618831634521
processed:6	49	0.009883774444460869
processed:6	50	0.02711091935634613
processed:6	51	0.010557474568486214
processed:6	52	0.01938655599951744
processed:6	53	0.02117285132408142
processed:6	54	0.015212482772767544
processed:6	55	0.01531528402119875
processed:6	56	0.013401780277490616
processed:6	57	0.02343258261680603
processed:6	58	0.018845142796635628
processed:6	59	0.014486788772046566
processed:6	60	0.0038832351565361023
processed:6	61	0.017666388303041458
processed:6	62	0.020347509533166885
processed:6	63	0.011268549598753452
processed:6	64	0.011954270303249359
processed:6	65	0.012262661010026932
processed:6	66	0.02670375443994999
processed:6	67	0.01714158244431019
processed:6	68	0.01926475018262863
processed:6	69	0.023105237632989883
processed:6	70	0.00858971569687128
processed:6	71	0.010965440422296524
processed:6	72	0.007192204240709543
processed:6	73	0.008322536945343018
processed:6	74	0.008110246621072292
processed:6	75	0.006550438702106476
processed:6	76	0.008108068257570267
processed:6	77	0.009027144871652126
processed:6	78	0.009487111121416092
processed:6	79	0.012419292703270912
processed:6	80	0.014814937487244606
processed:6	81	0.009404807351529598
processed:6	82	0.00703866221010685
processed:6	83	0.00894568394869566
processed:6	84	0.007125823758542538
processed:6	85	0.008852741681039333
processed:6	86	0.016663266345858574
processed:6	87	0.007017262279987335
processed:6	88	0.001708118594251573
processed:6	89	0.003572317771613598
processed:6	90	0.0025018109008669853
processed:6	91	0.0021444978192448616
processed:6	92	0.0031606624834239483
processed:6	93	0.002396831288933754
processed:6	94	0.0029870576690882444
processed:6	95	0.002344847423955798
processed:6	96	0.007654862944036722
processed:6	97	0.0017614823300391436
processed:6	98	0.009253247641026974
processed:6	99	0.007398747839033604
processed:6	100	0.008792421780526638
processed:6	101	0.010401028208434582
processed:6	102	0.0070633734576404095
processed:6	103	0.0016748839989304543
processed:6	104	0.012278901413083076
processed:6	105	0.005921633448451757
processed:6	106	0.020477136597037315
processed:6	107	0.007839605212211609
processed:6	108	0.010469120927155018
processed:6	109	0.006977034267038107
processed:6	110	0.00972429197281599
processed:6	111	0.012170027941465378
processed:6	112	0.007644919212907553
processed:6	113	0.030242696404457092
processed:6	114	0.003748701186850667
processed:6	115	0.005123320501297712
processed:6	116	0.010691811330616474
processed:6	117	0.00617172010242939
processed:6	118	0.0077344439923763275
processed:6	119	0.04477063566446304
processed:6	120	0.009628976695239544
processed:6	121	0.005181381478905678
processed:6	122	0.009592431597411633
processed:6	123	0.004056560806930065
processed:6	124	0.005370030645281076
processed:6	125	0.0011806710390374064
processed:6	126	0.0008327893447130919
processed:6	127	0.0008010509191080928
processed:6	128	0.00041736967978067696
processed:6	129	0.0017881537787616253
processed:6	130	0.0007972414023242891
processed:6	131	0.0004419289471115917
processed:6	132	7.129666482796893e-05
processed:6	133	0.006927768234163523
processed:6	134	0.0009269278380088508
processed:6	135	0.001184520311653614
processed:6	136	7.217624806798995e-05
processed:6	137	0.0003177546605002135
processed:6	138	0.0007808186346665025
processed:6	139	0.00042871490586549044
processed:6	140	0.00025161198573186994
processed:6	141	0.000735660782083869
processed:6	142	0.0012836465612053871
processed:6	143	0.0007531981682404876
processed:6	144	0.0013919735793024302
processed:6	145	0.0003695080813486129
processed:6	146	0.0008474042406305671
processed:6	147	0.00012450771464500576
processed:6	148	0.0005177672137506306
processed:6	149	0.0007690587663091719
processed:6	150	0.0005294726579450071
processed:6	151	0.0002028229064308107
processed:6	152	0.0002032315533142537
processed:6	153	0.00023264202172867954
processed:6	154	0.0014958775136619806
processed:6	155	0.0017105223378166556
processed:6	156	0.000710692023858428
processed:6	157	0.00022893803543411195
processed:6	158	0.0011884578270837665
processed:6	159	0.00032290900708176196
processed:6	160	0.0005721701891161501
processed:6	161	0.0006806986639276147
processed:6	162	0.0007322346209548414
processed:6	163	0.0009404720040038228
processed:6	164	0.0006443668971769512
processed:6	165	0.0005637097056023777
processed:6	166	0.00013072328874841332
processed:6	167	0.0003290676686447114
processed:6	168	0.0005801265360787511
processed:6	169	0.001269095460884273
processed:6	170	0.0005182777531445026
processed:6	171	0.001368664437904954
processed:6	172	0.0004858914762735367
processed:6	173	0.000652359682135284
processed:6	174	0.0005102156428620219
processed:6	175	0.00030503468587994576
processed:6	176	0.0006207961705513299
processed:6	177	0.001697310945019126
processed:6	178	0.0006701013771817088
processed:6	179	0.0007647094898857176
processed:6	180	0.0001615032961126417
processed:6	181	0.0009295518393628299
processed:6	182	0.0003646338591352105
processed:6	183	0.001010453444905579
processed:6	184	0.006333865690976381
processed:6	185	0.00404133927077055
processed:6	186	0.0006131848786026239
processed:6	187	0.0006241225055418909
processed:6	188	0.0006902144523337483
processed:6	189	0.0008373045129701495
processed:6	190	0.0005316016031429172
processed:6	191	0.005811561830341816
processed:6	192	0.0012194848386570811
processed:6	193	0.0011054413625970483
processed:6	194	0.0010647724848240614
processed:6	195	0.003445687936618924
processed:6	196	0.0008224133052863181
processed:6	197	0.00021182616183068603
processed:6	198	0.0012349067255854607
processed:6	199	0.0037021294701844454
processed:6	200	0.0029023531824350357
processed:6	201	0.0007218007231131196
processed:6	202	0.0011705841170623899
processed:6	203	0.0006713405018672347
processed:6	204	0.007987177930772305
processed:6	205	0.0007449767435900867
processed:6	206	0.0030477410182356834
processed:6	207	0.002788487123325467
processed:6	208	0.003946450538933277
processed:6	209	0.000885740271769464
processed:6	210	0.0022684691939502954
processed:6	211	0.007408938370645046
processed:6	212	0.00257032155059278
processed:6	213	0.0013990638544782996
processed:6	214	0.0004887710674665868
processed:6	215	0.004889348056167364
processed:6	216	0.000316249905154109
processed:6	217	0.0009948441293090582
processed:6	218	0.008967917412519455
processed:6	219	0.004898922983556986
processed:6	220	0.003791457274928689
processed:6	221	0.003611491061747074
processed:6	222	0.014193967916071415
processed:6	223	0.008129709400236607
processed:6	224	0.00072858965722844
processed:6	225	0.008416479453444481
processed:6	226	0.003324846038594842
processed:6	227	0.0014000962255522609
processed:6	228	0.0043370104394853115
processed:6	229	0.0013716198736801744
processed:6	230	0.0004985377890989184
processed:6	231	0.003848231630399823
processed:6	232	0.003423860529437661
processed:6	233	0.0015947273932397366
processed:6	234	0.015329758636653423
processed:6	235	0.000823496317025274
processed:6	236	0.0004953840980306268
processed:6	237	0.002085775835439563
processed:6	238	0.0012082147877663374
processed:6	239	0.003908764570951462
processed:6	240	0.003181683598086238
processed:6	241	0.004763469099998474
processed:6	242	0.0022807654459029436
processed:6	243	0.0005598608404397964
processed:6	244	0.00835072249174118
processed:6	245	0.0007046815590001643
processed:6	246	0.0004593564954120666
processed:6	247	0.0017812041332945228
processed:6	248	0.00046242878306657076
processed:6	249	0.0007762053865008056
processed:6	250	0.0017369441920891404
processed:6	251	0.003192152362316847
processed:6	252	0.0013668303145095706
processed:6	253	0.0020053640473634005
processed:6	254	0.0024843153078109026
processed:6	255	0.00039314397145062685
processed:6	256	0.0007082356605678797
processed:6	257	0.0009722742834128439
processed:6	258	0.005529448390007019
processed:6	259	0.0024770291056483984
processed:6	260	0.001043888507410884
processed:6	261	0.002502150135114789
processed:6	262	0.000499867310281843
processed:6	263	0.004631803836673498
processed:6	264	0.0008080589468590915
processed:6	265	0.00045356625923886895
processed:6	266	0.0047340476885437965
processed:6	267	0.0026577317621558905
processed:6	268	0.0034375989343971014
processed:6	269	0.015200423076748848
processed:6	270	0.006340354681015015
processed:6	271	0.0009290025336667895
processed:6	272	0.000928032910451293
processed:6	273	0.005785282701253891
processed:6	274	0.002257443265989423
processed:6	275	0.0011617644922807813
processed:6	276	0.0021268862765282393
processed:6	277	0.0009084875346161425
processed:6	278	0.003655517939478159
processed:6	279	0.000501573842484504
processed:6	280	0.0004001431807409972
processed:6	281	0.0023512979969382286
processed:6	282	0.006302282679826021
processed:6	283	0.004685723688453436
processed:6	284	0.003606686368584633
processed:6	285	0.0073127164505422115
processed:6	286	0.005713717080652714
processed:6	287	0.011990460567176342
processed:6	288	0.0009478809079155326
processed:6	289	0.0010581989772617817
processed:6	290	0.0001733613753458485
processed:6	291	0.00012201542995171621
processed:6	292	0.006151968613266945
processed:6	293	0.0006246774573810399
processed:6	294	0.0006483484758064151
processed:6	295	0.0003535560390446335
processed:6	296	0.000885765184648335
processed:6	297	0.0012839729897677898
processed:6	298	0.0017846920527517796
processed:6	299	0.0006928473012521863
processed:6	300	0.0009298428194597363
processed:6	301	0.0013738031266257167
processed:6	302	0.005125698167830706
processed:6	303	0.005563386715948582
processed:6	304	0.004433310590684414
processed:6	305	0.0004934347234666348
processed:6	306	0.0033060875721275806
processed:6	307	0.004164375364780426
processed:6	308	0.003917420282959938
processed:6	309	0.002117504132911563
processed:6	310	0.0008145400788635015
processed:6	311	0.0041772047989070415
processed:6	312	0.004249180667102337
processed:6	313	0.004739087540656328
processed:6	314	0.008688720874488354
processed:6	315	0.0063906218856573105
processed:6	316	0.0008748085238039494
processed:6	317	0.0005614924011752009
processed:6	318	0.002128059510141611
processed:6	319	0.0021886921022087336
processed:6	320	0.0016386010684072971
processed:6	321	0.00406129052862525
processed:6	322	0.0023756250739097595
processed:6	323	0.0010428557870909572
processed:6	324	0.0005362349911592901
processed:6	325	0.00028790399665012956
processed:6	326	0.002786609111353755
processed:6	327	0.0015101071912795305
processed:6	328	0.0031201315578073263
processed:6	329	0.0015939077129587531
processed:6	330	0.0009053585235960782
processed:6	331	0.0004778463626280427
processed:6	332	0.00027944607427343726
processed:6	333	0.0012282031821087003
processed:6	334	0.00028674580971710384
processed:6	335	0.0008621570887044072
processed:6	336	0.009488495998084545
processed:6	337	0.0018875082023441792
processed:6	338	0.0005019523669034243
processed:6	339	0.00023371496354229748
processed:6	340	0.00191556999925524
processed:6	341	0.00840011890977621
processed:6	342	0.001572019187733531
processed:6	343	0.0003326575388200581
processed:6	344	0.0006683694664388895
processed:6	345	0.0007112824823707342
processed:6	346	0.001468205126002431
processed:6	347	0.0005077561363577843
processed:6	348	0.0023620123974978924
processed:6	349	0.0023689959198236465
processed:6	350	0.00219987565651536
processed:6	351	0.003903321223333478
processed:6	352	0.00144106219522655
processed:6	353	0.0014188787899911404
processed:6	354	0.0013296827673912048
processed:6	355	0.001368477358482778
processed:6	356	0.00044457672629505396
processed:6	357	0.00042158333235420287
processed:6	358	0.0004174020723439753
processed:6	359	0.0006454068352468312
processed:6	360	0.000365876971045509
processed:6	361	0.0005662107141688466
processed:6	362	0.0007577697397209704
processed:6	363	0.0016376817366108298
processed:6	364	0.001921456423588097
processed:6	365	0.003211786737665534
processed:6	366	0.0004884860245510936
processed:6	367	0.004240854177623987
processed:6	368	0.0015121583128347993
processed:6	369	0.0017489234451204538
processed:6	370	0.005612114444375038
processed:6	371	0.0013953873421996832
processed:6	372	0.0010652909986674786
processed:6	373	0.005068655125796795
processed:6	374	0.0011269544484093785
processed:6	375	0.0005036198999732733
processed:6	376	0.00017449424194637686
processed:6	377	0.008714633993804455
processed:6	378	0.0010108279529958963
processed:6	379	0.0029456024058163166
processed:6	380	0.005959622096270323
processed:6	381	0.016426080837845802
processed:6	382	0.0017662158934399486
processed:6	383	0.0031359565909951925
processed:6	384	0.0011770586716011167
processed:6	385	0.00048769533168524504
processed:6	386	0.010610359720885754
processed:6	387	0.0030555310659110546
processed:6	388	0.0013904181541875005
processed:6	389	0.0021235784515738487
processed:6	390	0.0004687159671448171
processed:6	391	0.0005259559256955981
processed:6	392	0.0004240568960085511
processed:6	393	0.000459005415905267
processed:6	394	0.0013165338896214962
processed:6	395	0.0013027795357629657
processed:6	396	0.004257878754287958
processed:6	397	0.005246451124548912
processed:6	398	0.00329149910248816
processed:6	399	0.001245390623807907
processed:6	400	0.0006920119049027562
processed:6	401	0.0004084519750904292
processed:6	402	0.0010381157044321299
processed:6	403	0.00021830761397723109
processed:6	404	0.00014126242604106665
processed:6	405	0.00022959249326959252
processed:6	406	0.0007336473208852112
processed:6	407	0.0022192958276718855
processed:6	408	0.0002893331984523684
processed:6	409	0.00269860727712512
processed:6	410	0.00032770767575129867
processed:6	411	0.0003709558513946831
processed:6	412	0.0011301662307232618
processed:6	413	0.003004351630806923
processed:6	414	0.0012673771707341075
processed:6	415	0.0013807365903630853
processed:6	416	0.0005219008889980614
processed:6	417	0.02003074251115322
processed:6	418	0.0005406051059253514
processed:6	419	0.004368433728814125
processed:6	420	0.0006314995116554201
processed:6	421	0.0010319494176656008
processed:6	422	0.005050285253673792
processed:6	423	0.0023225669283419847
processed:6	424	0.0005340831121429801
processed:6	425	0.004930458497256041
processed:6	426	0.00019193610933143646
processed:6	427	0.0036239593755453825
processed:6	428	0.000324979453580454
processed:6	429	0.0009042710298672318
processed:6	430	0.007616328541189432
processed:6	431	0.0018230816349387169
processed:6	432	0.0003995953593403101
processed:6	433	0.0003572760324459523
processed:6	434	0.0009636823087930679
processed:6	435	0.0007912536384537816
processed:6	436	0.001056657638400793
processed:6	437	0.0010013420833274722
processed:6	438	0.0012123020133003592
processed:6	439	0.0009901734301820397
processed:6	440	0.0007021680357865989
processed:6	441	0.004007370676845312
processed:6	442	0.002261226996779442
processed:6	443	0.0001905628014355898
processed:6	444	0.0005345124518498778
processed:6	445	0.0003576849994715303
processed:6	446	0.0002058458048850298
processed:6	447	0.0019964028615504503
processed:6	448	0.0011402691015973687
processed:6	449	0.06969998776912689
processed:6	450	0.012189124710857868
processed:6	451	0.0023147936444729567
processed:6	452	0.0024020473938435316
processed:6	453	0.0018840876873582602
processed:6	454	0.002065744251012802
processed:6	455	0.0007199246319942176
processed:6	456	0.0015455761458724737
processed:6	457	0.001891232910566032
processed:6	458	0.0010883072391152382
processed:6	459	0.0005825534462928772
processed:6	460	0.002049587434157729
processed:6	461	0.0010539843933656812
processed:6	462	0.0018907819176092744
processed:6	463	0.0019453021232038736
processed:6	464	0.001283954014070332
processed:6	465	0.0013555235927924514
processed:6	466	0.0019365546759217978
processed:6	467	0.0005855449708178639
processed:6	468	0.0040731425397098064
processed:6	469	0.0012593150604516268
processed:6	470	0.0018816754454746842
processed:6	471	0.0008267391822300851
processed:6	472	0.0011100713163614273
processed:6	473	0.005454445723444223
processed:6	474	0.0008131593931466341
processed:6	475	0.0035118137020617723
processed:6	476	0.004679294303059578
processed:6	477	0.0014614431420341134
processed:6	478	0.000810737197753042
processed:6	479	0.0009388116304762661
processed:6	480	0.001392419682815671
processed:6	481	0.0014968450414016843
processed:6	482	0.004437441937625408
processed:6	483	0.0002452399057801813
processed:6	484	0.004866359755396843
processed:6	485	0.0007236966048367321
processed:6	486	0.021219048649072647
processed:6	487	0.000803033821284771
processed:6	488	0.0033409311436116695
processed:6	489	0.0004492726002354175
processed:6	490	0.008545797318220139
processed:6	491	0.000336530152708292
processed:6	492	0.007341290358453989
processed:6	493	0.012640532106161118
processed:6	494	0.003666249103844166
processed:6	495	0.004842292983084917
processed:6	496	0.0003781246196012944
processed:6	497	0.00014454254414886236
processed:6	498	0.0006828070036135614
processed:6	499	0.0002799092617351562
processed:6	500	0.0006608825642615557
processed:6	501	0.0022277007810771465
processed:6	502	0.00042296122410334647
processed:6	503	0.0022886828519403934
processed:6	504	0.00014959927648305893
processed:6	505	0.0006906783673912287
processed:6	506	0.0004692107904702425
processed:6	507	0.0002625122433528304
processed:6	508	0.0009773001074790955
processed:6	509	0.0005756501923315227
processed:6	510	0.00024126247444655746
processed:6	511	0.0002193098480347544
processed:6	512	0.0001614099892321974
processed:6	513	0.00014032400213181973
processed:6	514	0.00030787542345933616
processed:6	515	0.0004980831872671843
processed:6	516	0.00031391705852001905
processed:6	517	0.00021809393365401775
processed:6	518	0.000678383104968816
processed:6	519	0.003451249562203884
processed:6	520	0.001449749106541276
processed:6	521	0.0005329326377250254
processed:6	522	0.00031838114955462515
processed:6	523	0.0005461957771331072
processed:6	524	0.000966169114690274
processed:6	525	0.000553494319319725
processed:6	526	0.0005794396856799722
processed:6	527	0.00022799396538175642
processed:6	528	0.0012257829075679183
processed:6	529	0.0008986142347566783
processed:6	530	0.000698244315572083
processed:6	531	0.0013609209563583136
processed:6	532	0.004238559398800135
processed:6	533	0.0008104228763841093
processed:6	534	0.003415851853787899
processed:6	535	0.0013869722606614232
processed:6	536	0.0002877615625038743
processed:6	537	0.0009037338895723224
processed:6	538	0.004703541751950979
processed:6	539	0.002020482439547777
processed:6	540	0.0015169335529208183
processed:6	541	0.0002773423329927027
processed:6	542	0.0004068520793225616
processed:6	543	0.000249293603701517
processed:6	544	0.001331242616288364
processed:6	545	0.00584369944408536
processed:6	546	0.012862754985690117
processed:6	547	0.005317267030477524
processed:6	548	0.0011440177913755178
processed:6	549	0.0001777217403287068
processed:6	550	0.0005184292094781995
processed:6	551	0.0019393455004319549
processed:6	552	0.0007871707202866673
processed:6	553	0.0013478640466928482
processed:6	554	0.00043303705751895905
processed:6	555	0.00016970063734333962
processed:6	556	0.0002726813545450568
processed:6	557	0.0012905618641525507
processed:6	558	0.000181028779479675
processed:6	559	0.00031363885500468314
processed:6	560	0.0029213265515863895
processed:6	561	0.007860037498176098
processed:6	562	0.024284953251481056
processed:6	563	0.006479079369455576
processed:6	564	0.0003483487816993147
processed:6	565	0.0015553805278614163
processed:6	566	0.0005634860135614872
processed:6	567	0.00028546893736347556
processed:6	568	0.0009333640336990356
processed:6	569	0.0001983150141313672
processed:6	570	0.0008439834928140044
processed:6	571	0.0005219008889980614
processed:6	572	0.0001274248497793451
processed:6	573	0.0007447393727488816
processed:6	574	0.0011481773108243942
processed:6	575	0.0008486591395922005
processed:6	576	0.0002846902352757752
processed:6	577	0.0010046014795079827
processed:6	578	0.003424203721806407
processed:6	579	0.00035117368679493666
processed:6	580	0.0003389172488823533
processed:6	581	0.022621503099799156
processed:6	582	0.0010736365802586079
processed:6	583	0.00027696395409293473
processed:6	584	0.00029978464590385556
processed:6	585	7.799410377629101e-05
processed:6	586	0.00033782736863940954
processed:6	587	0.0019974273163825274
processed:6	588	0.0008603155147284269
processed:6	589	0.006627530790865421
processed:6	590	0.0006298774969764054
processed:6	591	0.0007728799246251583
processed:6	592	0.0011407634010538459
processed:6	593	0.0004897228791378438
processed:6	594	0.0008062254055403173
processed:6	595	0.0005552308866754174
processed:6	596	0.0006761259865015745
processed:6	597	0.0010266981553286314
processed:6	598	0.001176538527943194
processed:6	599	0.0008280239417217672
processed:6	600	0.0010453549912199378
processed:6	601	0.0006798380054533482
processed:6	602	0.0030049700289964676
processed:6	603	0.0002633447584230453
processed:6	604	0.0014391320291906595
processed:6	605	0.0005934365908615291
processed:6	606	0.00014136673416942358
processed:6	607	0.00033220372279174626
processed:6	608	0.00021677293989341706
processed:6	609	0.00019632036855909973
processed:6	610	0.000210634054383263
processed:6	611	0.00024054905225057155
processed:6	612	0.0010750535875558853
processed:6	613	0.0006041353335604072
processed:6	614	0.0012430233182385564
processed:6	615	0.00010020045010605827
processed:6	616	0.00032353238202631474
processed:6	617	0.001940334215760231
processed:6	618	0.0009686383418738842
processed:6	619	0.0002494693035259843
processed:6	620	0.00035563638084568083
processed:6	621	0.0003048029902856797
processed:6	622	0.0002071640337817371
processed:6	623	0.00043443890172056854
processed:6	624	0.0005355168250389397
processed:6	625	0.00026227982016280293
processed:6	626	0.0004465260135475546
processed:6	627	0.0006060930900275707
processed:6	628	0.000365980202332139
processed:6	629	0.0017011524178087711
processed:6	630	0.0020213481038808823
processed:6	631	0.00035152837517671287
processed:6	632	0.0022970964200794697
processed:6	633	0.008016944862902164
processed:6	634	0.004378258716315031
processed:6	635	0.0030946910846978426
processed:6	636	0.0012546267826110125
processed:6	637	0.0019429844105616212
processed:6	638	0.0004670608032029122
processed:6	639	0.0005794849130325019
processed:6	640	0.0004901915672235191
processed:6	641	0.0004914440214633942
processed:6	642	0.0009825610322877765
processed:6	643	0.0005478337407112122
processed:6	644	0.002950189635157585
processed:6	645	0.0004211509076412767
processed:6	646	0.00030869574402458966
processed:6	647	0.00046271647443063557
processed:6	648	0.00046629211283288896
processed:6	649	0.0006585106602869928
processed:6	650	9.680198127171025e-05
processed:6	651	5.169587166165002e-05
processed:6	652	0.0006009271601215005
processed:6	653	0.002174121793359518
processed:6	654	0.0001260947756236419
processed:6	655	0.002642361680045724
processed:6	656	0.0008475682116113603
processed:6	657	0.0030060631688684225
processed:6	658	0.0015458203852176666
processed:6	659	0.0002617387508507818
processed:6	660	0.0002687189553398639
processed:6	661	0.000288884766632691
processed:6	662	0.0002984053280670196
processed:6	663	0.0003883999597746879
processed:6	664	0.0002423753758193925
processed:6	665	0.00014290105900727212
processed:6	666	0.00036166090285405517
processed:6	667	0.002067587338387966
processed:6	668	0.00040675123455002904
processed:6	669	0.0007787380018271506
processed:6	670	0.004754805006086826
processed:6	671	0.00064826849848032
processed:6	672	0.00039510257192887366
processed:6	673	0.0007102400995790958
processed:6	674	0.0009191218996420503
processed:6	675	0.00024562273756600916
processed:6	676	0.001962800743058324
processed:6	677	0.005522603634744883
processed:6	678	0.0013889861293137074
processed:6	679	0.010976765304803848
processed:6	680	0.00023638179118279368
processed:6	681	0.0016568027203902602
processed:6	682	0.0016400690656155348
processed:6	683	0.0014106332091614604
processed:6	684	0.0013564397813752294
processed:6	685	0.0014157055411487818
processed:6	686	0.0005681316833943129
processed:6	687	0.0011685832869261503
processed:6	688	0.001679324428550899
processed:6	689	0.0010617382358759642
processed:6	690	0.0013158696237951517
processed:6	691	0.001122655114158988
processed:6	692	0.0005824407562613487
processed:6	693	0.0009427430923096836
processed:6	694	0.0012280798982828856
processed:6	695	0.0017772449646145105
processed:6	696	0.004077994730323553
processed:6	697	0.0035926157142966986
processed:6	698	0.005358792841434479
processed:6	699	0.005004642065614462
processed:6	700	0.000788646109867841
processed:6	701	0.0009728706791065633
processed:6	702	0.00047037313925102353
processed:6	703	0.0010784704936668277
processed:6	704	0.004756398033350706
processed:6	705	0.0004708854539785534
processed:6	706	0.003796619363129139
processed:6	707	0.0003066804783884436
processed:6	708	0.003047351259738207
processed:6	709	0.0008199188159778714
processed:6	710	0.0030077083501964808
processed:6	711	0.005402727052569389
processed:6	712	0.003473267424851656
processed:6	713	0.00429685739800334
processed:6	714	0.022831149399280548
processed:6	715	0.0001824067730922252
processed:6	716	0.00027557453722693026
processed:6	717	4.7833305870881304e-05
processed:6	718	0.0003093662962783128
processed:6	719	0.0008212997345253825
processed:6	720	0.0005192256649024785
processed:6	721	0.000508935481775552
processed:6	722	0.0001895657042041421
processed:6	723	0.0006003984599374235
processed:6	724	0.0002218690497102216
processed:6	725	0.00016406762006226927
processed:6	726	0.0005747965769842267
processed:6	727	0.0009310489404015243
processed:6	728	0.0003417515254113823
processed:6	729	0.00042343768291175365
processed:6	730	0.0005072326748631895
processed:6	731	0.00016998566570691764
processed:6	732	0.0004193487693555653
processed:6	733	0.0003287876315880567
processed:6	734	0.0003615888417698443
processed:6	735	0.0015113975387066603
processed:6	736	0.00022066652309149504
processed:6	737	0.0007038392941467464
processed:6	738	0.00039342083618976176
processed:6	739	0.000310933159198612
processed:6	740	0.00024594026035629213
processed:6	741	0.0010835696011781693
processed:6	742	3.933028347091749e-05
processed:6	743	0.00034057185985147953
processed:6	744	0.0003760263789445162
processed:6	745	0.0004989416338503361
processed:6	746	0.0007550486479885876
processed:6	747	0.0008797273621894419
processed:6	748	0.0016247025923803449
processed:6	749	0.0025055394507944584
processed:6	750	0.0017573225777596235
processed:6	751	0.0008973394287750125
processed:6	752	0.0006418692646548152
processed:6	753	0.0008027561125345528
processed:6	754	0.0011468174634501338
processed:6	755	0.0007051104912534356
processed:6	756	0.0015397151000797749
processed:6	757	0.003037377493456006
processed:6	758	0.004954218398779631
processed:6	759	0.0004787089128512889
processed:6	760	0.00038438645424321294
processed:6	761	0.0002028246526606381
processed:6	762	0.0005062335985712707
processed:6	763	0.0007527446723543108
processed:6	764	0.0005324220983311534
processed:6	765	0.0011654772097244859
processed:6	766	0.0004173567285761237
processed:6	767	0.0011843470856547356
processed:6	768	0.0010134121403098106
processed:6	769	0.0007437560125254095
processed:6	770	0.0013053809525445104
processed:6	771	0.00098808656912297
processed:6	772	0.0005144255119375885
processed:6	773	0.0007899634656496346
processed:6	774	5.046854857937433e-05
processed:6	775	0.0006844768649898469
processed:6	776	0.0005074171931482852
processed:6	777	0.0005905364523641765
processed:6	778	0.0008937223465181887
processed:6	779	0.00023745952057652175
processed:6	780	0.00028578483033925295
processed:6	781	0.00032183516304939985
processed:6	782	0.0009343624114990234
processed:6	783	0.0007458548061549664
processed:6	784	0.0014082178240641952
processed:6	785	0.00047587475273758173
processed:6	786	0.0011119869304820895
processed:6	787	0.002357850782573223
processed:6	788	0.0008036010549403727
processed:6	789	0.0009468875941820443
processed:6	790	0.0003975830622948706
processed:6	791	0.00027477985713630915
processed:6	792	0.00031511406996287405
processed:6	793	0.0003652226587291807
processed:6	794	0.000610095274168998
processed:6	795	4.9131012929137796e-05
processed:6	796	0.0018406370654702187
processed:6	797	0.0010416622972115874
processed:6	798	0.0013961795484647155
processed:6	799	0.0006303599802777171
processed:6	800	0.0006065625930204988
processed:6	801	0.0008731454727239907
processed:6	802	0.00030234118457883596
processed:6	803	0.0007939647766761482
processed:6	804	0.00039551901863887906
processed:6	805	0.0014160365099087358
processed:6	806	0.00024760205997154117
processed:6	807	0.0012881940929219127
processed:6	808	0.0006776319933123887
processed:6	809	0.00036681085475720465
processed:6	810	0.0014128286857157946
processed:6	811	0.0003646710538305342
processed:6	812	0.0006066137575544417
processed:6	813	0.0002633947296999395
processed:6	814	0.020357277244329453
processed:6	815	0.008182347752153873
processed:6	816	0.0003546798834577203
processed:6	817	0.0004922451917082071
processed:6	818	0.0006558132008649409
processed:6	819	6.883864989504218e-05
processed:6	820	0.00046881267917342484
processed:6	821	0.002069323556497693
processed:6	822	0.0003073334810324013
processed:6	823	0.006174581125378609
processed:6	824	6.76607305649668e-05
processed:6	825	0.0019154960755258799
processed:6	826	0.027441812679171562
processed:6	827	0.012739861384034157
processed:6	828	0.0007241401472128928
processed:6	829	0.00020240368030499667
processed:6	830	0.0013615359785035253
processed:6	831	0.03465832397341728
processed:6	832	0.009138745255768299
processed:6	833	0.006444496102631092
processed:6	834	0.0001259117852896452
processed:6	835	0.0003853313683066517
processed:6	836	0.0016667299205437303
processed:6	837	0.014910144731402397
processed:6	838	0.00012874561070930213
processed:6	839	0.013660889118909836
processed:6	840	0.0027816297952085733
processed:6	841	0.013991779647767544
processed:6	842	0.007938963361084461
processed:6	843	0.009174510836601257
processed:6	844	0.00061159732285887
processed:6	845	5.331491774995811e-05
processed:6	846	0.002555128186941147
processed:6	847	0.005123352166265249
processed:6	848	0.00778253935277462
processed:6	849	0.004120863974094391
processed:6	850	0.009751301258802414
processed:6	851	1.6259649783023633e-05
processed:6	852	0.0002843069960363209
processed:6	853	1.955141306098085e-05
processed:6	854	0.004888211842626333
processed:6	855	0.005969865247607231
processed:6	856	0.034921810030937195
processed:6	857	0.002015825593844056
processed:6	858	0.023703455924987793
processed:6	859	0.01249856036156416
processed:6	860	0.011504380032420158
processed:6	861	0.009642454795539379
processed:6	862	0.0053720613941550255
processed:6	863	0.01634248159825802
processed:6	864	0.006283702794462442
processed:6	865	0.00047911336878314614
processed:6	866	0.011187396012246609
processed:6	867	0.003209246089681983
processed:6	868	0.00022774278477299958
processed:6	869	0.003939238842576742
processed:6	870	0.0065817758440971375
processed:6	871	0.003822153666988015
processed:6	872	0.00461417343467474
processed:6	873	0.004239797126501799
processed:6	874	0.0009170317207463086
processed:6	875	0.0007332020904868841
processed:6	876	0.00135874655097723
processed:6	877	0.001610400271601975
processed:6	878	0.0006419906858354807
processed:6	879	3.836460746242665e-05
processed:6	880	0.001057743327692151
processed:6	881	0.0029346351511776447
processed:6	882	0.0008005400304682553
processed:6	883	0.003563782200217247
processed:6	884	0.001912579289637506
processed:6	885	0.0003950012905988842
processed:6	886	0.0004162438272032887
processed:6	887	0.0027557399589568377
processed:6	888	0.018285494297742844
processed:6	889	0.010517874732613564
processed:6	890	0.00021164667850825936
processed:6	891	0.009299647994339466
processed:6	892	0.011812369339168072
processed:6	893	0.006325453519821167
processed:6	894	0.0043280771933496
processed:6	895	0.009189985692501068
processed:6	896	5.715504812542349e-05
processed:6	897	0.0015627548564225435
processed:6	898	0.00011342079233145341
processed:6	899	0.00044605316361412406
processed:6	900	0.006019614636898041
processed:6	901	0.0018150891410186887
processed:6	902	2.2946403987589292e-05
processed:6	903	0.0007662796415388584
processed:6	904	0.003998993895947933
processed:6	905	0.0019129124702885747
processed:6	906	0.0032760172616690397
processed:6	907	0.0010240921983495355
processed:6	908	0.00013944566308055073
processed:6	909	0.0003717416257131845
processed:6	910	0.0013101259246468544
processed:6	911	0.010096371173858643
processed:6	912	0.008201311342418194
processed:6	913	0.0004381518519949168
processed:6	914	0.007473821751773357
processed:6	915	0.009021473117172718
processed:6	916	0.003500118851661682
processed:6	917	0.0038428197149187326
processed:6	918	0.00039475850644521415
processed:7	0	0.0034978012554347515
processed:7	1	0.003443600842729211
processed:7	2	0.004757218062877655
processed:7	3	0.006346564274281263
processed:7	4	0.01217451598495245
processed:7	5	0.008442397229373455
processed:7	6	0.005778545048087835
processed:7	7	0.007471678778529167
processed:7	8	0.005652919411659241
processed:7	9	0.009384775534272194
processed:7	10	0.009774806909263134
processed:7	11	0.006828273646533489
processed:7	12	0.008322599343955517
processed:7	13	0.008824211545288563
processed:7	14	0.002800407586619258
processed:7	15	0.0037852167151868343
processed:7	16	0.002414929447695613
processed:7	17	0.002929371315985918
processed:7	18	0.005016475450247526
processed:7	19	0.008762377314269543
processed:7	20	0.005627289414405823
processed:7	21	0.006671126466244459
processed:7	22	0.009802677668631077
processed:7	23	0.009744175709784031
processed:7	24	0.005786132998764515
processed:7	25	0.006765010766685009
processed:7	26	0.010883575305342674
processed:7	27	0.014615202322602272
processed:7	28	0.004188953898847103
processed:7	29	0.019218243658542633
processed:7	30	0.006995426956564188
processed:7	31	0.00369678670540452
processed:7	32	0.009646308608353138
processed:7	33	0.0050332616083323956
processed:7	34	0.004422926343977451
processed:7	35	0.004598822444677353
processed:7	36	0.006906500086188316
processed:7	37	0.009091117419302464
processed:7	38	0.0057108597829937935
processed:7	39	0.006150446832180023
processed:7	40	0.006600171327590942
processed:7	41	0.007491542492061853
processed:7	42	0.007981830276548862
processed:7	43	0.0065966458059847355
processed:7	44	0.006637571379542351
processed:7	45	0.009243692271411419
processed:7	46	0.010803823359310627
processed:7	47	0.006854764185845852
processed:7	48	0.009383618831634521
processed:7	49	0.009883774444460869
processed:7	50	0.02711091935634613
processed:7	51	0.010557474568486214
processed:7	52	0.01938655599951744
processed:7	53	0.02117285132408142
processed:7	54	0.015212482772767544
processed:7	55	0.01531528402119875
processed:7	56	0.013401780277490616
processed:7	57	0.02343258261680603
processed:7	58	0.018845142796635628
processed:7	59	0.014486788772046566
processed:7	60	0.0038832351565361023
processed:7	61	0.017666388303041458
processed:7	62	0.020347509533166885
processed:7	63	0.011268549598753452
processed:7	64	0.011954270303249359
processed:7	65	0.012262661010026932
processed:7	66	0.02670375443994999
processed:7	67	0.01714158244431019
processed:7	68	0.01926475018262863
processed:7	69	0.023105237632989883
processed:7	70	0.00858971569687128
processed:7	71	0.010965440422296524
processed:7	72	0.007192204240709543
processed:7	73	0.008322536945343018
processed:7	74	0.008110246621072292
processed:7	75	0.006550438702106476
processed:7	76	0.008108068257570267
processed:7	77	0.009027144871652126
processed:7	78	0.009487111121416092
processed:7	79	0.012419292703270912
processed:7	80	0.014814937487244606
processed:7	81	0.009404807351529598
processed:7	82	0.00703866221010685
processed:7	83	0.00894568394869566
processed:7	84	0.007125823758542538
processed:7	85	0.008852741681039333
processed:7	86	0.016663266345858574
processed:7	87	0.007017262279987335
processed:7	88	0.001708118594251573
processed:7	89	0.003572317771613598
processed:7	90	0.0025018109008669853
processed:7	91	0.0021444978192448616
processed:7	92	0.0031606624834239483
processed:7	93	0.002396831288933754
processed:7	94	0.0029870576690882444
processed:7	95	0.002344847423955798
processed:7	96	0.007654862944036722
processed:7	97	0.0017614823300391436
processed:7	98	0.009253247641026974
processed:7	99	0.007398747839033604
processed:7	100	0.008792421780526638
processed:7	101	0.010401028208434582
processed:7	102	0.0070633734576404095
processed:7	103	0.0016748839989304543
processed:7	104	0.012278901413083076
processed:7	105	0.005921633448451757
processed:7	106	0.020477136597037315
processed:7	107	0.007839605212211609
processed:7	108	0.010469120927155018
processed:7	109	0.006977034267038107
processed:7	110	0.00972429197281599
processed:7	111	0.012170027941465378
processed:7	112	0.007644919212907553
processed:7	113	0.030242696404457092
processed:7	114	0.003748701186850667
processed:7	115	0.005123320501297712
processed:7	116	0.010691811330616474
processed:7	117	0.00617172010242939
processed:7	118	0.0077344439923763275
processed:7	119	0.04477063566446304
processed:7	120	0.009628976695239544
processed:7	121	0.005181381478905678
processed:7	122	0.009592431597411633
processed:7	123	0.004056560806930065
processed:7	124	0.005370030645281076
processed:7	125	0.0011806710390374064
processed:7	126	0.0008327893447130919
processed:7	127	0.0008010509191080928
processed:7	128	0.00041736967978067696
processed:7	129	0.0017881537787616253
processed:7	130	0.0007972414023242891
processed:7	131	0.0004419289471115917
processed:7	132	7.129666482796893e-05
processed:7	133	0.006927768234163523
processed:7	134	0.0009269278380088508
processed:7	135	0.001184520311653614
processed:7	136	7.217624806798995e-05
processed:7	137	0.0003177546605002135
processed:7	138	0.0007808186346665025
processed:7	139	0.00042871490586549044
processed:7	140	0.00025161198573186994
processed:7	141	0.000735660782083869
processed:7	142	0.0012836465612053871
processed:7	143	0.0007531981682404876
processed:7	144	0.0013919735793024302
processed:7	145	0.0003695080813486129
processed:7	146	0.0008474042406305671
processed:7	147	0.00012450771464500576
processed:7	148	0.0005177672137506306
processed:7	149	0.0007690587663091719
processed:7	150	0.0005294726579450071
processed:7	151	0.0002028229064308107
processed:7	152	0.0002032315533142537
processed:7	153	0.00023264202172867954
processed:7	154	0.0014958775136619806
processed:7	155	0.0017105223378166556
processed:7	156	0.000710692023858428
processed:7	157	0.00022893803543411195
processed:7	158	0.0011884578270837665
processed:7	159	0.00032290900708176196
processed:7	160	0.0005721701891161501
processed:7	161	0.0006806986639276147
processed:7	162	0.0007322346209548414
processed:7	163	0.0009404720040038228
processed:7	164	0.0006443668971769512
processed:7	165	0.0005637097056023777
processed:7	166	0.00013072328874841332
processed:7	167	0.0003290676686447114
processed:7	168	0.0005801265360787511
processed:7	169	0.001269095460884273
processed:7	170	0.0005182777531445026
processed:7	171	0.001368664437904954
processed:7	172	0.0004858914762735367
processed:7	173	0.000652359682135284
processed:7	174	0.0005102156428620219
processed:7	175	0.00030503468587994576
processed:7	176	0.0006207961705513299
processed:7	177	0.001697310945019126
processed:7	178	0.0006701013771817088
processed:7	179	0.0007647094898857176
processed:7	180	0.0001615032961126417
processed:7	181	0.0009295518393628299
processed:7	182	0.0003646338591352105
processed:7	183	0.001010453444905579
processed:7	184	0.006333865690976381
processed:7	185	0.00404133927077055
processed:7	186	0.0006131848786026239
processed:7	187	0.0006241225055418909
processed:7	188	0.0006902144523337483
processed:7	189	0.0008373045129701495
processed:7	190	0.0005316016031429172
processed:7	191	0.005811561830341816
processed:7	192	0.0012194848386570811
processed:7	193	0.0011054413625970483
processed:7	194	0.0010647724848240614
processed:7	195	0.003445687936618924
processed:7	196	0.0008224133052863181
processed:7	197	0.00021182616183068603
processed:7	198	0.0012349067255854607
processed:7	199	0.0037021294701844454
processed:7	200	0.0029023531824350357
processed:7	201	0.0007218007231131196
processed:7	202	0.0011705841170623899
processed:7	203	0.0006713405018672347
processed:7	204	0.007987177930772305
processed:7	205	0.0007449767435900867
processed:7	206	0.0030477410182356834
processed:7	207	0.002788487123325467
processed:7	208	0.003946450538933277
processed:7	209	0.000885740271769464
processed:7	210	0.0022684691939502954
processed:7	211	0.007408938370645046
processed:7	212	0.00257032155059278
processed:7	213	0.0013990638544782996
processed:7	214	0.0004887710674665868
processed:7	215	0.004889348056167364
processed:7	216	0.000316249905154109
processed:7	217	0.0009948441293090582
processed:7	218	0.008967917412519455
processed:7	219	0.004898922983556986
processed:7	220	0.003791457274928689
processed:7	221	0.003611491061747074
processed:7	222	0.014193967916071415
processed:7	223	0.008129709400236607
processed:7	224	0.00072858965722844
processed:7	225	0.008416479453444481
processed:7	226	0.003324846038594842
processed:7	227	0.0014000962255522609
processed:7	228	0.0043370104394853115
processed:7	229	0.0013716198736801744
processed:7	230	0.0004985377890989184
processed:7	231	0.003848231630399823
processed:7	232	0.003423860529437661
processed:7	233	0.0015947273932397366
processed:7	234	0.015329758636653423
processed:7	235	0.000823496317025274
processed:7	236	0.0004953840980306268
processed:7	237	0.002085775835439563
processed:7	238	0.0012082147877663374
processed:7	239	0.003908764570951462
processed:7	240	0.003181683598086238
processed:7	241	0.004763469099998474
processed:7	242	0.0022807654459029436
processed:7	243	0.0005598608404397964
processed:7	244	0.00835072249174118
processed:7	245	0.0007046815590001643
processed:7	246	0.0004593564954120666
processed:7	247	0.0017812041332945228
processed:7	248	0.00046242878306657076
processed:7	249	0.0007762053865008056
processed:7	250	0.0017369441920891404
processed:7	251	0.003192152362316847
processed:7	252	0.0013668303145095706
processed:7	253	0.0020053640473634005
processed:7	254	0.0024843153078109026
processed:7	255	0.00039314397145062685
processed:7	256	0.0007082356605678797
processed:7	257	0.0009722742834128439
processed:7	258	0.005529448390007019
processed:7	259	0.0024770291056483984
processed:7	260	0.001043888507410884
processed:7	261	0.002502150135114789
processed:7	262	0.000499867310281843
processed:7	263	0.004631803836673498
processed:7	264	0.0008080589468590915
processed:7	265	0.00045356625923886895
processed:7	266	0.0047340476885437965
processed:7	267	0.0026577317621558905
processed:7	268	0.0034375989343971014
processed:7	269	0.015200423076748848
processed:7	270	0.006340354681015015
processed:7	271	0.0009290025336667895
processed:7	272	0.000928032910451293
processed:7	273	0.005785282701253891
processed:7	274	0.002257443265989423
processed:7	275	0.0011617644922807813
processed:7	276	0.0021268862765282393
processed:7	277	0.0009084875346161425
processed:7	278	0.003655517939478159
processed:7	279	0.000501573842484504
processed:7	280	0.0004001431807409972
processed:7	281	0.0023512979969382286
processed:7	282	0.006302282679826021
processed:7	283	0.004685723688453436
processed:7	284	0.003606686368584633
processed:7	285	0.0073127164505422115
processed:7	286	0.005713717080652714
processed:7	287	0.011990460567176342
processed:7	288	0.0009478809079155326
processed:7	289	0.0010581989772617817
processed:7	290	0.0001733613753458485
processed:7	291	0.00012201542995171621
processed:7	292	0.006151968613266945
processed:7	293	0.0006246774573810399
processed:7	294	0.0006483484758064151
processed:7	295	0.0003535560390446335
processed:7	296	0.000885765184648335
processed:7	297	0.0012839729897677898
processed:7	298	0.0017846920527517796
processed:7	299	0.0006928473012521863
processed:7	300	0.0009298428194597363
processed:7	301	0.0013738031266257167
processed:7	302	0.005125698167830706
processed:7	303	0.005563386715948582
processed:7	304	0.004433310590684414
processed:7	305	0.0004934347234666348
processed:7	306	0.0033060875721275806
processed:7	307	0.004164375364780426
processed:7	308	0.003917420282959938
processed:7	309	0.002117504132911563
processed:7	310	0.0008145400788635015
processed:7	311	0.0041772047989070415
processed:7	312	0.004249180667102337
processed:7	313	0.004739087540656328
processed:7	314	0.008688720874488354
processed:7	315	0.0063906218856573105
processed:7	316	0.0008748085238039494
processed:7	317	0.0005614924011752009
processed:7	318	0.002128059510141611
processed:7	319	0.0021886921022087336
processed:7	320	0.0016386010684072971
processed:7	321	0.00406129052862525
processed:7	322	0.0023756250739097595
processed:7	323	0.0010428557870909572
processed:7	324	0.0005362349911592901
processed:7	325	0.00028790399665012956
processed:7	326	0.002786609111353755
processed:7	327	0.0015101071912795305
processed:7	328	0.0031201315578073263
processed:7	329	0.0015939077129587531
processed:7	330	0.0009053585235960782
processed:7	331	0.0004778463626280427
processed:7	332	0.00027944607427343726
processed:7	333	0.0012282031821087003
processed:7	334	0.00028674580971710384
processed:7	335	0.0008621570887044072
processed:7	336	0.009488495998084545
processed:7	337	0.0018875082023441792
processed:7	338	0.0005019523669034243
processed:7	339	0.00023371496354229748
processed:7	340	0.00191556999925524
processed:7	341	0.00840011890977621
processed:7	342	0.001572019187733531
processed:7	343	0.0003326575388200581
processed:7	344	0.0006683694664388895
processed:7	345	0.0007112824823707342
processed:7	346	0.001468205126002431
processed:7	347	0.0005077561363577843
processed:7	348	0.0023620123974978924
processed:7	349	0.0023689959198236465
processed:7	350	0.00219987565651536
processed:7	351	0.003903321223333478
processed:7	352	0.00144106219522655
processed:7	353	0.0014188787899911404
processed:7	354	0.0013296827673912048
processed:7	355	0.001368477358482778
processed:7	356	0.00044457672629505396
processed:7	357	0.00042158333235420287
processed:7	358	0.0004174020723439753
processed:7	359	0.0006454068352468312
processed:7	360	0.000365876971045509
processed:7	361	0.0005662107141688466
processed:7	362	0.0007577697397209704
processed:7	363	0.0016376817366108298
processed:7	364	0.001921456423588097
processed:7	365	0.003211786737665534
processed:7	366	0.0004884860245510936
processed:7	367	0.004240854177623987
processed:7	368	0.0015121583128347993
processed:7	369	0.0017489234451204538
processed:7	370	0.005612114444375038
processed:7	371	0.0013953873421996832
processed:7	372	0.0010652909986674786
processed:7	373	0.005068655125796795
processed:7	374	0.0011269544484093785
processed:7	375	0.0005036198999732733
processed:7	376	0.00017449424194637686
processed:7	377	0.008714633993804455
processed:7	378	0.0010108279529958963
processed:7	379	0.0029456024058163166
processed:7	380	0.005959622096270323
processed:7	381	0.016426080837845802
processed:7	382	0.0017662158934399486
processed:7	383	0.0031359565909951925
processed:7	384	0.0011770586716011167
processed:7	385	0.00048769533168524504
processed:7	386	0.010610359720885754
processed:7	387	0.0030555310659110546
processed:7	388	0.0013904181541875005
processed:7	389	0.0021235784515738487
processed:7	390	0.0004687159671448171
processed:7	391	0.0005259559256955981
processed:7	392	0.0004240568960085511
processed:7	393	0.000459005415905267
processed:7	394	0.0013165338896214962
processed:7	395	0.0013027795357629657
processed:7	396	0.004257878754287958
processed:7	397	0.005246451124548912
processed:7	398	0.00329149910248816
processed:7	399	0.001245390623807907
processed:7	400	0.0006920119049027562
processed:7	401	0.0004084519750904292
processed:7	402	0.0010381157044321299
processed:7	403	0.00021830761397723109
processed:7	404	0.00014126242604106665
processed:7	405	0.00022959249326959252
processed:7	406	0.0007336473208852112
processed:7	407	0.0022192958276718855
processed:7	408	0.0002893331984523684
processed:7	409	0.00269860727712512
processed:7	410	0.00032770767575129867
processed:7	411	0.0003709558513946831
processed:7	412	0.0011301662307232618
processed:7	413	0.003004351630806923
processed:7	414	0.0012673771707341075
processed:7	415	0.0013807365903630853
processed:7	416	0.0005219008889980614
processed:7	417	0.02003074251115322
processed:7	418	0.0005406051059253514
processed:7	419	0.004368433728814125
processed:7	420	0.0006314995116554201
processed:7	421	0.0010319494176656008
processed:7	422	0.005050285253673792
processed:7	423	0.0023225669283419847
processed:7	424	0.0005340831121429801
processed:7	425	0.004930458497256041
processed:7	426	0.00019193610933143646
processed:7	427	0.0036239593755453825
processed:7	428	0.000324979453580454
processed:7	429	0.0009042710298672318
processed:7	430	0.007616328541189432
processed:7	431	0.0018230816349387169
processed:7	432	0.0003995953593403101
processed:7	433	0.0003572760324459523
processed:7	434	0.0009636823087930679
processed:7	435	0.0007912536384537816
processed:7	436	0.001056657638400793
processed:7	437	0.0010013420833274722
processed:7	438	0.0012123020133003592
processed:7	439	0.0009901734301820397
processed:7	440	0.0007021680357865989
processed:7	441	0.004007370676845312
processed:7	442	0.002261226996779442
processed:7	443	0.0001905628014355898
processed:7	444	0.0005345124518498778
processed:7	445	0.0003576849994715303
processed:7	446	0.0002058458048850298
processed:7	447	0.0019964028615504503
processed:7	448	0.0011402691015973687
processed:7	449	0.06969998776912689
processed:7	450	0.012189124710857868
processed:7	451	0.0023147936444729567
processed:7	452	0.0024020473938435316
processed:7	453	0.0018840876873582602
processed:7	454	0.002065744251012802
processed:7	455	0.0007199246319942176
processed:7	456	0.0015455761458724737
processed:7	457	0.001891232910566032
processed:7	458	0.0010883072391152382
processed:7	459	0.0005825534462928772
processed:7	460	0.002049587434157729
processed:7	461	0.0010539843933656812
processed:7	462	0.0018907819176092744
processed:7	463	0.0019453021232038736
processed:7	464	0.001283954014070332
processed:7	465	0.0013555235927924514
processed:7	466	0.0019365546759217978
processed:7	467	0.0005855449708178639
processed:7	468	0.0040731425397098064
processed:7	469	0.0012593150604516268
processed:7	470	0.0018816754454746842
processed:7	471	0.0008267391822300851
processed:7	472	0.0011100713163614273
processed:7	473	0.005454445723444223
processed:7	474	0.0008131593931466341
processed:7	475	0.0035118137020617723
processed:7	476	0.004679294303059578
processed:7	477	0.0014614431420341134
processed:7	478	0.000810737197753042
processed:7	479	0.0009388116304762661
processed:7	480	0.001392419682815671
processed:7	481	0.0014968450414016843
processed:7	482	0.004437441937625408
processed:7	483	0.0002452399057801813
processed:7	484	0.004866359755396843
processed:7	485	0.0007236966048367321
processed:7	486	0.021219048649072647
processed:7	487	0.000803033821284771
processed:7	488	0.0033409311436116695
processed:7	489	0.0004492726002354175
processed:7	490	0.008545797318220139
processed:7	491	0.000336530152708292
processed:7	492	0.007341290358453989
processed:7	493	0.012640532106161118
processed:7	494	0.003666249103844166
processed:7	495	0.004842292983084917
processed:7	496	0.0003781246196012944
processed:7	497	0.00014454254414886236
processed:7	498	0.0006828070036135614
processed:7	499	0.0002799092617351562
processed:7	500	0.0006608825642615557
processed:7	501	0.0022277007810771465
processed:7	502	0.00042296122410334647
processed:7	503	0.0022886828519403934
processed:7	504	0.00014959927648305893
processed:7	505	0.0006906783673912287
processed:7	506	0.0004692107904702425
processed:7	507	0.0002625122433528304
processed:7	508	0.0009773001074790955
processed:7	509	0.0005756501923315227
processed:7	510	0.00024126247444655746
processed:7	511	0.0002193098480347544
processed:7	512	0.0001614099892321974
processed:7	513	0.00014032400213181973
processed:7	514	0.00030787542345933616
processed:7	515	0.0004980831872671843
processed:7	516	0.00031391705852001905
processed:7	517	0.00021809393365401775
processed:7	518	0.000678383104968816
processed:7	519	0.003451249562203884
processed:7	520	0.001449749106541276
processed:7	521	0.0005329326377250254
processed:7	522	0.00031838114955462515
processed:7	523	0.0005461957771331072
processed:7	524	0.000966169114690274
processed:7	525	0.000553494319319725
processed:7	526	0.0005794396856799722
processed:7	527	0.00022799396538175642
processed:7	528	0.0012257829075679183
processed:7	529	0.0008986142347566783
processed:7	530	0.000698244315572083
processed:7	531	0.0013609209563583136
processed:7	532	0.004238559398800135
processed:7	533	0.0008104228763841093
processed:7	534	0.003415851853787899
processed:7	535	0.0013869722606614232
processed:7	536	0.0002877615625038743
processed:7	537	0.0009037338895723224
processed:7	538	0.004703541751950979
processed:7	539	0.002020482439547777
processed:7	540	0.0015169335529208183
processed:7	541	0.0002773423329927027
processed:7	542	0.0004068520793225616
processed:7	543	0.000249293603701517
processed:7	544	0.001331242616288364
processed:7	545	0.00584369944408536
processed:7	546	0.012862754985690117
processed:7	547	0.005317267030477524
processed:7	548	0.0011440177913755178
processed:7	549	0.0001777217403287068
processed:7	550	0.0005184292094781995
processed:7	551	0.0019393455004319549
processed:7	552	0.0007871707202866673
processed:7	553	0.0013478640466928482
processed:7	554	0.00043303705751895905
processed:7	555	0.00016970063734333962
processed:7	556	0.0002726813545450568
processed:7	557	0.0012905618641525507
processed:7	558	0.000181028779479675
processed:7	559	0.00031363885500468314
processed:7	560	0.0029213265515863895
processed:7	561	0.007860037498176098
processed:7	562	0.024284953251481056
processed:7	563	0.006479079369455576
processed:7	564	0.0003483487816993147
processed:7	565	0.0015553805278614163
processed:7	566	0.0005634860135614872
processed:7	567	0.00028546893736347556
processed:7	568	0.0009333640336990356
processed:7	569	0.0001983150141313672
processed:7	570	0.0008439834928140044
processed:7	571	0.0005219008889980614
processed:7	572	0.0001274248497793451
processed:7	573	0.0007447393727488816
processed:7	574	0.0011481773108243942
processed:7	575	0.0008486591395922005
processed:7	576	0.0002846902352757752
processed:7	577	0.0010046014795079827
processed:7	578	0.003424203721806407
processed:7	579	0.00035117368679493666
processed:7	580	0.0003389172488823533
processed:7	581	0.022621503099799156
processed:7	582	0.0010736365802586079
processed:7	583	0.00027696395409293473
processed:7	584	0.00029978464590385556
processed:7	585	7.799410377629101e-05
processed:7	586	0.00033782736863940954
processed:7	587	0.0019974273163825274
processed:7	588	0.0008603155147284269
processed:7	589	0.006627530790865421
processed:7	590	0.0006298774969764054
processed:7	591	0.0007728799246251583
processed:7	592	0.0011407634010538459
processed:7	593	0.0004897228791378438
processed:7	594	0.0008062254055403173
processed:7	595	0.0005552308866754174
processed:7	596	0.0006761259865015745
processed:7	597	0.0010266981553286314
processed:7	598	0.001176538527943194
processed:7	599	0.0008280239417217672
processed:7	600	0.0010453549912199378
processed:7	601	0.0006798380054533482
processed:7	602	0.0030049700289964676
processed:7	603	0.0002633447584230453
processed:7	604	0.0014391320291906595
processed:7	605	0.0005934365908615291
processed:7	606	0.00014136673416942358
processed:7	607	0.00033220372279174626
processed:7	608	0.00021677293989341706
processed:7	609	0.00019632036855909973
processed:7	610	0.000210634054383263
processed:7	611	0.00024054905225057155
processed:7	612	0.0010750535875558853
processed:7	613	0.0006041353335604072
processed:7	614	0.0012430233182385564
processed:7	615	0.00010020045010605827
processed:7	616	0.00032353238202631474
processed:7	617	0.001940334215760231
processed:7	618	0.0009686383418738842
processed:7	619	0.0002494693035259843
processed:7	620	0.00035563638084568083
processed:7	621	0.0003048029902856797
processed:7	622	0.0002071640337817371
processed:7	623	0.00043443890172056854
processed:7	624	0.0005355168250389397
processed:7	625	0.00026227982016280293
processed:7	626	0.0004465260135475546
processed:7	627	0.0006060930900275707
processed:7	628	0.000365980202332139
processed:7	629	0.0017011524178087711
processed:7	630	0.0020213481038808823
processed:7	631	0.00035152837517671287
processed:7	632	0.0022970964200794697
processed:7	633	0.008016944862902164
processed:7	634	0.004378258716315031
processed:7	635	0.0030946910846978426
processed:7	636	0.0012546267826110125
processed:7	637	0.0019429844105616212
processed:7	638	0.0004670608032029122
processed:7	639	0.0005794849130325019
processed:7	640	0.0004901915672235191
processed:7	641	0.0004914440214633942
processed:7	642	0.0009825610322877765
processed:7	643	0.0005478337407112122
processed:7	644	0.002950189635157585
processed:7	645	0.0004211509076412767
processed:7	646	0.00030869574402458966
processed:7	647	0.00046271647443063557
processed:7	648	0.00046629211283288896
processed:7	649	0.0006585106602869928
processed:7	650	9.680198127171025e-05
processed:7	651	5.169587166165002e-05
processed:7	652	0.0006009271601215005
processed:7	653	0.002174121793359518
processed:7	654	0.0001260947756236419
processed:7	655	0.002642361680045724
processed:7	656	0.0008475682116113603
processed:7	657	0.0030060631688684225
processed:7	658	0.0015458203852176666
processed:7	659	0.0002617387508507818
processed:7	660	0.0002687189553398639
processed:7	661	0.000288884766632691
processed:7	662	0.0002984053280670196
processed:7	663	0.0003883999597746879
processed:7	664	0.0002423753758193925
processed:7	665	0.00014290105900727212
processed:7	666	0.00036166090285405517
processed:7	667	0.002067587338387966
processed:7	668	0.00040675123455002904
processed:7	669	0.0007787380018271506
processed:7	670	0.004754805006086826
processed:7	671	0.00064826849848032
processed:7	672	0.00039510257192887366
processed:7	673	0.0007102400995790958
processed:7	674	0.0009191218996420503
processed:7	675	0.00024562273756600916
processed:7	676	0.001962800743058324
processed:7	677	0.005522603634744883
processed:7	678	0.0013889861293137074
processed:7	679	0.010976765304803848
processed:7	680	0.00023638179118279368
processed:7	681	0.0016568027203902602
processed:7	682	0.0016400690656155348
processed:7	683	0.0014106332091614604
processed:7	684	0.0013564397813752294
processed:7	685	0.0014157055411487818
processed:7	686	0.0005681316833943129
processed:7	687	0.0011685832869261503
processed:7	688	0.001679324428550899
processed:7	689	0.0010617382358759642
processed:7	690	0.0013158696237951517
processed:7	691	0.001122655114158988
processed:7	692	0.0005824407562613487
processed:7	693	0.0009427430923096836
processed:7	694	0.0012280798982828856
processed:7	695	0.0017772449646145105
processed:7	696	0.004077994730323553
processed:7	697	0.0035926157142966986
processed:7	698	0.005358792841434479
processed:7	699	0.005004642065614462
processed:7	700	0.000788646109867841
processed:7	701	0.0009728706791065633
processed:7	702	0.00047037313925102353
processed:7	703	0.0010784704936668277
processed:7	704	0.004756398033350706
processed:7	705	0.0004708854539785534
processed:7	706	0.003796619363129139
processed:7	707	0.0003066804783884436
processed:7	708	0.003047351259738207
processed:7	709	0.0008199188159778714
processed:7	710	0.0030077083501964808
processed:7	711	0.005402727052569389
processed:7	712	0.003473267424851656
processed:7	713	0.00429685739800334
processed:7	714	0.022831149399280548
processed:7	715	0.0001824067730922252
processed:7	716	0.00027557453722693026
processed:7	717	4.7833305870881304e-05
processed:7	718	0.0003093662962783128
processed:7	719	0.0008212997345253825
processed:7	720	0.0005192256649024785
processed:7	721	0.000508935481775552
processed:7	722	0.0001895657042041421
processed:7	723	0.0006003984599374235
processed:7	724	0.0002218690497102216
processed:7	725	0.00016406762006226927
processed:7	726	0.0005747965769842267
processed:7	727	0.0009310489404015243
processed:7	728	0.0003417515254113823
processed:7	729	0.00042343768291175365
processed:7	730	0.0005072326748631895
processed:7	731	0.00016998566570691764
processed:7	732	0.0004193487693555653
processed:7	733	0.0003287876315880567
processed:7	734	0.0003615888417698443
processed:7	735	0.0015113975387066603
processed:7	736	0.00022066652309149504
processed:7	737	0.0007038392941467464
processed:7	738	0.00039342083618976176
processed:7	739	0.000310933159198612
processed:7	740	0.00024594026035629213
processed:7	741	0.0010835696011781693
processed:7	742	3.933028347091749e-05
processed:7	743	0.00034057185985147953
processed:7	744	0.0003760263789445162
processed:7	745	0.0004989416338503361
processed:7	746	0.0007550486479885876
processed:7	747	0.0008797273621894419
processed:7	748	0.0016247025923803449
processed:7	749	0.0025055394507944584
processed:7	750	0.0017573225777596235
processed:7	751	0.0008973394287750125
processed:7	752	0.0006418692646548152
processed:7	753	0.0008027561125345528
processed:7	754	0.0011468174634501338
processed:7	755	0.0007051104912534356
processed:7	756	0.0015397151000797749
processed:7	757	0.003037377493456006
processed:7	758	0.004954218398779631
processed:7	759	0.0004787089128512889
processed:7	760	0.00038438645424321294
processed:7	761	0.0002028246526606381
processed:7	762	0.0005062335985712707
processed:7	763	0.0007527446723543108
processed:7	764	0.0005324220983311534
processed:7	765	0.0011654772097244859
processed:7	766	0.0004173567285761237
processed:7	767	0.0011843470856547356
processed:7	768	0.0010134121403098106
processed:7	769	0.0007437560125254095
processed:7	770	0.0013053809525445104
processed:7	771	0.00098808656912297
processed:7	772	0.0005144255119375885
processed:7	773	0.0007899634656496346
processed:7	774	5.046854857937433e-05
processed:7	775	0.0006844768649898469
processed:7	776	0.0005074171931482852
processed:7	777	0.0005905364523641765
processed:7	778	0.0008937223465181887
processed:7	779	0.00023745952057652175
processed:7	780	0.00028578483033925295
processed:7	781	0.00032183516304939985
processed:7	782	0.0009343624114990234
processed:7	783	0.0007458548061549664
processed:7	784	0.0014082178240641952
processed:7	785	0.00047587475273758173
processed:7	786	0.0011119869304820895
processed:7	787	0.002357850782573223
processed:7	788	0.0008036010549403727
processed:7	789	0.0009468875941820443
processed:7	790	0.0003975830622948706
processed:7	791	0.00027477985713630915
processed:7	792	0.00031511406996287405
processed:7	793	0.0003652226587291807
processed:7	794	0.000610095274168998
processed:7	795	4.9131012929137796e-05
processed:7	796	0.0018406370654702187
processed:7	797	0.0010416622972115874
processed:7	798	0.0013961795484647155
processed:7	799	0.0006303599802777171
processed:7	800	0.0006065625930204988
processed:7	801	0.0008731454727239907
processed:7	802	0.00030234118457883596
processed:7	803	0.0007939647766761482
processed:7	804	0.00039551901863887906
processed:7	805	0.0014160365099087358
processed:7	806	0.00024760205997154117
processed:7	807	0.0012881940929219127
processed:7	808	0.0006776319933123887
processed:7	809	0.00036681085475720465
processed:7	810	0.0014128286857157946
processed:7	811	0.0003646710538305342
processed:7	812	0.0006066137575544417
processed:7	813	0.0002633947296999395
processed:7	814	0.020357277244329453
processed:7	815	0.008182347752153873
processed:7	816	0.0003546798834577203
processed:7	817	0.0004922451917082071
processed:7	818	0.0006558132008649409
processed:7	819	6.883864989504218e-05
processed:7	820	0.00046881267917342484
processed:7	821	0.002069323556497693
processed:7	822	0.0003073334810324013
processed:7	823	0.006174581125378609
processed:7	824	6.76607305649668e-05
processed:7	825	0.0019154960755258799
processed:7	826	0.027441812679171562
processed:7	827	0.012739861384034157
processed:7	828	0.0007241401472128928
processed:7	829	0.00020240368030499667
processed:7	830	0.0013615359785035253
processed:7	831	0.03465832397341728
processed:7	832	0.009138745255768299
processed:7	833	0.006444496102631092
processed:7	834	0.0001259117852896452
processed:7	835	0.0003853313683066517
processed:7	836	0.0016667299205437303
processed:7	837	0.014910144731402397
processed:7	838	0.00012874561070930213
processed:7	839	0.013660889118909836
processed:7	840	0.0027816297952085733
processed:7	841	0.013991779647767544
processed:7	842	0.007938963361084461
processed:7	843	0.009174510836601257
processed:7	844	0.00061159732285887
processed:7	845	5.331491774995811e-05
processed:7	846	0.002555128186941147
processed:7	847	0.005123352166265249
processed:7	848	0.00778253935277462
processed:7	849	0.004120863974094391
processed:7	850	0.009751301258802414
processed:7	851	1.6259649783023633e-05
processed:7	852	0.0002843069960363209
processed:7	853	1.955141306098085e-05
processed:7	854	0.004888211842626333
processed:7	855	0.005969865247607231
processed:7	856	0.034921810030937195
processed:7	857	0.002015825593844056
processed:7	858	0.023703455924987793
processed:7	859	0.01249856036156416
processed:7	860	0.011504380032420158
processed:7	861	0.009642454795539379
processed:7	862	0.0053720613941550255
processed:7	863	0.01634248159825802
processed:7	864	0.006283702794462442
processed:7	865	0.00047911336878314614
processed:7	866	0.011187396012246609
processed:7	867	0.003209246089681983
processed:7	868	0.00022774278477299958
processed:7	869	0.003939238842576742
processed:7	870	0.0065817758440971375
processed:7	871	0.003822153666988015
processed:7	872	0.00461417343467474
processed:7	873	0.004239797126501799
processed:7	874	0.0009170317207463086
processed:7	875	0.0007332020904868841
processed:7	876	0.00135874655097723
processed:7	877	0.001610400271601975
processed:7	878	0.0006419906858354807
processed:7	879	3.836460746242665e-05
processed:7	880	0.001057743327692151
processed:7	881	0.0029346351511776447
processed:7	882	0.0008005400304682553
processed:7	883	0.003563782200217247
processed:7	884	0.001912579289637506
processed:7	885	0.0003950012905988842
processed:7	886	0.0004162438272032887
processed:7	887	0.0027557399589568377
processed:7	888	0.018285494297742844
processed:7	889	0.010517874732613564
processed:7	890	0.00021164667850825936
processed:7	891	0.009299647994339466
processed:7	892	0.011812369339168072
processed:7	893	0.006325453519821167
processed:7	894	0.0043280771933496
processed:7	895	0.009189985692501068
processed:7	896	5.715504812542349e-05
processed:7	897	0.0015627548564225435
processed:7	898	0.00011342079233145341
processed:7	899	0.00044605316361412406
processed:7	900	0.006019614636898041
processed:7	901	0.0018150891410186887
processed:7	902	2.2946403987589292e-05
processed:7	903	0.0007662796415388584
processed:7	904	0.003998993895947933
processed:7	905	0.0019129124702885747
processed:7	906	0.0032760172616690397
processed:7	907	0.0010240921983495355
processed:7	908	0.00013944566308055073
processed:7	909	0.0003717416257131845
processed:7	910	0.0013101259246468544
processed:7	911	0.010096371173858643
processed:7	912	0.008201311342418194
processed:7	913	0.0004381518519949168
processed:7	914	0.007473821751773357
processed:7	915	0.009021473117172718
processed:7	916	0.003500118851661682
processed:7	917	0.0038428197149187326
processed:7	918	0.00039475850644521415
processed:8	0	0.0034978012554347515
processed:8	1	0.003443600842729211
processed:8	2	0.004757218062877655
processed:8	3	0.006346564274281263
processed:8	4	0.01217451598495245
processed:8	5	0.008442397229373455
processed:8	6	0.005778545048087835
processed:8	7	0.007471678778529167
processed:8	8	0.005652919411659241
processed:8	9	0.009384775534272194
processed:8	10	0.009774806909263134
processed:8	11	0.006828273646533489
processed:8	12	0.008322599343955517
processed:8	13	0.008824211545288563
processed:8	14	0.002800407586619258
processed:8	15	0.0037852167151868343
processed:8	16	0.002414929447695613
processed:8	17	0.002929371315985918
processed:8	18	0.005016475450247526
processed:8	19	0.008762377314269543
processed:8	20	0.005627289414405823
processed:8	21	0.006671126466244459
processed:8	22	0.009802677668631077
processed:8	23	0.009744175709784031
processed:8	24	0.005786132998764515
processed:8	25	0.006765010766685009
processed:8	26	0.010883575305342674
processed:8	27	0.014615202322602272
processed:8	28	0.004188953898847103
processed:8	29	0.019218243658542633
processed:8	30	0.006995426956564188
processed:8	31	0.00369678670540452
processed:8	32	0.009646308608353138
processed:8	33	0.0050332616083323956
processed:8	34	0.004422926343977451
processed:8	35	0.004598822444677353
processed:8	36	0.006906500086188316
processed:8	37	0.009091117419302464
processed:8	38	0.0057108597829937935
processed:8	39	0.006150446832180023
processed:8	40	0.006600171327590942
processed:8	41	0.007491542492061853
processed:8	42	0.007981830276548862
processed:8	43	0.0065966458059847355
processed:8	44	0.006637571379542351
processed:8	45	0.009243692271411419
processed:8	46	0.010803823359310627
processed:8	47	0.006854764185845852
processed:8	48	0.009383618831634521
processed:8	49	0.009883774444460869
processed:8	50	0.02711091935634613
processed:8	51	0.010557474568486214
processed:8	52	0.01938655599951744
processed:8	53	0.02117285132408142
processed:8	54	0.015212482772767544
processed:8	55	0.01531528402119875
processed:8	56	0.013401780277490616
processed:8	57	0.02343258261680603
processed:8	58	0.018845142796635628
processed:8	59	0.014486788772046566
processed:8	60	0.0038832351565361023
processed:8	61	0.017666388303041458
processed:8	62	0.020347509533166885
processed:8	63	0.011268549598753452
processed:8	64	0.011954270303249359
processed:8	65	0.012262661010026932
processed:8	66	0.02670375443994999
processed:8	67	0.01714158244431019
processed:8	68	0.01926475018262863
processed:8	69	0.023105237632989883
processed:8	70	0.00858971569687128
processed:8	71	0.010965440422296524
processed:8	72	0.007192204240709543
processed:8	73	0.008322536945343018
processed:8	74	0.008110246621072292
processed:8	75	0.006550438702106476
processed:8	76	0.008108068257570267
processed:8	77	0.009027144871652126
processed:8	78	0.009487111121416092
processed:8	79	0.012419292703270912
processed:8	80	0.014814937487244606
processed:8	81	0.009404807351529598
processed:8	82	0.00703866221010685
processed:8	83	0.00894568394869566
processed:8	84	0.007125823758542538
processed:8	85	0.008852741681039333
processed:8	86	0.016663266345858574
processed:8	87	0.007017262279987335
processed:8	88	0.001708118594251573
processed:8	89	0.003572317771613598
processed:8	90	0.0025018109008669853
processed:8	91	0.0021444978192448616
processed:8	92	0.0031606624834239483
processed:8	93	0.002396831288933754
processed:8	94	0.0029870576690882444
processed:8	95	0.002344847423955798
processed:8	96	0.007654862944036722
processed:8	97	0.0017614823300391436
processed:8	98	0.009253247641026974
processed:8	99	0.007398747839033604
processed:8	100	0.008792421780526638
processed:8	101	0.010401028208434582
processed:8	102	0.0070633734576404095
processed:8	103	0.0016748839989304543
processed:8	104	0.012278901413083076
processed:8	105	0.005921633448451757
processed:8	106	0.020477136597037315
processed:8	107	0.007839605212211609
processed:8	108	0.010469120927155018
processed:8	109	0.006977034267038107
processed:8	110	0.00972429197281599
processed:8	111	0.012170027941465378
processed:8	112	0.007644919212907553
processed:8	113	0.030242696404457092
processed:8	114	0.003748701186850667
processed:8	115	0.005123320501297712
processed:8	116	0.010691811330616474
processed:8	117	0.00617172010242939
processed:8	118	0.0077344439923763275
processed:8	119	0.04477063566446304
processed:8	120	0.009628976695239544
processed:8	121	0.005181381478905678
processed:8	122	0.009592431597411633
processed:8	123	0.004056560806930065
processed:8	124	0.005370030645281076
processed:8	125	0.0011806710390374064
processed:8	126	0.0008327893447130919
processed:8	127	0.0008010509191080928
processed:8	128	0.00041736967978067696
processed:8	129	0.0017881537787616253
processed:8	130	0.0007972414023242891
processed:8	131	0.0004419289471115917
processed:8	132	7.129666482796893e-05
processed:8	133	0.006927768234163523
processed:8	134	0.0009269278380088508
processed:8	135	0.001184520311653614
processed:8	136	7.217624806798995e-05
processed:8	137	0.0003177546605002135
processed:8	138	0.0007808186346665025
processed:8	139	0.00042871490586549044
processed:8	140	0.00025161198573186994
processed:8	141	0.000735660782083869
processed:8	142	0.0012836465612053871
processed:8	143	0.0007531981682404876
processed:8	144	0.0013919735793024302
processed:8	145	0.0003695080813486129
processed:8	146	0.0008474042406305671
processed:8	147	0.00012450771464500576
processed:8	148	0.0005177672137506306
processed:8	149	0.0007690587663091719
processed:8	150	0.0005294726579450071
processed:8	151	0.0002028229064308107
processed:8	152	0.0002032315533142537
processed:8	153	0.00023264202172867954
processed:8	154	0.0014958775136619806
processed:8	155	0.0017105223378166556
processed:8	156	0.000710692023858428
processed:8	157	0.00022893803543411195
processed:8	158	0.0011884578270837665
processed:8	159	0.00032290900708176196
processed:8	160	0.0005721701891161501
processed:8	161	0.0006806986639276147
processed:8	162	0.0007322346209548414
processed:8	163	0.0009404720040038228
processed:8	164	0.0006443668971769512
processed:8	165	0.0005637097056023777
processed:8	166	0.00013072328874841332
processed:8	167	0.0003290676686447114
processed:8	168	0.0005801265360787511
processed:8	169	0.001269095460884273
processed:8	170	0.0005182777531445026
processed:8	171	0.001368664437904954
processed:8	172	0.0004858914762735367
processed:8	173	0.000652359682135284
processed:8	174	0.0005102156428620219
processed:8	175	0.00030503468587994576
processed:8	176	0.0006207961705513299
processed:8	177	0.001697310945019126
processed:8	178	0.0006701013771817088
processed:8	179	0.0007647094898857176
processed:8	180	0.0001615032961126417
processed:8	181	0.0009295518393628299
processed:8	182	0.0003646338591352105
processed:8	183	0.001010453444905579
processed:8	184	0.006333865690976381
processed:8	185	0.00404133927077055
processed:8	186	0.0006131848786026239
processed:8	187	0.0006241225055418909
processed:8	188	0.0006902144523337483
processed:8	189	0.0008373045129701495
processed:8	190	0.0005316016031429172
processed:8	191	0.005811561830341816
processed:8	192	0.0012194848386570811
processed:8	193	0.0011054413625970483
processed:8	194	0.0010647724848240614
processed:8	195	0.003445687936618924
processed:8	196	0.0008224133052863181
processed:8	197	0.00021182616183068603
processed:8	198	0.0012349067255854607
processed:8	199	0.0037021294701844454
processed:8	200	0.0029023531824350357
processed:8	201	0.0007218007231131196
processed:8	202	0.0011705841170623899
processed:8	203	0.0006713405018672347
processed:8	204	0.007987177930772305
processed:8	205	0.0007449767435900867
processed:8	206	0.0030477410182356834
processed:8	207	0.002788487123325467
processed:8	208	0.003946450538933277
processed:8	209	0.000885740271769464
processed:8	210	0.0022684691939502954
processed:8	211	0.007408938370645046
processed:8	212	0.00257032155059278
processed:8	213	0.0013990638544782996
processed:8	214	0.0004887710674665868
processed:8	215	0.004889348056167364
processed:8	216	0.000316249905154109
processed:8	217	0.0009948441293090582
processed:8	218	0.008967917412519455
processed:8	219	0.004898922983556986
processed:8	220	0.003791457274928689
processed:8	221	0.003611491061747074
processed:8	222	0.014193967916071415
processed:8	223	0.008129709400236607
processed:8	224	0.00072858965722844
processed:8	225	0.008416479453444481
processed:8	226	0.003324846038594842
processed:8	227	0.0014000962255522609
processed:8	228	0.0043370104394853115
processed:8	229	0.0013716198736801744
processed:8	230	0.0004985377890989184
processed:8	231	0.003848231630399823
processed:8	232	0.003423860529437661
processed:8	233	0.0015947273932397366
processed:8	234	0.015329758636653423
processed:8	235	0.000823496317025274
processed:8	236	0.0004953840980306268
processed:8	237	0.002085775835439563
processed:8	238	0.0012082147877663374
processed:8	239	0.003908764570951462
processed:8	240	0.003181683598086238
processed:8	241	0.004763469099998474
processed:8	242	0.0022807654459029436
processed:8	243	0.0005598608404397964
processed:8	244	0.00835072249174118
processed:8	245	0.0007046815590001643
processed:8	246	0.0004593564954120666
processed:8	247	0.0017812041332945228
processed:8	248	0.00046242878306657076
processed:8	249	0.0007762053865008056
processed:8	250	0.0017369441920891404
processed:8	251	0.003192152362316847
processed:8	252	0.0013668303145095706
processed:8	253	0.0020053640473634005
processed:8	254	0.0024843153078109026
processed:8	255	0.00039314397145062685
processed:8	256	0.0007082356605678797
processed:8	257	0.0009722742834128439
processed:8	258	0.005529448390007019
processed:8	259	0.0024770291056483984
processed:8	260	0.001043888507410884
processed:8	261	0.002502150135114789
processed:8	262	0.000499867310281843
processed:8	263	0.004631803836673498
processed:8	264	0.0008080589468590915
processed:8	265	0.00045356625923886895
processed:8	266	0.0047340476885437965
processed:8	267	0.0026577317621558905
processed:8	268	0.0034375989343971014
processed:8	269	0.015200423076748848
processed:8	270	0.006340354681015015
processed:8	271	0.0009290025336667895
processed:8	272	0.000928032910451293
processed:8	273	0.005785282701253891
processed:8	274	0.002257443265989423
processed:8	275	0.0011617644922807813
processed:8	276	0.0021268862765282393
processed:8	277	0.0009084875346161425
processed:8	278	0.003655517939478159
processed:8	279	0.000501573842484504
processed:8	280	0.0004001431807409972
processed:8	281	0.0023512979969382286
processed:8	282	0.006302282679826021
processed:8	283	0.004685723688453436
processed:8	284	0.003606686368584633
processed:8	285	0.0073127164505422115
processed:8	286	0.005713717080652714
processed:8	287	0.011990460567176342
processed:8	288	0.0009478809079155326
processed:8	289	0.0010581989772617817
processed:8	290	0.0001733613753458485
processed:8	291	0.00012201542995171621
processed:8	292	0.006151968613266945
processed:8	293	0.0006246774573810399
processed:8	294	0.0006483484758064151
processed:8	295	0.0003535560390446335
processed:8	296	0.000885765184648335
processed:8	297	0.0012839729897677898
processed:8	298	0.0017846920527517796
processed:8	299	0.0006928473012521863
processed:8	300	0.0009298428194597363
processed:8	301	0.0013738031266257167
processed:8	302	0.005125698167830706
processed:8	303	0.005563386715948582
processed:8	304	0.004433310590684414
processed:8	305	0.0004934347234666348
processed:8	306	0.0033060875721275806
processed:8	307	0.004164375364780426
processed:8	308	0.003917420282959938
processed:8	309	0.002117504132911563
processed:8	310	0.0008145400788635015
processed:8	311	0.0041772047989070415
processed:8	312	0.004249180667102337
processed:8	313	0.004739087540656328
processed:8	314	0.008688720874488354
processed:8	315	0.0063906218856573105
processed:8	316	0.0008748085238039494
processed:8	317	0.0005614924011752009
processed:8	318	0.002128059510141611
processed:8	319	0.0021886921022087336
processed:8	320	0.0016386010684072971
processed:8	321	0.00406129052862525
processed:8	322	0.0023756250739097595
processed:8	323	0.0010428557870909572
processed:8	324	0.0005362349911592901
processed:8	325	0.00028790399665012956
processed:8	326	0.002786609111353755
processed:8	327	0.0015101071912795305
processed:8	328	0.0031201315578073263
processed:8	329	0.0015939077129587531
processed:8	330	0.0009053585235960782
processed:8	331	0.0004778463626280427
processed:8	332	0.00027944607427343726
processed:8	333	0.0012282031821087003
processed:8	334	0.00028674580971710384
processed:8	335	0.0008621570887044072
processed:8	336	0.009488495998084545
processed:8	337	0.0018875082023441792
processed:8	338	0.0005019523669034243
processed:8	339	0.00023371496354229748
processed:8	340	0.00191556999925524
processed:8	341	0.00840011890977621
processed:8	342	0.001572019187733531
processed:8	343	0.0003326575388200581
processed:8	344	0.0006683694664388895
processed:8	345	0.0007112824823707342
processed:8	346	0.001468205126002431
processed:8	347	0.0005077561363577843
processed:8	348	0.0023620123974978924
processed:8	349	0.0023689959198236465
processed:8	350	0.00219987565651536
processed:8	351	0.003903321223333478
processed:8	352	0.00144106219522655
processed:8	353	0.0014188787899911404
processed:8	354	0.0013296827673912048
processed:8	355	0.001368477358482778
processed:8	356	0.00044457672629505396
processed:8	357	0.00042158333235420287
processed:8	358	0.0004174020723439753
processed:8	359	0.0006454068352468312
processed:8	360	0.000365876971045509
processed:8	361	0.0005662107141688466
processed:8	362	0.0007577697397209704
processed:8	363	0.0016376817366108298
processed:8	364	0.001921456423588097
processed:8	365	0.003211786737665534
processed:8	366	0.0004884860245510936
processed:8	367	0.004240854177623987
processed:8	368	0.0015121583128347993
processed:8	369	0.0017489234451204538
processed:8	370	0.005612114444375038
processed:8	371	0.0013953873421996832
processed:8	372	0.0010652909986674786
processed:8	373	0.005068655125796795
processed:8	374	0.0011269544484093785
processed:8	375	0.0005036198999732733
processed:8	376	0.00017449424194637686
processed:8	377	0.008714633993804455
processed:8	378	0.0010108279529958963
processed:8	379	0.0029456024058163166
processed:8	380	0.005959622096270323
processed:8	381	0.016426080837845802
processed:8	382	0.0017662158934399486
processed:8	383	0.0031359565909951925
processed:8	384	0.0011770586716011167
processed:8	385	0.00048769533168524504
processed:8	386	0.010610359720885754
processed:8	387	0.0030555310659110546
processed:8	388	0.0013904181541875005
processed:8	389	0.0021235784515738487
processed:8	390	0.0004687159671448171
processed:8	391	0.0005259559256955981
processed:8	392	0.0004240568960085511
processed:8	393	0.000459005415905267
processed:8	394	0.0013165338896214962
processed:8	395	0.0013027795357629657
processed:8	396	0.004257878754287958
processed:8	397	0.005246451124548912
processed:8	398	0.00329149910248816
processed:8	399	0.001245390623807907
processed:8	400	0.0006920119049027562
processed:8	401	0.0004084519750904292
processed:8	402	0.0010381157044321299
processed:8	403	0.00021830761397723109
processed:8	404	0.00014126242604106665
processed:8	405	0.00022959249326959252
processed:8	406	0.0007336473208852112
processed:8	407	0.0022192958276718855
processed:8	408	0.0002893331984523684
processed:8	409	0.00269860727712512
processed:8	410	0.00032770767575129867
processed:8	411	0.0003709558513946831
processed:8	412	0.0011301662307232618
processed:8	413	0.003004351630806923
processed:8	414	0.0012673771707341075
processed:8	415	0.0013807365903630853
processed:8	416	0.0005219008889980614
processed:8	417	0.02003074251115322
processed:8	418	0.0005406051059253514
processed:8	419	0.004368433728814125
processed:8	420	0.0006314995116554201
processed:8	421	0.0010319494176656008
processed:8	422	0.005050285253673792
processed:8	423	0.0023225669283419847
processed:8	424	0.0005340831121429801
processed:8	425	0.004930458497256041
processed:8	426	0.00019193610933143646
processed:8	427	0.0036239593755453825
processed:8	428	0.000324979453580454
processed:8	429	0.0009042710298672318
processed:8	430	0.007616328541189432
processed:8	431	0.0018230816349387169
processed:8	432	0.0003995953593403101
processed:8	433	0.0003572760324459523
processed:8	434	0.0009636823087930679
processed:8	435	0.0007912536384537816
processed:8	436	0.001056657638400793
processed:8	437	0.0010013420833274722
processed:8	438	0.0012123020133003592
processed:8	439	0.0009901734301820397
processed:8	440	0.0007021680357865989
processed:8	441	0.004007370676845312
processed:8	442	0.002261226996779442
processed:8	443	0.0001905628014355898
processed:8	444	0.0005345124518498778
processed:8	445	0.0003576849994715303
processed:8	446	0.0002058458048850298
processed:8	447	0.0019964028615504503
processed:8	448	0.0011402691015973687
processed:8	449	0.06969998776912689
processed:8	450	0.012189124710857868
processed:8	451	0.0023147936444729567
processed:8	452	0.0024020473938435316
processed:8	453	0.0018840876873582602
processed:8	454	0.002065744251012802
processed:8	455	0.0007199246319942176
processed:8	456	0.0015455761458724737
processed:8	457	0.001891232910566032
processed:8	458	0.0010883072391152382
processed:8	459	0.0005825534462928772
processed:8	460	0.002049587434157729
processed:8	461	0.0010539843933656812
processed:8	462	0.0018907819176092744
processed:8	463	0.0019453021232038736
processed:8	464	0.001283954014070332
processed:8	465	0.0013555235927924514
processed:8	466	0.0019365546759217978
processed:8	467	0.0005855449708178639
processed:8	468	0.0040731425397098064
processed:8	469	0.0012593150604516268
processed:8	470	0.0018816754454746842
processed:8	471	0.0008267391822300851
processed:8	472	0.0011100713163614273
processed:8	473	0.005454445723444223
processed:8	474	0.0008131593931466341
processed:8	475	0.0035118137020617723
processed:8	476	0.004679294303059578
processed:8	477	0.0014614431420341134
processed:8	478	0.000810737197753042
processed:8	479	0.0009388116304762661
processed:8	480	0.001392419682815671
processed:8	481	0.0014968450414016843
processed:8	482	0.004437441937625408
processed:8	483	0.0002452399057801813
processed:8	484	0.004866359755396843
processed:8	485	0.0007236966048367321
processed:8	486	0.021219048649072647
processed:8	487	0.000803033821284771
processed:8	488	0.0033409311436116695
processed:8	489	0.0004492726002354175
processed:8	490	0.008545797318220139
processed:8	491	0.000336530152708292
processed:8	492	0.007341290358453989
processed:8	493	0.012640532106161118
processed:8	494	0.003666249103844166
processed:8	495	0.004842292983084917
processed:8	496	0.0003781246196012944
processed:8	497	0.00014454254414886236
processed:8	498	0.0006828070036135614
processed:8	499	0.0002799092617351562
processed:8	500	0.0006608825642615557
processed:8	501	0.0022277007810771465
processed:8	502	0.00042296122410334647
processed:8	503	0.0022886828519403934
processed:8	504	0.00014959927648305893
processed:8	505	0.0006906783673912287
processed:8	506	0.0004692107904702425
processed:8	507	0.0002625122433528304
processed:8	508	0.0009773001074790955
processed:8	509	0.0005756501923315227
processed:8	510	0.00024126247444655746
processed:8	511	0.0002193098480347544
processed:8	512	0.0001614099892321974
processed:8	513	0.00014032400213181973
processed:8	514	0.00030787542345933616
processed:8	515	0.0004980831872671843
processed:8	516	0.00031391705852001905
processed:8	517	0.00021809393365401775
processed:8	518	0.000678383104968816
processed:8	519	0.003451249562203884
processed:8	520	0.001449749106541276
processed:8	521	0.0005329326377250254
processed:8	522	0.00031838114955462515
processed:8	523	0.0005461957771331072
processed:8	524	0.000966169114690274
processed:8	525	0.000553494319319725
processed:8	526	0.0005794396856799722
processed:8	527	0.00022799396538175642
processed:8	528	0.0012257829075679183
processed:8	529	0.0008986142347566783
processed:8	530	0.000698244315572083
processed:8	531	0.0013609209563583136
processed:8	532	0.004238559398800135
processed:8	533	0.0008104228763841093
processed:8	534	0.003415851853787899
processed:8	535	0.0013869722606614232
processed:8	536	0.0002877615625038743
processed:8	537	0.0009037338895723224
processed:8	538	0.004703541751950979
processed:8	539	0.002020482439547777
processed:8	540	0.0015169335529208183
processed:8	541	0.0002773423329927027
processed:8	542	0.0004068520793225616
processed:8	543	0.000249293603701517
processed:8	544	0.001331242616288364
processed:8	545	0.00584369944408536
processed:8	546	0.012862754985690117
processed:8	547	0.005317267030477524
processed:8	548	0.0011440177913755178
processed:8	549	0.0001777217403287068
processed:8	550	0.0005184292094781995
processed:8	551	0.0019393455004319549
processed:8	552	0.0007871707202866673
processed:8	553	0.0013478640466928482
processed:8	554	0.00043303705751895905
processed:8	555	0.00016970063734333962
processed:8	556	0.0002726813545450568
processed:8	557	0.0012905618641525507
processed:8	558	0.000181028779479675
processed:8	559	0.00031363885500468314
processed:8	560	0.0029213265515863895
processed:8	561	0.007860037498176098
processed:8	562	0.024284953251481056
processed:8	563	0.006479079369455576
processed:8	564	0.0003483487816993147
processed:8	565	0.0015553805278614163
processed:8	566	0.0005634860135614872
processed:8	567	0.00028546893736347556
processed:8	568	0.0009333640336990356
processed:8	569	0.0001983150141313672
processed:8	570	0.0008439834928140044
processed:8	571	0.0005219008889980614
processed:8	572	0.0001274248497793451
processed:8	573	0.0007447393727488816
processed:8	574	0.0011481773108243942
processed:8	575	0.0008486591395922005
processed:8	576	0.0002846902352757752
processed:8	577	0.0010046014795079827
processed:8	578	0.003424203721806407
processed:8	579	0.00035117368679493666
processed:8	580	0.0003389172488823533
processed:8	581	0.022621503099799156
processed:8	582	0.0010736365802586079
processed:8	583	0.00027696395409293473
processed:8	584	0.00029978464590385556
processed:8	585	7.799410377629101e-05
processed:8	586	0.00033782736863940954
processed:8	587	0.0019974273163825274
processed:8	588	0.0008603155147284269
processed:8	589	0.006627530790865421
processed:8	590	0.0006298774969764054
processed:8	591	0.0007728799246251583
processed:8	592	0.0011407634010538459
processed:8	593	0.0004897228791378438
processed:8	594	0.0008062254055403173
processed:8	595	0.0005552308866754174
processed:8	596	0.0006761259865015745
processed:8	597	0.0010266981553286314
processed:8	598	0.001176538527943194
processed:8	599	0.0008280239417217672
processed:8	600	0.0010453549912199378
processed:8	601	0.0006798380054533482
processed:8	602	0.0030049700289964676
processed:8	603	0.0002633447584230453
processed:8	604	0.0014391320291906595
processed:8	605	0.0005934365908615291
processed:8	606	0.00014136673416942358
processed:8	607	0.00033220372279174626
processed:8	608	0.00021677293989341706
processed:8	609	0.00019632036855909973
processed:8	610	0.000210634054383263
processed:8	611	0.00024054905225057155
processed:8	612	0.0010750535875558853
processed:8	613	0.0006041353335604072
processed:8	614	0.0012430233182385564
processed:8	615	0.00010020045010605827
processed:8	616	0.00032353238202631474
processed:8	617	0.001940334215760231
processed:8	618	0.0009686383418738842
processed:8	619	0.0002494693035259843
processed:8	620	0.00035563638084568083
processed:8	621	0.0003048029902856797
processed:8	622	0.0002071640337817371
processed:8	623	0.00043443890172056854
processed:8	624	0.0005355168250389397
processed:8	625	0.00026227982016280293
processed:8	626	0.0004465260135475546
processed:8	627	0.0006060930900275707
processed:8	628	0.000365980202332139
processed:8	629	0.0017011524178087711
processed:8	630	0.0020213481038808823
processed:8	631	0.00035152837517671287
processed:8	632	0.0022970964200794697
processed:8	633	0.008016944862902164
processed:8	634	0.004378258716315031
processed:8	635	0.0030946910846978426
processed:8	636	0.0012546267826110125
processed:8	637	0.0019429844105616212
processed:8	638	0.0004670608032029122
processed:8	639	0.0005794849130325019
processed:8	640	0.0004901915672235191
processed:8	641	0.0004914440214633942
processed:8	642	0.0009825610322877765
processed:8	643	0.0005478337407112122
processed:8	644	0.002950189635157585
processed:8	645	0.0004211509076412767
processed:8	646	0.00030869574402458966
processed:8	647	0.00046271647443063557
processed:8	648	0.00046629211283288896
processed:8	649	0.0006585106602869928
processed:8	650	9.680198127171025e-05
processed:8	651	5.169587166165002e-05
processed:8	652	0.0006009271601215005
processed:8	653	0.002174121793359518
processed:8	654	0.0001260947756236419
processed:8	655	0.002642361680045724
processed:8	656	0.0008475682116113603
processed:8	657	0.0030060631688684225
processed:8	658	0.0015458203852176666
processed:8	659	0.0002617387508507818
processed:8	660	0.0002687189553398639
processed:8	661	0.000288884766632691
processed:8	662	0.0002984053280670196
processed:8	663	0.0003883999597746879
processed:8	664	0.0002423753758193925
processed:8	665	0.00014290105900727212
processed:8	666	0.00036166090285405517
processed:8	667	0.002067587338387966
processed:8	668	0.00040675123455002904
processed:8	669	0.0007787380018271506
processed:8	670	0.004754805006086826
processed:8	671	0.00064826849848032
processed:8	672	0.00039510257192887366
processed:8	673	0.0007102400995790958
processed:8	674	0.0009191218996420503
processed:8	675	0.00024562273756600916
processed:8	676	0.001962800743058324
processed:8	677	0.005522603634744883
processed:8	678	0.0013889861293137074
processed:8	679	0.010976765304803848
processed:8	680	0.00023638179118279368
processed:8	681	0.0016568027203902602
processed:8	682	0.0016400690656155348
processed:8	683	0.0014106332091614604
processed:8	684	0.0013564397813752294
processed:8	685	0.0014157055411487818
processed:8	686	0.0005681316833943129
processed:8	687	0.0011685832869261503
processed:8	688	0.001679324428550899
processed:8	689	0.0010617382358759642
processed:8	690	0.0013158696237951517
processed:8	691	0.001122655114158988
processed:8	692	0.0005824407562613487
processed:8	693	0.0009427430923096836
processed:8	694	0.0012280798982828856
processed:8	695	0.0017772449646145105
processed:8	696	0.004077994730323553
processed:8	697	0.0035926157142966986
processed:8	698	0.005358792841434479
processed:8	699	0.005004642065614462
processed:8	700	0.000788646109867841
processed:8	701	0.0009728706791065633
processed:8	702	0.00047037313925102353
processed:8	703	0.0010784704936668277
processed:8	704	0.004756398033350706
processed:8	705	0.0004708854539785534
processed:8	706	0.003796619363129139
processed:8	707	0.0003066804783884436
processed:8	708	0.003047351259738207
processed:8	709	0.0008199188159778714
processed:8	710	0.0030077083501964808
processed:8	711	0.005402727052569389
processed:8	712	0.003473267424851656
processed:8	713	0.00429685739800334
processed:8	714	0.022831149399280548
processed:8	715	0.0001824067730922252
processed:8	716	0.00027557453722693026
processed:8	717	4.7833305870881304e-05
processed:8	718	0.0003093662962783128
processed:8	719	0.0008212997345253825
processed:8	720	0.0005192256649024785
processed:8	721	0.000508935481775552
processed:8	722	0.0001895657042041421
processed:8	723	0.0006003984599374235
processed:8	724	0.0002218690497102216
processed:8	725	0.00016406762006226927
processed:8	726	0.0005747965769842267
processed:8	727	0.0009310489404015243
processed:8	728	0.0003417515254113823
processed:8	729	0.00042343768291175365
processed:8	730	0.0005072326748631895
processed:8	731	0.00016998566570691764
processed:8	732	0.0004193487693555653
processed:8	733	0.0003287876315880567
processed:8	734	0.0003615888417698443
processed:8	735	0.0015113975387066603
processed:8	736	0.00022066652309149504
processed:8	737	0.0007038392941467464
processed:8	738	0.00039342083618976176
processed:8	739	0.000310933159198612
processed:8	740	0.00024594026035629213
processed:8	741	0.0010835696011781693
processed:8	742	3.933028347091749e-05
processed:8	743	0.00034057185985147953
processed:8	744	0.0003760263789445162
processed:8	745	0.0004989416338503361
processed:8	746	0.0007550486479885876
processed:8	747	0.0008797273621894419
processed:8	748	0.0016247025923803449
processed:8	749	0.0025055394507944584
processed:8	750	0.0017573225777596235
processed:8	751	0.0008973394287750125
processed:8	752	0.0006418692646548152
processed:8	753	0.0008027561125345528
processed:8	754	0.0011468174634501338
processed:8	755	0.0007051104912534356
processed:8	756	0.0015397151000797749
processed:8	757	0.003037377493456006
processed:8	758	0.004954218398779631
processed:8	759	0.0004787089128512889
processed:8	760	0.00038438645424321294
processed:8	761	0.0002028246526606381
processed:8	762	0.0005062335985712707
processed:8	763	0.0007527446723543108
processed:8	764	0.0005324220983311534
processed:8	765	0.0011654772097244859
processed:8	766	0.0004173567285761237
processed:8	767	0.0011843470856547356
processed:8	768	0.0010134121403098106
processed:8	769	0.0007437560125254095
processed:8	770	0.0013053809525445104
processed:8	771	0.00098808656912297
processed:8	772	0.0005144255119375885
processed:8	773	0.0007899634656496346
processed:8	774	5.046854857937433e-05
processed:8	775	0.0006844768649898469
processed:8	776	0.0005074171931482852
processed:8	777	0.0005905364523641765
processed:8	778	0.0008937223465181887
processed:8	779	0.00023745952057652175
processed:8	780	0.00028578483033925295
processed:8	781	0.00032183516304939985
processed:8	782	0.0009343624114990234
processed:8	783	0.0007458548061549664
processed:8	784	0.0014082178240641952
processed:8	785	0.00047587475273758173
processed:8	786	0.0011119869304820895
processed:8	787	0.002357850782573223
processed:8	788	0.0008036010549403727
processed:8	789	0.0009468875941820443
processed:8	790	0.0003975830622948706
processed:8	791	0.00027477985713630915
processed:8	792	0.00031511406996287405
processed:8	793	0.0003652226587291807
processed:8	794	0.000610095274168998
processed:8	795	4.9131012929137796e-05
processed:8	796	0.0018406370654702187
processed:8	797	0.0010416622972115874
processed:8	798	0.0013961795484647155
processed:8	799	0.0006303599802777171
processed:8	800	0.0006065625930204988
processed:8	801	0.0008731454727239907
processed:8	802	0.00030234118457883596
processed:8	803	0.0007939647766761482
processed:8	804	0.00039551901863887906
processed:8	805	0.0014160365099087358
processed:8	806	0.00024760205997154117
processed:8	807	0.0012881940929219127
processed:8	808	0.0006776319933123887
processed:8	809	0.00036681085475720465
processed:8	810	0.0014128286857157946
processed:8	811	0.0003646710538305342
processed:8	812	0.0006066137575544417
processed:8	813	0.0002633947296999395
processed:8	814	0.020357277244329453
processed:8	815	0.008182347752153873
processed:8	816	0.0003546798834577203
processed:8	817	0.0004922451917082071
processed:8	818	0.0006558132008649409
processed:8	819	6.883864989504218e-05
processed:8	820	0.00046881267917342484
processed:8	821	0.002069323556497693
processed:8	822	0.0003073334810324013
processed:8	823	0.006174581125378609
processed:8	824	6.76607305649668e-05
processed:8	825	0.0019154960755258799
processed:8	826	0.027441812679171562
processed:8	827	0.012739861384034157
processed:8	828	0.0007241401472128928
processed:8	829	0.00020240368030499667
processed:8	830	0.0013615359785035253
processed:8	831	0.03465832397341728
processed:8	832	0.009138745255768299
processed:8	833	0.006444496102631092
processed:8	834	0.0001259117852896452
processed:8	835	0.0003853313683066517
processed:8	836	0.0016667299205437303
processed:8	837	0.014910144731402397
processed:8	838	0.00012874561070930213
processed:8	839	0.013660889118909836
processed:8	840	0.0027816297952085733
processed:8	841	0.013991779647767544
processed:8	842	0.007938963361084461
processed:8	843	0.009174510836601257
processed:8	844	0.00061159732285887
processed:8	845	5.331491774995811e-05
processed:8	846	0.002555128186941147
processed:8	847	0.005123352166265249
processed:8	848	0.00778253935277462
processed:8	849	0.004120863974094391
processed:8	850	0.009751301258802414
processed:8	851	1.6259649783023633e-05
processed:8	852	0.0002843069960363209
processed:8	853	1.955141306098085e-05
processed:8	854	0.004888211842626333
processed:8	855	0.005969865247607231
processed:8	856	0.034921810030937195
processed:8	857	0.002015825593844056
processed:8	858	0.023703455924987793
processed:8	859	0.01249856036156416
processed:8	860	0.011504380032420158
processed:8	861	0.009642454795539379
processed:8	862	0.0053720613941550255
processed:8	863	0.01634248159825802
processed:8	864	0.006283702794462442
processed:8	865	0.00047911336878314614
processed:8	866	0.011187396012246609
processed:8	867	0.003209246089681983
processed:8	868	0.00022774278477299958
processed:8	869	0.003939238842576742
processed:8	870	0.0065817758440971375
processed:8	871	0.003822153666988015
processed:8	872	0.00461417343467474
processed:8	873	0.004239797126501799
processed:8	874	0.0009170317207463086
processed:8	875	0.0007332020904868841
processed:8	876	0.00135874655097723
processed:8	877	0.001610400271601975
processed:8	878	0.0006419906858354807
processed:8	879	3.836460746242665e-05
processed:8	880	0.001057743327692151
processed:8	881	0.0029346351511776447
processed:8	882	0.0008005400304682553
processed:8	883	0.003563782200217247
processed:8	884	0.001912579289637506
processed:8	885	0.0003950012905988842
processed:8	886	0.0004162438272032887
processed:8	887	0.0027557399589568377
processed:8	888	0.018285494297742844
processed:8	889	0.010517874732613564
processed:8	890	0.00021164667850825936
processed:8	891	0.009299647994339466
processed:8	892	0.011812369339168072
processed:8	893	0.006325453519821167
processed:8	894	0.0043280771933496
processed:8	895	0.009189985692501068
processed:8	896	5.715504812542349e-05
processed:8	897	0.0015627548564225435
processed:8	898	0.00011342079233145341
processed:8	899	0.00044605316361412406
processed:8	900	0.006019614636898041
processed:8	901	0.0018150891410186887
processed:8	902	2.2946403987589292e-05
processed:8	903	0.0007662796415388584
processed:8	904	0.003998993895947933
processed:8	905	0.0019129124702885747
processed:8	906	0.0032760172616690397
processed:8	907	0.0010240921983495355
processed:8	908	0.00013944566308055073
processed:8	909	0.0003717416257131845
processed:8	910	0.0013101259246468544
processed:8	911	0.010096371173858643
processed:8	912	0.008201311342418194
processed:8	913	0.0004381518519949168
processed:8	914	0.007473821751773357
processed:8	915	0.009021473117172718
processed:8	916	0.003500118851661682
processed:8	917	0.0038428197149187326
processed:8	918	0.00039475850644521415
processed:9	0	0.0034978012554347515
processed:9	1	0.003443600842729211
processed:9	2	0.004757218062877655
processed:9	3	0.006346564274281263
processed:9	4	0.01217451598495245
processed:9	5	0.008442397229373455
processed:9	6	0.005778545048087835
processed:9	7	0.007471678778529167
processed:9	8	0.005652919411659241
processed:9	9	0.009384775534272194
processed:9	10	0.009774806909263134
processed:9	11	0.006828273646533489
processed:9	12	0.008322599343955517
processed:9	13	0.008824211545288563
processed:9	14	0.002800407586619258
processed:9	15	0.0037852167151868343
processed:9	16	0.002414929447695613
processed:9	17	0.002929371315985918
processed:9	18	0.005016475450247526
processed:9	19	0.008762377314269543
processed:9	20	0.005627289414405823
processed:9	21	0.006671126466244459
processed:9	22	0.009802677668631077
processed:9	23	0.009744175709784031
processed:9	24	0.005786132998764515
processed:9	25	0.006765010766685009
processed:9	26	0.010883575305342674
processed:9	27	0.014615202322602272
processed:9	28	0.004188953898847103
processed:9	29	0.019218243658542633
processed:9	30	0.006995426956564188
processed:9	31	0.00369678670540452
processed:9	32	0.009646308608353138
processed:9	33	0.0050332616083323956
processed:9	34	0.004422926343977451
processed:9	35	0.004598822444677353
processed:9	36	0.006906500086188316
processed:9	37	0.009091117419302464
processed:9	38	0.0057108597829937935
processed:9	39	0.006150446832180023
processed:9	40	0.006600171327590942
processed:9	41	0.007491542492061853
processed:9	42	0.007981830276548862
processed:9	43	0.0065966458059847355
processed:9	44	0.006637571379542351
processed:9	45	0.009243692271411419
processed:9	46	0.010803823359310627
processed:9	47	0.006854764185845852
processed:9	48	0.009383618831634521
processed:9	49	0.009883774444460869
processed:9	50	0.02711091935634613
processed:9	51	0.010557474568486214
processed:9	52	0.01938655599951744
processed:9	53	0.02117285132408142
processed:9	54	0.015212482772767544
processed:9	55	0.01531528402119875
processed:9	56	0.013401780277490616
processed:9	57	0.02343258261680603
processed:9	58	0.018845142796635628
processed:9	59	0.014486788772046566
processed:9	60	0.0038832351565361023
processed:9	61	0.017666388303041458
processed:9	62	0.020347509533166885
processed:9	63	0.011268549598753452
processed:9	64	0.011954270303249359
processed:9	65	0.012262661010026932
processed:9	66	0.02670375443994999
processed:9	67	0.01714158244431019
processed:9	68	0.01926475018262863
processed:9	69	0.023105237632989883
processed:9	70	0.00858971569687128
processed:9	71	0.010965440422296524
processed:9	72	0.007192204240709543
processed:9	73	0.008322536945343018
processed:9	74	0.008110246621072292
processed:9	75	0.006550438702106476
processed:9	76	0.008108068257570267
processed:9	77	0.009027144871652126
processed:9	78	0.009487111121416092
processed:9	79	0.012419292703270912
processed:9	80	0.014814937487244606
processed:9	81	0.009404807351529598
processed:9	82	0.00703866221010685
processed:9	83	0.00894568394869566
processed:9	84	0.007125823758542538
processed:9	85	0.008852741681039333
processed:9	86	0.016663266345858574
processed:9	87	0.007017262279987335
processed:9	88	0.001708118594251573
processed:9	89	0.003572317771613598
processed:9	90	0.0025018109008669853
processed:9	91	0.0021444978192448616
processed:9	92	0.0031606624834239483
processed:9	93	0.002396831288933754
processed:9	94	0.0029870576690882444
processed:9	95	0.002344847423955798
processed:9	96	0.007654862944036722
processed:9	97	0.0017614823300391436
processed:9	98	0.009253247641026974
processed:9	99	0.007398747839033604
processed:9	100	0.008792421780526638
processed:9	101	0.010401028208434582
processed:9	102	0.0070633734576404095
processed:9	103	0.0016748839989304543
processed:9	104	0.012278901413083076
processed:9	105	0.005921633448451757
processed:9	106	0.020477136597037315
processed:9	107	0.007839605212211609
processed:9	108	0.010469120927155018
processed:9	109	0.006977034267038107
processed:9	110	0.00972429197281599
processed:9	111	0.012170027941465378
processed:9	112	0.007644919212907553
processed:9	113	0.030242696404457092
processed:9	114	0.003748701186850667
processed:9	115	0.005123320501297712
processed:9	116	0.010691811330616474
processed:9	117	0.00617172010242939
processed:9	118	0.0077344439923763275
processed:9	119	0.04477063566446304
processed:9	120	0.009628976695239544
processed:9	121	0.005181381478905678
processed:9	122	0.009592431597411633
processed:9	123	0.004056560806930065
processed:9	124	0.005370030645281076
processed:9	125	0.0011806710390374064
processed:9	126	0.0008327893447130919
processed:9	127	0.0008010509191080928
processed:9	128	0.00041736967978067696
processed:9	129	0.0017881537787616253
processed:9	130	0.0007972414023242891
processed:9	131	0.0004419289471115917
processed:9	132	7.129666482796893e-05
processed:9	133	0.006927768234163523
processed:9	134	0.0009269278380088508
processed:9	135	0.001184520311653614
processed:9	136	7.217624806798995e-05
processed:9	137	0.0003177546605002135
processed:9	138	0.0007808186346665025
processed:9	139	0.00042871490586549044
processed:9	140	0.00025161198573186994
processed:9	141	0.000735660782083869
processed:9	142	0.0012836465612053871
processed:9	143	0.0007531981682404876
processed:9	144	0.0013919735793024302
processed:9	145	0.0003695080813486129
processed:9	146	0.0008474042406305671
processed:9	147	0.00012450771464500576
processed:9	148	0.0005177672137506306
processed:9	149	0.0007690587663091719
processed:9	150	0.0005294726579450071
processed:9	151	0.0002028229064308107
processed:9	152	0.0002032315533142537
processed:9	153	0.00023264202172867954
processed:9	154	0.0014958775136619806
processed:9	155	0.0017105223378166556
processed:9	156	0.000710692023858428
processed:9	157	0.00022893803543411195
processed:9	158	0.0011884578270837665
processed:9	159	0.00032290900708176196
processed:9	160	0.0005721701891161501
processed:9	161	0.0006806986639276147
processed:9	162	0.0007322346209548414
processed:9	163	0.0009404720040038228
processed:9	164	0.0006443668971769512
processed:9	165	0.0005637097056023777
processed:9	166	0.00013072328874841332
processed:9	167	0.0003290676686447114
processed:9	168	0.0005801265360787511
processed:9	169	0.001269095460884273
processed:9	170	0.0005182777531445026
processed:9	171	0.001368664437904954
processed:9	172	0.0004858914762735367
processed:9	173	0.000652359682135284
processed:9	174	0.0005102156428620219
processed:9	175	0.00030503468587994576
processed:9	176	0.0006207961705513299
processed:9	177	0.001697310945019126
processed:9	178	0.0006701013771817088
processed:9	179	0.0007647094898857176
processed:9	180	0.0001615032961126417
processed:9	181	0.0009295518393628299
processed:9	182	0.0003646338591352105
processed:9	183	0.001010453444905579
processed:9	184	0.006333865690976381
processed:9	185	0.00404133927077055
processed:9	186	0.0006131848786026239
processed:9	187	0.0006241225055418909
processed:9	188	0.0006902144523337483
processed:9	189	0.0008373045129701495
processed:9	190	0.0005316016031429172
processed:9	191	0.005811561830341816
processed:9	192	0.0012194848386570811
processed:9	193	0.0011054413625970483
processed:9	194	0.0010647724848240614
processed:9	195	0.003445687936618924
processed:9	196	0.0008224133052863181
processed:9	197	0.00021182616183068603
processed:9	198	0.0012349067255854607
processed:9	199	0.0037021294701844454
processed:9	200	0.0029023531824350357
processed:9	201	0.0007218007231131196
processed:9	202	0.0011705841170623899
processed:9	203	0.0006713405018672347
processed:9	204	0.007987177930772305
processed:9	205	0.0007449767435900867
processed:9	206	0.0030477410182356834
processed:9	207	0.002788487123325467
processed:9	208	0.003946450538933277
processed:9	209	0.000885740271769464
processed:9	210	0.0022684691939502954
processed:9	211	0.007408938370645046
processed:9	212	0.00257032155059278
processed:9	213	0.0013990638544782996
processed:9	214	0.0004887710674665868
processed:9	215	0.004889348056167364
processed:9	216	0.000316249905154109
processed:9	217	0.0009948441293090582
processed:9	218	0.008967917412519455
processed:9	219	0.004898922983556986
processed:9	220	0.003791457274928689
processed:9	221	0.003611491061747074
processed:9	222	0.014193967916071415
processed:9	223	0.008129709400236607
processed:9	224	0.00072858965722844
processed:9	225	0.008416479453444481
processed:9	226	0.003324846038594842
processed:9	227	0.0014000962255522609
processed:9	228	0.0043370104394853115
processed:9	229	0.0013716198736801744
processed:9	230	0.0004985377890989184
processed:9	231	0.003848231630399823
processed:9	232	0.003423860529437661
processed:9	233	0.0015947273932397366
processed:9	234	0.015329758636653423
processed:9	235	0.000823496317025274
processed:9	236	0.0004953840980306268
processed:9	237	0.002085775835439563
processed:9	238	0.0012082147877663374
processed:9	239	0.003908764570951462
processed:9	240	0.003181683598086238
processed:9	241	0.004763469099998474
processed:9	242	0.0022807654459029436
processed:9	243	0.0005598608404397964
processed:9	244	0.00835072249174118
processed:9	245	0.0007046815590001643
processed:9	246	0.0004593564954120666
processed:9	247	0.0017812041332945228
processed:9	248	0.00046242878306657076
processed:9	249	0.0007762053865008056
processed:9	250	0.0017369441920891404
processed:9	251	0.003192152362316847
processed:9	252	0.0013668303145095706
processed:9	253	0.0020053640473634005
processed:9	254	0.0024843153078109026
processed:9	255	0.00039314397145062685
processed:9	256	0.0007082356605678797
processed:9	257	0.0009722742834128439
processed:9	258	0.005529448390007019
processed:9	259	0.0024770291056483984
processed:9	260	0.001043888507410884
processed:9	261	0.002502150135114789
processed:9	262	0.000499867310281843
processed:9	263	0.004631803836673498
processed:9	264	0.0008080589468590915
processed:9	265	0.00045356625923886895
processed:9	266	0.0047340476885437965
processed:9	267	0.0026577317621558905
processed:9	268	0.0034375989343971014
processed:9	269	0.015200423076748848
processed:9	270	0.006340354681015015
processed:9	271	0.0009290025336667895
processed:9	272	0.000928032910451293
processed:9	273	0.005785282701253891
processed:9	274	0.002257443265989423
processed:9	275	0.0011617644922807813
processed:9	276	0.0021268862765282393
processed:9	277	0.0009084875346161425
processed:9	278	0.003655517939478159
processed:9	279	0.000501573842484504
processed:9	280	0.0004001431807409972
processed:9	281	0.0023512979969382286
processed:9	282	0.006302282679826021
processed:9	283	0.004685723688453436
processed:9	284	0.003606686368584633
processed:9	285	0.0073127164505422115
processed:9	286	0.005713717080652714
processed:9	287	0.011990460567176342
processed:9	288	0.0009478809079155326
processed:9	289	0.0010581989772617817
processed:9	290	0.0001733613753458485
processed:9	291	0.00012201542995171621
processed:9	292	0.006151968613266945
processed:9	293	0.0006246774573810399
processed:9	294	0.0006483484758064151
processed:9	295	0.0003535560390446335
processed:9	296	0.000885765184648335
processed:9	297	0.0012839729897677898
processed:9	298	0.0017846920527517796
processed:9	299	0.0006928473012521863
processed:9	300	0.0009298428194597363
processed:9	301	0.0013738031266257167
processed:9	302	0.005125698167830706
processed:9	303	0.005563386715948582
processed:9	304	0.004433310590684414
processed:9	305	0.0004934347234666348
processed:9	306	0.0033060875721275806
processed:9	307	0.004164375364780426
processed:9	308	0.003917420282959938
processed:9	309	0.002117504132911563
processed:9	310	0.0008145400788635015
processed:9	311	0.0041772047989070415
processed:9	312	0.004249180667102337
processed:9	313	0.004739087540656328
processed:9	314	0.008688720874488354
processed:9	315	0.0063906218856573105
processed:9	316	0.0008748085238039494
processed:9	317	0.0005614924011752009
processed:9	318	0.002128059510141611
processed:9	319	0.0021886921022087336
processed:9	320	0.0016386010684072971
processed:9	321	0.00406129052862525
processed:9	322	0.0023756250739097595
processed:9	323	0.0010428557870909572
processed:9	324	0.0005362349911592901
processed:9	325	0.00028790399665012956
processed:9	326	0.002786609111353755
processed:9	327	0.0015101071912795305
processed:9	328	0.0031201315578073263
processed:9	329	0.0015939077129587531
processed:9	330	0.0009053585235960782
processed:9	331	0.0004778463626280427
processed:9	332	0.00027944607427343726
processed:9	333	0.0012282031821087003
processed:9	334	0.00028674580971710384
processed:9	335	0.0008621570887044072
processed:9	336	0.009488495998084545
processed:9	337	0.0018875082023441792
processed:9	338	0.0005019523669034243
processed:9	339	0.00023371496354229748
processed:9	340	0.00191556999925524
processed:9	341	0.00840011890977621
processed:9	342	0.001572019187733531
processed:9	343	0.0003326575388200581
processed:9	344	0.0006683694664388895
processed:9	345	0.0007112824823707342
processed:9	346	0.001468205126002431
processed:9	347	0.0005077561363577843
processed:9	348	0.0023620123974978924
processed:9	349	0.0023689959198236465
processed:9	350	0.00219987565651536
processed:9	351	0.003903321223333478
processed:9	352	0.00144106219522655
processed:9	353	0.0014188787899911404
processed:9	354	0.0013296827673912048
processed:9	355	0.001368477358482778
processed:9	356	0.00044457672629505396
processed:9	357	0.00042158333235420287
processed:9	358	0.0004174020723439753
processed:9	359	0.0006454068352468312
processed:9	360	0.000365876971045509
processed:9	361	0.0005662107141688466
processed:9	362	0.0007577697397209704
processed:9	363	0.0016376817366108298
processed:9	364	0.001921456423588097
processed:9	365	0.003211786737665534
processed:9	366	0.0004884860245510936
processed:9	367	0.004240854177623987
processed:9	368	0.0015121583128347993
processed:9	369	0.0017489234451204538
processed:9	370	0.005612114444375038
processed:9	371	0.0013953873421996832
processed:9	372	0.0010652909986674786
processed:9	373	0.005068655125796795
processed:9	374	0.0011269544484093785
processed:9	375	0.0005036198999732733
processed:9	376	0.00017449424194637686
processed:9	377	0.008714633993804455
processed:9	378	0.0010108279529958963
processed:9	379	0.0029456024058163166
processed:9	380	0.005959622096270323
processed:9	381	0.016426080837845802
processed:9	382	0.0017662158934399486
processed:9	383	0.0031359565909951925
processed:9	384	0.0011770586716011167
processed:9	385	0.00048769533168524504
processed:9	386	0.010610359720885754
processed:9	387	0.0030555310659110546
processed:9	388	0.0013904181541875005
processed:9	389	0.0021235784515738487
processed:9	390	0.0004687159671448171
processed:9	391	0.0005259559256955981
processed:9	392	0.0004240568960085511
processed:9	393	0.000459005415905267
processed:9	394	0.0013165338896214962
processed:9	395	0.0013027795357629657
processed:9	396	0.004257878754287958
processed:9	397	0.005246451124548912
processed:9	398	0.00329149910248816
processed:9	399	0.001245390623807907
processed:9	400	0.0006920119049027562
processed:9	401	0.0004084519750904292
processed:9	402	0.0010381157044321299
processed:9	403	0.00021830761397723109
processed:9	404	0.00014126242604106665
processed:9	405	0.00022959249326959252
processed:9	406	0.0007336473208852112
processed:9	407	0.0022192958276718855
processed:9	408	0.0002893331984523684
processed:9	409	0.00269860727712512
processed:9	410	0.00032770767575129867
processed:9	411	0.0003709558513946831
processed:9	412	0.0011301662307232618
processed:9	413	0.003004351630806923
processed:9	414	0.0012673771707341075
processed:9	415	0.0013807365903630853
processed:9	416	0.0005219008889980614
processed:9	417	0.02003074251115322
processed:9	418	0.0005406051059253514
processed:9	419	0.004368433728814125
processed:9	420	0.0006314995116554201
processed:9	421	0.0010319494176656008
processed:9	422	0.005050285253673792
processed:9	423	0.0023225669283419847
processed:9	424	0.0005340831121429801
processed:9	425	0.004930458497256041
processed:9	426	0.00019193610933143646
processed:9	427	0.0036239593755453825
processed:9	428	0.000324979453580454
processed:9	429	0.0009042710298672318
processed:9	430	0.007616328541189432
processed:9	431	0.0018230816349387169
processed:9	432	0.0003995953593403101
processed:9	433	0.0003572760324459523
processed:9	434	0.0009636823087930679
processed:9	435	0.0007912536384537816
processed:9	436	0.001056657638400793
processed:9	437	0.0010013420833274722
processed:9	438	0.0012123020133003592
processed:9	439	0.0009901734301820397
processed:9	440	0.0007021680357865989
processed:9	441	0.004007370676845312
processed:9	442	0.002261226996779442
processed:9	443	0.0001905628014355898
processed:9	444	0.0005345124518498778
processed:9	445	0.0003576849994715303
processed:9	446	0.0002058458048850298
processed:9	447	0.0019964028615504503
processed:9	448	0.0011402691015973687
processed:9	449	0.06969998776912689
processed:9	450	0.012189124710857868
processed:9	451	0.0023147936444729567
processed:9	452	0.0024020473938435316
processed:9	453	0.0018840876873582602
processed:9	454	0.002065744251012802
processed:9	455	0.0007199246319942176
processed:9	456	0.0015455761458724737
processed:9	457	0.001891232910566032
processed:9	458	0.0010883072391152382
processed:9	459	0.0005825534462928772
processed:9	460	0.002049587434157729
processed:9	461	0.0010539843933656812
processed:9	462	0.0018907819176092744
processed:9	463	0.0019453021232038736
processed:9	464	0.001283954014070332
processed:9	465	0.0013555235927924514
processed:9	466	0.0019365546759217978
processed:9	467	0.0005855449708178639
processed:9	468	0.0040731425397098064
processed:9	469	0.0012593150604516268
processed:9	470	0.0018816754454746842
processed:9	471	0.0008267391822300851
processed:9	472	0.0011100713163614273
processed:9	473	0.005454445723444223
processed:9	474	0.0008131593931466341
processed:9	475	0.0035118137020617723
processed:9	476	0.004679294303059578
processed:9	477	0.0014614431420341134
processed:9	478	0.000810737197753042
processed:9	479	0.0009388116304762661
processed:9	480	0.001392419682815671
processed:9	481	0.0014968450414016843
processed:9	482	0.004437441937625408
processed:9	483	0.0002452399057801813
processed:9	484	0.004866359755396843
processed:9	485	0.0007236966048367321
processed:9	486	0.021219048649072647
processed:9	487	0.000803033821284771
processed:9	488	0.0033409311436116695
processed:9	489	0.0004492726002354175
processed:9	490	0.008545797318220139
processed:9	491	0.000336530152708292
processed:9	492	0.007341290358453989
processed:9	493	0.012640532106161118
processed:9	494	0.003666249103844166
processed:9	495	0.004842292983084917
processed:9	496	0.0003781246196012944
processed:9	497	0.00014454254414886236
processed:9	498	0.0006828070036135614
processed:9	499	0.0002799092617351562
processed:9	500	0.0006608825642615557
processed:9	501	0.0022277007810771465
processed:9	502	0.00042296122410334647
processed:9	503	0.0022886828519403934
processed:9	504	0.00014959927648305893
processed:9	505	0.0006906783673912287
processed:9	506	0.0004692107904702425
processed:9	507	0.0002625122433528304
processed:9	508	0.0009773001074790955
processed:9	509	0.0005756501923315227
processed:9	510	0.00024126247444655746
processed:9	511	0.0002193098480347544
processed:9	512	0.0001614099892321974
processed:9	513	0.00014032400213181973
processed:9	514	0.00030787542345933616
processed:9	515	0.0004980831872671843
processed:9	516	0.00031391705852001905
processed:9	517	0.00021809393365401775
processed:9	518	0.000678383104968816
processed:9	519	0.003451249562203884
processed:9	520	0.001449749106541276
processed:9	521	0.0005329326377250254
processed:9	522	0.00031838114955462515
processed:9	523	0.0005461957771331072
processed:9	524	0.000966169114690274
processed:9	525	0.000553494319319725
processed:9	526	0.0005794396856799722
processed:9	527	0.00022799396538175642
processed:9	528	0.0012257829075679183
processed:9	529	0.0008986142347566783
processed:9	530	0.000698244315572083
processed:9	531	0.0013609209563583136
processed:9	532	0.004238559398800135
processed:9	533	0.0008104228763841093
processed:9	534	0.003415851853787899
processed:9	535	0.0013869722606614232
processed:9	536	0.0002877615625038743
processed:9	537	0.0009037338895723224
processed:9	538	0.004703541751950979
processed:9	539	0.002020482439547777
processed:9	540	0.0015169335529208183
processed:9	541	0.0002773423329927027
processed:9	542	0.0004068520793225616
processed:9	543	0.000249293603701517
processed:9	544	0.001331242616288364
processed:9	545	0.00584369944408536
processed:9	546	0.012862754985690117
processed:9	547	0.005317267030477524
processed:9	548	0.0011440177913755178
processed:9	549	0.0001777217403287068
processed:9	550	0.0005184292094781995
processed:9	551	0.0019393455004319549
processed:9	552	0.0007871707202866673
processed:9	553	0.0013478640466928482
processed:9	554	0.00043303705751895905
processed:9	555	0.00016970063734333962
processed:9	556	0.0002726813545450568
processed:9	557	0.0012905618641525507
processed:9	558	0.000181028779479675
processed:9	559	0.00031363885500468314
processed:9	560	0.0029213265515863895
processed:9	561	0.007860037498176098
processed:9	562	0.024284953251481056
processed:9	563	0.006479079369455576
processed:9	564	0.0003483487816993147
processed:9	565	0.0015553805278614163
processed:9	566	0.0005634860135614872
processed:9	567	0.00028546893736347556
processed:9	568	0.0009333640336990356
processed:9	569	0.0001983150141313672
processed:9	570	0.0008439834928140044
processed:9	571	0.0005219008889980614
processed:9	572	0.0001274248497793451
processed:9	573	0.0007447393727488816
processed:9	574	0.0011481773108243942
processed:9	575	0.0008486591395922005
processed:9	576	0.0002846902352757752
processed:9	577	0.0010046014795079827
processed:9	578	0.003424203721806407
processed:9	579	0.00035117368679493666
processed:9	580	0.0003389172488823533
processed:9	581	0.022621503099799156
processed:9	582	0.0010736365802586079
processed:9	583	0.00027696395409293473
processed:9	584	0.00029978464590385556
processed:9	585	7.799410377629101e-05
processed:9	586	0.00033782736863940954
processed:9	587	0.0019974273163825274
processed:9	588	0.0008603155147284269
processed:9	589	0.006627530790865421
processed:9	590	0.0006298774969764054
processed:9	591	0.0007728799246251583
processed:9	592	0.0011407634010538459
processed:9	593	0.0004897228791378438
processed:9	594	0.0008062254055403173
processed:9	595	0.0005552308866754174
processed:9	596	0.0006761259865015745
processed:9	597	0.0010266981553286314
processed:9	598	0.001176538527943194
processed:9	599	0.0008280239417217672
processed:9	600	0.0010453549912199378
processed:9	601	0.0006798380054533482
processed:9	602	0.0030049700289964676
processed:9	603	0.0002633447584230453
processed:9	604	0.0014391320291906595
processed:9	605	0.0005934365908615291
processed:9	606	0.00014136673416942358
processed:9	607	0.00033220372279174626
processed:9	608	0.00021677293989341706
processed:9	609	0.00019632036855909973
processed:9	610	0.000210634054383263
processed:9	611	0.00024054905225057155
processed:9	612	0.0010750535875558853
processed:9	613	0.0006041353335604072
processed:9	614	0.0012430233182385564
processed:9	615	0.00010020045010605827
processed:9	616	0.00032353238202631474
processed:9	617	0.001940334215760231
processed:9	618	0.0009686383418738842
processed:9	619	0.0002494693035259843
processed:9	620	0.00035563638084568083
processed:9	621	0.0003048029902856797
processed:9	622	0.0002071640337817371
processed:9	623	0.00043443890172056854
processed:9	624	0.0005355168250389397
processed:9	625	0.00026227982016280293
processed:9	626	0.0004465260135475546
processed:9	627	0.0006060930900275707
processed:9	628	0.000365980202332139
processed:9	629	0.0017011524178087711
processed:9	630	0.0020213481038808823
processed:9	631	0.00035152837517671287
processed:9	632	0.0022970964200794697
processed:9	633	0.008016944862902164
processed:9	634	0.004378258716315031
processed:9	635	0.0030946910846978426
processed:9	636	0.0012546267826110125
processed:9	637	0.0019429844105616212
processed:9	638	0.0004670608032029122
processed:9	639	0.0005794849130325019
processed:9	640	0.0004901915672235191
processed:9	641	0.0004914440214633942
processed:9	642	0.0009825610322877765
processed:9	643	0.0005478337407112122
processed:9	644	0.002950189635157585
processed:9	645	0.0004211509076412767
processed:9	646	0.00030869574402458966
processed:9	647	0.00046271647443063557
processed:9	648	0.00046629211283288896
processed:9	649	0.0006585106602869928
processed:9	650	9.680198127171025e-05
processed:9	651	5.169587166165002e-05
processed:9	652	0.0006009271601215005
processed:9	653	0.002174121793359518
processed:9	654	0.0001260947756236419
processed:9	655	0.002642361680045724
processed:9	656	0.0008475682116113603
processed:9	657	0.0030060631688684225
processed:9	658	0.0015458203852176666
processed:9	659	0.0002617387508507818
processed:9	660	0.0002687189553398639
processed:9	661	0.000288884766632691
processed:9	662	0.0002984053280670196
processed:9	663	0.0003883999597746879
processed:9	664	0.0002423753758193925
processed:9	665	0.00014290105900727212
processed:9	666	0.00036166090285405517
processed:9	667	0.002067587338387966
processed:9	668	0.00040675123455002904
processed:9	669	0.0007787380018271506
processed:9	670	0.004754805006086826
processed:9	671	0.00064826849848032
processed:9	672	0.00039510257192887366
processed:9	673	0.0007102400995790958
processed:9	674	0.0009191218996420503
processed:9	675	0.00024562273756600916
processed:9	676	0.001962800743058324
processed:9	677	0.005522603634744883
processed:9	678	0.0013889861293137074
processed:9	679	0.010976765304803848
processed:9	680	0.00023638179118279368
processed:9	681	0.0016568027203902602
processed:9	682	0.0016400690656155348
processed:9	683	0.0014106332091614604
processed:9	684	0.0013564397813752294
processed:9	685	0.0014157055411487818
processed:9	686	0.0005681316833943129
processed:9	687	0.0011685832869261503
processed:9	688	0.001679324428550899
processed:9	689	0.0010617382358759642
processed:9	690	0.0013158696237951517
processed:9	691	0.001122655114158988
processed:9	692	0.0005824407562613487
processed:9	693	0.0009427430923096836
processed:9	694	0.0012280798982828856
processed:9	695	0.0017772449646145105
processed:9	696	0.004077994730323553
processed:9	697	0.0035926157142966986
processed:9	698	0.005358792841434479
processed:9	699	0.005004642065614462
processed:9	700	0.000788646109867841
processed:9	701	0.0009728706791065633
processed:9	702	0.00047037313925102353
processed:9	703	0.0010784704936668277
processed:9	704	0.004756398033350706
processed:9	705	0.0004708854539785534
processed:9	706	0.003796619363129139
processed:9	707	0.0003066804783884436
processed:9	708	0.003047351259738207
processed:9	709	0.0008199188159778714
processed:9	710	0.0030077083501964808
processed:9	711	0.005402727052569389
processed:9	712	0.003473267424851656
processed:9	713	0.00429685739800334
processed:9	714	0.022831149399280548
processed:9	715	0.0001824067730922252
processed:9	716	0.00027557453722693026
processed:9	717	4.7833305870881304e-05
processed:9	718	0.0003093662962783128
processed:9	719	0.0008212997345253825
processed:9	720	0.0005192256649024785
processed:9	721	0.000508935481775552
processed:9	722	0.0001895657042041421
processed:9	723	0.0006003984599374235
processed:9	724	0.0002218690497102216
processed:9	725	0.00016406762006226927
processed:9	726	0.0005747965769842267
processed:9	727	0.0009310489404015243
processed:9	728	0.0003417515254113823
processed:9	729	0.00042343768291175365
processed:9	730	0.0005072326748631895
processed:9	731	0.00016998566570691764
processed:9	732	0.0004193487693555653
processed:9	733	0.0003287876315880567
processed:9	734	0.0003615888417698443
processed:9	735	0.0015113975387066603
processed:9	736	0.00022066652309149504
processed:9	737	0.0007038392941467464
processed:9	738	0.00039342083618976176
processed:9	739	0.000310933159198612
processed:9	740	0.00024594026035629213
processed:9	741	0.0010835696011781693
processed:9	742	3.933028347091749e-05
processed:9	743	0.00034057185985147953
processed:9	744	0.0003760263789445162
processed:9	745	0.0004989416338503361
processed:9	746	0.0007550486479885876
processed:9	747	0.0008797273621894419
processed:9	748	0.0016247025923803449
processed:9	749	0.0025055394507944584
processed:9	750	0.0017573225777596235
processed:9	751	0.0008973394287750125
processed:9	752	0.0006418692646548152
processed:9	753	0.0008027561125345528
processed:9	754	0.0011468174634501338
processed:9	755	0.0007051104912534356
processed:9	756	0.0015397151000797749
processed:9	757	0.003037377493456006
processed:9	758	0.004954218398779631
processed:9	759	0.0004787089128512889
processed:9	760	0.00038438645424321294
processed:9	761	0.0002028246526606381
processed:9	762	0.0005062335985712707
processed:9	763	0.0007527446723543108
processed:9	764	0.0005324220983311534
processed:9	765	0.0011654772097244859
processed:9	766	0.0004173567285761237
processed:9	767	0.0011843470856547356
processed:9	768	0.0010134121403098106
processed:9	769	0.0007437560125254095
processed:9	770	0.0013053809525445104
processed:9	771	0.00098808656912297
processed:9	772	0.0005144255119375885
processed:9	773	0.0007899634656496346
processed:9	774	5.046854857937433e-05
processed:9	775	0.0006844768649898469
processed:9	776	0.0005074171931482852
processed:9	777	0.0005905364523641765
processed:9	778	0.0008937223465181887
processed:9	779	0.00023745952057652175
processed:9	780	0.00028578483033925295
processed:9	781	0.00032183516304939985
processed:9	782	0.0009343624114990234
processed:9	783	0.0007458548061549664
processed:9	784	0.0014082178240641952
processed:9	785	0.00047587475273758173
processed:9	786	0.0011119869304820895
processed:9	787	0.002357850782573223
processed:9	788	0.0008036010549403727
processed:9	789	0.0009468875941820443
processed:9	790	0.0003975830622948706
processed:9	791	0.00027477985713630915
processed:9	792	0.00031511406996287405
processed:9	793	0.0003652226587291807
processed:9	794	0.000610095274168998
processed:9	795	4.9131012929137796e-05
processed:9	796	0.0018406370654702187
processed:9	797	0.0010416622972115874
processed:9	798	0.0013961795484647155
processed:9	799	0.0006303599802777171
processed:9	800	0.0006065625930204988
processed:9	801	0.0008731454727239907
processed:9	802	0.00030234118457883596
processed:9	803	0.0007939647766761482
processed:9	804	0.00039551901863887906
processed:9	805	0.0014160365099087358
processed:9	806	0.00024760205997154117
processed:9	807	0.0012881940929219127
processed:9	808	0.0006776319933123887
processed:9	809	0.00036681085475720465
processed:9	810	0.0014128286857157946
processed:9	811	0.0003646710538305342
processed:9	812	0.0006066137575544417
processed:9	813	0.0002633947296999395
processed:9	814	0.020357277244329453
processed:9	815	0.008182347752153873
processed:9	816	0.0003546798834577203
processed:9	817	0.0004922451917082071
processed:9	818	0.0006558132008649409
processed:9	819	6.883864989504218e-05
processed:9	820	0.00046881267917342484
processed:9	821	0.002069323556497693
processed:9	822	0.0003073334810324013
processed:9	823	0.006174581125378609
processed:9	824	6.76607305649668e-05
processed:9	825	0.0019154960755258799
processed:9	826	0.027441812679171562
processed:9	827	0.012739861384034157
processed:9	828	0.0007241401472128928
processed:9	829	0.00020240368030499667
processed:9	830	0.0013615359785035253
processed:9	831	0.03465832397341728
processed:9	832	0.009138745255768299
processed:9	833	0.006444496102631092
processed:9	834	0.0001259117852896452
processed:9	835	0.0003853313683066517
processed:9	836	0.0016667299205437303
processed:9	837	0.014910144731402397
processed:9	838	0.00012874561070930213
processed:9	839	0.013660889118909836
processed:9	840	0.0027816297952085733
processed:9	841	0.013991779647767544
processed:9	842	0.007938963361084461
processed:9	843	0.009174510836601257
processed:9	844	0.00061159732285887
processed:9	845	5.331491774995811e-05
processed:9	846	0.002555128186941147
processed:9	847	0.005123352166265249
processed:9	848	0.00778253935277462
processed:9	849	0.004120863974094391
processed:9	850	0.009751301258802414
processed:9	851	1.6259649783023633e-05
processed:9	852	0.0002843069960363209
processed:9	853	1.955141306098085e-05
processed:9	854	0.004888211842626333
processed:9	855	0.005969865247607231
processed:9	856	0.034921810030937195
processed:9	857	0.002015825593844056
processed:9	858	0.023703455924987793
processed:9	859	0.01249856036156416
processed:9	860	0.011504380032420158
processed:9	861	0.009642454795539379
processed:9	862	0.0053720613941550255
processed:9	863	0.01634248159825802
processed:9	864	0.006283702794462442
processed:9	865	0.00047911336878314614
processed:9	866	0.011187396012246609
processed:9	867	0.003209246089681983
processed:9	868	0.00022774278477299958
processed:9	869	0.003939238842576742
processed:9	870	0.0065817758440971375
processed:9	871	0.003822153666988015
processed:9	872	0.00461417343467474
processed:9	873	0.004239797126501799
processed:9	874	0.0009170317207463086
processed:9	875	0.0007332020904868841
processed:9	876	0.00135874655097723
processed:9	877	0.001610400271601975
processed:9	878	0.0006419906858354807
processed:9	879	3.836460746242665e-05
processed:9	880	0.001057743327692151
processed:9	881	0.0029346351511776447
processed:9	882	0.0008005400304682553
processed:9	883	0.003563782200217247
processed:9	884	0.001912579289637506
processed:9	885	0.0003950012905988842
processed:9	886	0.0004162438272032887
processed:9	887	0.0027557399589568377
processed:9	888	0.018285494297742844
processed:9	889	0.010517874732613564
processed:9	890	0.00021164667850825936
processed:9	891	0.009299647994339466
processed:9	892	0.011812369339168072
processed:9	893	0.006325453519821167
processed:9	894	0.0043280771933496
processed:9	895	0.009189985692501068
processed:9	896	5.715504812542349e-05
processed:9	897	0.0015627548564225435
processed:9	898	0.00011342079233145341
processed:9	899	0.00044605316361412406
processed:9	900	0.006019614636898041
processed:9	901	0.0018150891410186887
processed:9	902	2.2946403987589292e-05
processed:9	903	0.0007662796415388584
processed:9	904	0.003998993895947933
processed:9	905	0.0019129124702885747
processed:9	906	0.0032760172616690397
processed:9	907	0.0010240921983495355
processed:9	908	0.00013944566308055073
processed:9	909	0.0003717416257131845
processed:9	910	0.0013101259246468544
processed:9	911	0.010096371173858643
processed:9	912	0.008201311342418194
processed:9	913	0.0004381518519949168
processed:9	914	0.007473821751773357
processed:9	915	0.009021473117172718
processed:9	916	0.003500118851661682
processed:9	917	0.0038428197149187326
processed:9	918	0.00039475850644521415
processed:10	0	0.0034978012554347515
processed:10	1	0.003443600842729211
processed:10	2	0.004757218062877655
processed:10	3	0.006346564274281263
processed:10	4	0.01217451598495245
processed:10	5	0.008442397229373455
processed:10	6	0.005778545048087835
processed:10	7	0.007471678778529167
processed:10	8	0.005652919411659241
processed:10	9	0.009384775534272194
processed:10	10	0.009774806909263134
processed:10	11	0.006828273646533489
processed:10	12	0.008322599343955517
processed:10	13	0.008824211545288563
processed:10	14	0.002800407586619258
processed:10	15	0.0037852167151868343
processed:10	16	0.002414929447695613
processed:10	17	0.002929371315985918
processed:10	18	0.005016475450247526
processed:10	19	0.008762377314269543
processed:10	20	0.005627289414405823
processed:10	21	0.006671126466244459
processed:10	22	0.009802677668631077
processed:10	23	0.009744175709784031
processed:10	24	0.005786132998764515
processed:10	25	0.006765010766685009
processed:10	26	0.010883575305342674
processed:10	27	0.014615202322602272
processed:10	28	0.004188953898847103
processed:10	29	0.019218243658542633
processed:10	30	0.006995426956564188
processed:10	31	0.00369678670540452
processed:10	32	0.009646308608353138
processed:10	33	0.0050332616083323956
processed:10	34	0.004422926343977451
processed:10	35	0.004598822444677353
processed:10	36	0.006906500086188316
processed:10	37	0.009091117419302464
processed:10	38	0.0057108597829937935
processed:10	39	0.006150446832180023
processed:10	40	0.006600171327590942
processed:10	41	0.007491542492061853
processed:10	42	0.007981830276548862
processed:10	43	0.0065966458059847355
processed:10	44	0.006637571379542351
processed:10	45	0.009243692271411419
processed:10	46	0.010803823359310627
processed:10	47	0.006854764185845852
processed:10	48	0.009383618831634521
processed:10	49	0.009883774444460869
processed:10	50	0.02711091935634613
processed:10	51	0.010557474568486214
processed:10	52	0.01938655599951744
processed:10	53	0.02117285132408142
processed:10	54	0.015212482772767544
processed:10	55	0.01531528402119875
processed:10	56	0.013401780277490616
processed:10	57	0.02343258261680603
processed:10	58	0.018845142796635628
processed:10	59	0.014486788772046566
processed:10	60	0.0038832351565361023
processed:10	61	0.017666388303041458
processed:10	62	0.020347509533166885
processed:10	63	0.011268549598753452
processed:10	64	0.011954270303249359
processed:10	65	0.012262661010026932
processed:10	66	0.02670375443994999
processed:10	67	0.01714158244431019
processed:10	68	0.01926475018262863
processed:10	69	0.023105237632989883
processed:10	70	0.00858971569687128
processed:10	71	0.010965440422296524
processed:10	72	0.007192204240709543
processed:10	73	0.008322536945343018
processed:10	74	0.008110246621072292
processed:10	75	0.006550438702106476
processed:10	76	0.008108068257570267
processed:10	77	0.009027144871652126
processed:10	78	0.009487111121416092
processed:10	79	0.012419292703270912
processed:10	80	0.014814937487244606
processed:10	81	0.009404807351529598
processed:10	82	0.00703866221010685
processed:10	83	0.00894568394869566
processed:10	84	0.007125823758542538
processed:10	85	0.008852741681039333
processed:10	86	0.016663266345858574
processed:10	87	0.007017262279987335
processed:10	88	0.001708118594251573
processed:10	89	0.003572317771613598
processed:10	90	0.0025018109008669853
processed:10	91	0.0021444978192448616
processed:10	92	0.0031606624834239483
processed:10	93	0.002396831288933754
processed:10	94	0.0029870576690882444
processed:10	95	0.002344847423955798
processed:10	96	0.007654862944036722
processed:10	97	0.0017614823300391436
processed:10	98	0.009253247641026974
processed:10	99	0.007398747839033604
processed:10	100	0.008792421780526638
processed:10	101	0.010401028208434582
processed:10	102	0.0070633734576404095
processed:10	103	0.0016748839989304543
processed:10	104	0.012278901413083076
processed:10	105	0.005921633448451757
processed:10	106	0.020477136597037315
processed:10	107	0.007839605212211609
processed:10	108	0.010469120927155018
processed:10	109	0.006977034267038107
processed:10	110	0.00972429197281599
processed:10	111	0.012170027941465378
processed:10	112	0.007644919212907553
processed:10	113	0.030242696404457092
processed:10	114	0.003748701186850667
processed:10	115	0.005123320501297712
processed:10	116	0.010691811330616474
processed:10	117	0.00617172010242939
processed:10	118	0.0077344439923763275
processed:10	119	0.04477063566446304
processed:10	120	0.009628976695239544
processed:10	121	0.005181381478905678
processed:10	122	0.009592431597411633
processed:10	123	0.004056560806930065
processed:10	124	0.005370030645281076
processed:10	125	0.0011806710390374064
processed:10	126	0.0008327893447130919
processed:10	127	0.0008010509191080928
processed:10	128	0.00041736967978067696
processed:10	129	0.0017881537787616253
processed:10	130	0.0007972414023242891
processed:10	131	0.0004419289471115917
processed:10	132	7.129666482796893e-05
processed:10	133	0.006927768234163523
processed:10	134	0.0009269278380088508
processed:10	135	0.001184520311653614
processed:10	136	7.217624806798995e-05
processed:10	137	0.0003177546605002135
processed:10	138	0.0007808186346665025
processed:10	139	0.00042871490586549044
processed:10	140	0.00025161198573186994
processed:10	141	0.000735660782083869
processed:10	142	0.0012836465612053871
processed:10	143	0.0007531981682404876
processed:10	144	0.0013919735793024302
processed:10	145	0.0003695080813486129
processed:10	146	0.0008474042406305671
processed:10	147	0.00012450771464500576
processed:10	148	0.0005177672137506306
processed:10	149	0.0007690587663091719
processed:10	150	0.0005294726579450071
processed:10	151	0.0002028229064308107
processed:10	152	0.0002032315533142537
processed:10	153	0.00023264202172867954
processed:10	154	0.0014958775136619806
processed:10	155	0.0017105223378166556
processed:10	156	0.000710692023858428
processed:10	157	0.00022893803543411195
processed:10	158	0.0011884578270837665
processed:10	159	0.00032290900708176196
processed:10	160	0.0005721701891161501
processed:10	161	0.0006806986639276147
processed:10	162	0.0007322346209548414
processed:10	163	0.0009404720040038228
processed:10	164	0.0006443668971769512
processed:10	165	0.0005637097056023777
processed:10	166	0.00013072328874841332
processed:10	167	0.0003290676686447114
processed:10	168	0.0005801265360787511
processed:10	169	0.001269095460884273
processed:10	170	0.0005182777531445026
processed:10	171	0.001368664437904954
processed:10	172	0.0004858914762735367
processed:10	173	0.000652359682135284
processed:10	174	0.0005102156428620219
processed:10	175	0.00030503468587994576
processed:10	176	0.0006207961705513299
processed:10	177	0.001697310945019126
processed:10	178	0.0006701013771817088
processed:10	179	0.0007647094898857176
processed:10	180	0.0001615032961126417
processed:10	181	0.0009295518393628299
processed:10	182	0.0003646338591352105
processed:10	183	0.001010453444905579
processed:10	184	0.006333865690976381
processed:10	185	0.00404133927077055
processed:10	186	0.0006131848786026239
processed:10	187	0.0006241225055418909
processed:10	188	0.0006902144523337483
processed:10	189	0.0008373045129701495
processed:10	190	0.0005316016031429172
processed:10	191	0.005811561830341816
processed:10	192	0.0012194848386570811
processed:10	193	0.0011054413625970483
processed:10	194	0.0010647724848240614
processed:10	195	0.003445687936618924
processed:10	196	0.0008224133052863181
processed:10	197	0.00021182616183068603
processed:10	198	0.0012349067255854607
processed:10	199	0.0037021294701844454
processed:10	200	0.0029023531824350357
processed:10	201	0.0007218007231131196
processed:10	202	0.0011705841170623899
processed:10	203	0.0006713405018672347
processed:10	204	0.007987177930772305
processed:10	205	0.0007449767435900867
processed:10	206	0.0030477410182356834
processed:10	207	0.002788487123325467
processed:10	208	0.003946450538933277
processed:10	209	0.000885740271769464
processed:10	210	0.0022684691939502954
processed:10	211	0.007408938370645046
processed:10	212	0.00257032155059278
processed:10	213	0.0013990638544782996
processed:10	214	0.0004887710674665868
processed:10	215	0.004889348056167364
processed:10	216	0.000316249905154109
processed:10	217	0.0009948441293090582
processed:10	218	0.008967917412519455
processed:10	219	0.004898922983556986
processed:10	220	0.003791457274928689
processed:10	221	0.003611491061747074
processed:10	222	0.014193967916071415
processed:10	223	0.008129709400236607
processed:10	224	0.00072858965722844
processed:10	225	0.008416479453444481
processed:10	226	0.003324846038594842
processed:10	227	0.0014000962255522609
processed:10	228	0.0043370104394853115
processed:10	229	0.0013716198736801744
processed:10	230	0.0004985377890989184
processed:10	231	0.003848231630399823
processed:10	232	0.003423860529437661
processed:10	233	0.0015947273932397366
processed:10	234	0.015329758636653423
processed:10	235	0.000823496317025274
processed:10	236	0.0004953840980306268
processed:10	237	0.002085775835439563
processed:10	238	0.0012082147877663374
processed:10	239	0.003908764570951462
processed:10	240	0.003181683598086238
processed:10	241	0.004763469099998474
processed:10	242	0.0022807654459029436
processed:10	243	0.0005598608404397964
processed:10	244	0.00835072249174118
processed:10	245	0.0007046815590001643
processed:10	246	0.0004593564954120666
processed:10	247	0.0017812041332945228
processed:10	248	0.00046242878306657076
processed:10	249	0.0007762053865008056
processed:10	250	0.0017369441920891404
processed:10	251	0.003192152362316847
processed:10	252	0.0013668303145095706
processed:10	253	0.0020053640473634005
processed:10	254	0.0024843153078109026
processed:10	255	0.00039314397145062685
processed:10	256	0.0007082356605678797
processed:10	257	0.0009722742834128439
processed:10	258	0.005529448390007019
processed:10	259	0.0024770291056483984
processed:10	260	0.001043888507410884
processed:10	261	0.002502150135114789
processed:10	262	0.000499867310281843
processed:10	263	0.004631803836673498
processed:10	264	0.0008080589468590915
processed:10	265	0.00045356625923886895
processed:10	266	0.0047340476885437965
processed:10	267	0.0026577317621558905
processed:10	268	0.0034375989343971014
processed:10	269	0.015200423076748848
processed:10	270	0.006340354681015015
processed:10	271	0.0009290025336667895
processed:10	272	0.000928032910451293
processed:10	273	0.005785282701253891
processed:10	274	0.002257443265989423
processed:10	275	0.0011617644922807813
processed:10	276	0.0021268862765282393
processed:10	277	0.0009084875346161425
processed:10	278	0.003655517939478159
processed:10	279	0.000501573842484504
processed:10	280	0.0004001431807409972
processed:10	281	0.0023512979969382286
processed:10	282	0.006302282679826021
processed:10	283	0.004685723688453436
processed:10	284	0.003606686368584633
processed:10	285	0.0073127164505422115
processed:10	286	0.005713717080652714
processed:10	287	0.011990460567176342
processed:10	288	0.0009478809079155326
processed:10	289	0.0010581989772617817
processed:10	290	0.0001733613753458485
processed:10	291	0.00012201542995171621
processed:10	292	0.006151968613266945
processed:10	293	0.0006246774573810399
processed:10	294	0.0006483484758064151
processed:10	295	0.0003535560390446335
processed:10	296	0.000885765184648335
processed:10	297	0.0012839729897677898
processed:10	298	0.0017846920527517796
processed:10	299	0.0006928473012521863
processed:10	300	0.0009298428194597363
processed:10	301	0.0013738031266257167
processed:10	302	0.005125698167830706
processed:10	303	0.005563386715948582
processed:10	304	0.004433310590684414
processed:10	305	0.0004934347234666348
processed:10	306	0.0033060875721275806
processed:10	307	0.004164375364780426
processed:10	308	0.003917420282959938
processed:10	309	0.002117504132911563
processed:10	310	0.0008145400788635015
processed:10	311	0.0041772047989070415
processed:10	312	0.004249180667102337
processed:10	313	0.004739087540656328
processed:10	314	0.008688720874488354
processed:10	315	0.0063906218856573105
processed:10	316	0.0008748085238039494
processed:10	317	0.0005614924011752009
processed:10	318	0.002128059510141611
processed:10	319	0.0021886921022087336
processed:10	320	0.0016386010684072971
processed:10	321	0.00406129052862525
processed:10	322	0.0023756250739097595
processed:10	323	0.0010428557870909572
processed:10	324	0.0005362349911592901
processed:10	325	0.00028790399665012956
processed:10	326	0.002786609111353755
processed:10	327	0.0015101071912795305
processed:10	328	0.0031201315578073263
processed:10	329	0.0015939077129587531
processed:10	330	0.0009053585235960782
processed:10	331	0.0004778463626280427
processed:10	332	0.00027944607427343726
processed:10	333	0.0012282031821087003
processed:10	334	0.00028674580971710384
processed:10	335	0.0008621570887044072
processed:10	336	0.009488495998084545
processed:10	337	0.0018875082023441792
processed:10	338	0.0005019523669034243
processed:10	339	0.00023371496354229748
processed:10	340	0.00191556999925524
processed:10	341	0.00840011890977621
processed:10	342	0.001572019187733531
processed:10	343	0.0003326575388200581
processed:10	344	0.0006683694664388895
processed:10	345	0.0007112824823707342
processed:10	346	0.001468205126002431
processed:10	347	0.0005077561363577843
processed:10	348	0.0023620123974978924
processed:10	349	0.0023689959198236465
processed:10	350	0.00219987565651536
processed:10	351	0.003903321223333478
processed:10	352	0.00144106219522655
processed:10	353	0.0014188787899911404
processed:10	354	0.0013296827673912048
processed:10	355	0.001368477358482778
processed:10	356	0.00044457672629505396
processed:10	357	0.00042158333235420287
processed:10	358	0.0004174020723439753
processed:10	359	0.0006454068352468312
processed:10	360	0.000365876971045509
processed:10	361	0.0005662107141688466
processed:10	362	0.0007577697397209704
processed:10	363	0.0016376817366108298
processed:10	364	0.001921456423588097
processed:10	365	0.003211786737665534
processed:10	366	0.0004884860245510936
processed:10	367	0.004240854177623987
processed:10	368	0.0015121583128347993
processed:10	369	0.0017489234451204538
processed:10	370	0.005612114444375038
processed:10	371	0.0013953873421996832
processed:10	372	0.0010652909986674786
processed:10	373	0.005068655125796795
processed:10	374	0.0011269544484093785
processed:10	375	0.0005036198999732733
processed:10	376	0.00017449424194637686
processed:10	377	0.008714633993804455
processed:10	378	0.0010108279529958963
processed:10	379	0.0029456024058163166
processed:10	380	0.005959622096270323
processed:10	381	0.016426080837845802
processed:10	382	0.0017662158934399486
processed:10	383	0.0031359565909951925
processed:10	384	0.0011770586716011167
processed:10	385	0.00048769533168524504
processed:10	386	0.010610359720885754
processed:10	387	0.0030555310659110546
processed:10	388	0.0013904181541875005
processed:10	389	0.0021235784515738487
processed:10	390	0.0004687159671448171
processed:10	391	0.0005259559256955981
processed:10	392	0.0004240568960085511
processed:10	393	0.000459005415905267
processed:10	394	0.0013165338896214962
processed:10	395	0.0013027795357629657
processed:10	396	0.004257878754287958
processed:10	397	0.005246451124548912
processed:10	398	0.00329149910248816
processed:10	399	0.001245390623807907
processed:10	400	0.0006920119049027562
processed:10	401	0.0004084519750904292
processed:10	402	0.0010381157044321299
processed:10	403	0.00021830761397723109
processed:10	404	0.00014126242604106665
processed:10	405	0.00022959249326959252
processed:10	406	0.0007336473208852112
processed:10	407	0.0022192958276718855
processed:10	408	0.0002893331984523684
processed:10	409	0.00269860727712512
processed:10	410	0.00032770767575129867
processed:10	411	0.0003709558513946831
processed:10	412	0.0011301662307232618
processed:10	413	0.003004351630806923
processed:10	414	0.0012673771707341075
processed:10	415	0.0013807365903630853
processed:10	416	0.0005219008889980614
processed:10	417	0.02003074251115322
processed:10	418	0.0005406051059253514
processed:10	419	0.004368433728814125
processed:10	420	0.0006314995116554201
processed:10	421	0.0010319494176656008
processed:10	422	0.005050285253673792
processed:10	423	0.0023225669283419847
processed:10	424	0.0005340831121429801
processed:10	425	0.004930458497256041
processed:10	426	0.00019193610933143646
processed:10	427	0.0036239593755453825
processed:10	428	0.000324979453580454
processed:10	429	0.0009042710298672318
processed:10	430	0.007616328541189432
processed:10	431	0.0018230816349387169
processed:10	432	0.0003995953593403101
processed:10	433	0.0003572760324459523
processed:10	434	0.0009636823087930679
processed:10	435	0.0007912536384537816
processed:10	436	0.001056657638400793
processed:10	437	0.0010013420833274722
processed:10	438	0.0012123020133003592
processed:10	439	0.0009901734301820397
processed:10	440	0.0007021680357865989
processed:10	441	0.004007370676845312
processed:10	442	0.002261226996779442
processed:10	443	0.0001905628014355898
processed:10	444	0.0005345124518498778
processed:10	445	0.0003576849994715303
processed:10	446	0.0002058458048850298
processed:10	447	0.0019964028615504503
processed:10	448	0.0011402691015973687
processed:10	449	0.06969998776912689
processed:10	450	0.012189124710857868
processed:10	451	0.0023147936444729567
processed:10	452	0.0024020473938435316
processed:10	453	0.0018840876873582602
processed:10	454	0.002065744251012802
processed:10	455	0.0007199246319942176
processed:10	456	0.0015455761458724737
processed:10	457	0.001891232910566032
processed:10	458	0.0010883072391152382
processed:10	459	0.0005825534462928772
processed:10	460	0.002049587434157729
processed:10	461	0.0010539843933656812
processed:10	462	0.0018907819176092744
processed:10	463	0.0019453021232038736
processed:10	464	0.001283954014070332
processed:10	465	0.0013555235927924514
processed:10	466	0.0019365546759217978
processed:10	467	0.0005855449708178639
processed:10	468	0.0040731425397098064
processed:10	469	0.0012593150604516268
processed:10	470	0.0018816754454746842
processed:10	471	0.0008267391822300851
processed:10	472	0.0011100713163614273
processed:10	473	0.005454445723444223
processed:10	474	0.0008131593931466341
processed:10	475	0.0035118137020617723
processed:10	476	0.004679294303059578
processed:10	477	0.0014614431420341134
processed:10	478	0.000810737197753042
processed:10	479	0.0009388116304762661
processed:10	480	0.001392419682815671
processed:10	481	0.0014968450414016843
processed:10	482	0.004437441937625408
processed:10	483	0.0002452399057801813
processed:10	484	0.004866359755396843
processed:10	485	0.0007236966048367321
processed:10	486	0.021219048649072647
processed:10	487	0.000803033821284771
processed:10	488	0.0033409311436116695
processed:10	489	0.0004492726002354175
processed:10	490	0.008545797318220139
processed:10	491	0.000336530152708292
processed:10	492	0.007341290358453989
processed:10	493	0.012640532106161118
processed:10	494	0.003666249103844166
processed:10	495	0.004842292983084917
processed:10	496	0.0003781246196012944
processed:10	497	0.00014454254414886236
processed:10	498	0.0006828070036135614
processed:10	499	0.0002799092617351562
processed:10	500	0.0006608825642615557
processed:10	501	0.0022277007810771465
processed:10	502	0.00042296122410334647
processed:10	503	0.0022886828519403934
processed:10	504	0.00014959927648305893
processed:10	505	0.0006906783673912287
processed:10	506	0.0004692107904702425
processed:10	507	0.0002625122433528304
processed:10	508	0.0009773001074790955
processed:10	509	0.0005756501923315227
processed:10	510	0.00024126247444655746
processed:10	511	0.0002193098480347544
processed:10	512	0.0001614099892321974
processed:10	513	0.00014032400213181973
processed:10	514	0.00030787542345933616
processed:10	515	0.0004980831872671843
processed:10	516	0.00031391705852001905
processed:10	517	0.00021809393365401775
processed:10	518	0.000678383104968816
processed:10	519	0.003451249562203884
processed:10	520	0.001449749106541276
processed:10	521	0.0005329326377250254
processed:10	522	0.00031838114955462515
processed:10	523	0.0005461957771331072
processed:10	524	0.000966169114690274
processed:10	525	0.000553494319319725
processed:10	526	0.0005794396856799722
processed:10	527	0.00022799396538175642
processed:10	528	0.0012257829075679183
processed:10	529	0.0008986142347566783
processed:10	530	0.000698244315572083
processed:10	531	0.0013609209563583136
processed:10	532	0.004238559398800135
processed:10	533	0.0008104228763841093
processed:10	534	0.003415851853787899
processed:10	535	0.0013869722606614232
processed:10	536	0.0002877615625038743
processed:10	537	0.0009037338895723224
processed:10	538	0.004703541751950979
processed:10	539	0.002020482439547777
processed:10	540	0.0015169335529208183
processed:10	541	0.0002773423329927027
processed:10	542	0.0004068520793225616
processed:10	543	0.000249293603701517
processed:10	544	0.001331242616288364
processed:10	545	0.00584369944408536
processed:10	546	0.012862754985690117
processed:10	547	0.005317267030477524
processed:10	548	0.0011440177913755178
processed:10	549	0.0001777217403287068
processed:10	550	0.0005184292094781995
processed:10	551	0.0019393455004319549
processed:10	552	0.0007871707202866673
processed:10	553	0.0013478640466928482
processed:10	554	0.00043303705751895905
processed:10	555	0.00016970063734333962
processed:10	556	0.0002726813545450568
processed:10	557	0.0012905618641525507
processed:10	558	0.000181028779479675
processed:10	559	0.00031363885500468314
processed:10	560	0.0029213265515863895
processed:10	561	0.007860037498176098
processed:10	562	0.024284953251481056
processed:10	563	0.006479079369455576
processed:10	564	0.0003483487816993147
processed:10	565	0.0015553805278614163
processed:10	566	0.0005634860135614872
processed:10	567	0.00028546893736347556
processed:10	568	0.0009333640336990356
processed:10	569	0.0001983150141313672
processed:10	570	0.0008439834928140044
processed:10	571	0.0005219008889980614
processed:10	572	0.0001274248497793451
processed:10	573	0.0007447393727488816
processed:10	574	0.0011481773108243942
processed:10	575	0.0008486591395922005
processed:10	576	0.0002846902352757752
processed:10	577	0.0010046014795079827
processed:10	578	0.003424203721806407
processed:10	579	0.00035117368679493666
processed:10	580	0.0003389172488823533
processed:10	581	0.022621503099799156
processed:10	582	0.0010736365802586079
processed:10	583	0.00027696395409293473
processed:10	584	0.00029978464590385556
processed:10	585	7.799410377629101e-05
processed:10	586	0.00033782736863940954
processed:10	587	0.0019974273163825274
processed:10	588	0.0008603155147284269
processed:10	589	0.006627530790865421
processed:10	590	0.0006298774969764054
processed:10	591	0.0007728799246251583
processed:10	592	0.0011407634010538459
processed:10	593	0.0004897228791378438
processed:10	594	0.0008062254055403173
processed:10	595	0.0005552308866754174
processed:10	596	0.0006761259865015745
processed:10	597	0.0010266981553286314
processed:10	598	0.001176538527943194
processed:10	599	0.0008280239417217672
processed:10	600	0.0010453549912199378
processed:10	601	0.0006798380054533482
processed:10	602	0.0030049700289964676
processed:10	603	0.0002633447584230453
processed:10	604	0.0014391320291906595
processed:10	605	0.0005934365908615291
processed:10	606	0.00014136673416942358
processed:10	607	0.00033220372279174626
processed:10	608	0.00021677293989341706
processed:10	609	0.00019632036855909973
processed:10	610	0.000210634054383263
processed:10	611	0.00024054905225057155
processed:10	612	0.0010750535875558853
processed:10	613	0.0006041353335604072
processed:10	614	0.0012430233182385564
processed:10	615	0.00010020045010605827
processed:10	616	0.00032353238202631474
processed:10	617	0.001940334215760231
processed:10	618	0.0009686383418738842
processed:10	619	0.0002494693035259843
processed:10	620	0.00035563638084568083
processed:10	621	0.0003048029902856797
processed:10	622	0.0002071640337817371
processed:10	623	0.00043443890172056854
processed:10	624	0.0005355168250389397
processed:10	625	0.00026227982016280293
processed:10	626	0.0004465260135475546
processed:10	627	0.0006060930900275707
processed:10	628	0.000365980202332139
processed:10	629	0.0017011524178087711
processed:10	630	0.0020213481038808823
processed:10	631	0.00035152837517671287
processed:10	632	0.0022970964200794697
processed:10	633	0.008016944862902164
processed:10	634	0.004378258716315031
processed:10	635	0.0030946910846978426
processed:10	636	0.0012546267826110125
processed:10	637	0.0019429844105616212
processed:10	638	0.0004670608032029122
processed:10	639	0.0005794849130325019
processed:10	640	0.0004901915672235191
processed:10	641	0.0004914440214633942
processed:10	642	0.0009825610322877765
processed:10	643	0.0005478337407112122
processed:10	644	0.002950189635157585
processed:10	645	0.0004211509076412767
processed:10	646	0.00030869574402458966
processed:10	647	0.00046271647443063557
processed:10	648	0.00046629211283288896
processed:10	649	0.0006585106602869928
processed:10	650	9.680198127171025e-05
processed:10	651	5.169587166165002e-05
processed:10	652	0.0006009271601215005
processed:10	653	0.002174121793359518
processed:10	654	0.0001260947756236419
processed:10	655	0.002642361680045724
processed:10	656	0.0008475682116113603
processed:10	657	0.0030060631688684225
processed:10	658	0.0015458203852176666
processed:10	659	0.0002617387508507818
processed:10	660	0.0002687189553398639
processed:10	661	0.000288884766632691
processed:10	662	0.0002984053280670196
processed:10	663	0.0003883999597746879
processed:10	664	0.0002423753758193925
processed:10	665	0.00014290105900727212
processed:10	666	0.00036166090285405517
processed:10	667	0.002067587338387966
processed:10	668	0.00040675123455002904
processed:10	669	0.0007787380018271506
processed:10	670	0.004754805006086826
processed:10	671	0.00064826849848032
processed:10	672	0.00039510257192887366
processed:10	673	0.0007102400995790958
processed:10	674	0.0009191218996420503
processed:10	675	0.00024562273756600916
processed:10	676	0.001962800743058324
processed:10	677	0.005522603634744883
processed:10	678	0.0013889861293137074
processed:10	679	0.010976765304803848
processed:10	680	0.00023638179118279368
processed:10	681	0.0016568027203902602
processed:10	682	0.0016400690656155348
processed:10	683	0.0014106332091614604
processed:10	684	0.0013564397813752294
processed:10	685	0.0014157055411487818
processed:10	686	0.0005681316833943129
processed:10	687	0.0011685832869261503
processed:10	688	0.001679324428550899
processed:10	689	0.0010617382358759642
processed:10	690	0.0013158696237951517
processed:10	691	0.001122655114158988
processed:10	692	0.0005824407562613487
processed:10	693	0.0009427430923096836
processed:10	694	0.0012280798982828856
processed:10	695	0.0017772449646145105
processed:10	696	0.004077994730323553
processed:10	697	0.0035926157142966986
processed:10	698	0.005358792841434479
processed:10	699	0.005004642065614462
processed:10	700	0.000788646109867841
processed:10	701	0.0009728706791065633
processed:10	702	0.00047037313925102353
processed:10	703	0.0010784704936668277
processed:10	704	0.004756398033350706
processed:10	705	0.0004708854539785534
processed:10	706	0.003796619363129139
processed:10	707	0.0003066804783884436
processed:10	708	0.003047351259738207
processed:10	709	0.0008199188159778714
processed:10	710	0.0030077083501964808
processed:10	711	0.005402727052569389
processed:10	712	0.003473267424851656
processed:10	713	0.00429685739800334
processed:10	714	0.022831149399280548
processed:10	715	0.0001824067730922252
processed:10	716	0.00027557453722693026
processed:10	717	4.7833305870881304e-05
processed:10	718	0.0003093662962783128
processed:10	719	0.0008212997345253825
processed:10	720	0.0005192256649024785
processed:10	721	0.000508935481775552
processed:10	722	0.0001895657042041421
processed:10	723	0.0006003984599374235
processed:10	724	0.0002218690497102216
processed:10	725	0.00016406762006226927
processed:10	726	0.0005747965769842267
processed:10	727	0.0009310489404015243
processed:10	728	0.0003417515254113823
processed:10	729	0.00042343768291175365
processed:10	730	0.0005072326748631895
processed:10	731	0.00016998566570691764
processed:10	732	0.0004193487693555653
processed:10	733	0.0003287876315880567
processed:10	734	0.0003615888417698443
processed:10	735	0.0015113975387066603
processed:10	736	0.00022066652309149504
processed:10	737	0.0007038392941467464
processed:10	738	0.00039342083618976176
processed:10	739	0.000310933159198612
processed:10	740	0.00024594026035629213
processed:10	741	0.0010835696011781693
processed:10	742	3.933028347091749e-05
processed:10	743	0.00034057185985147953
processed:10	744	0.0003760263789445162
processed:10	745	0.0004989416338503361
processed:10	746	0.0007550486479885876
processed:10	747	0.0008797273621894419
processed:10	748	0.0016247025923803449
processed:10	749	0.0025055394507944584
processed:10	750	0.0017573225777596235
processed:10	751	0.0008973394287750125
processed:10	752	0.0006418692646548152
processed:10	753	0.0008027561125345528
processed:10	754	0.0011468174634501338
processed:10	755	0.0007051104912534356
processed:10	756	0.0015397151000797749
processed:10	757	0.003037377493456006
processed:10	758	0.004954218398779631
processed:10	759	0.0004787089128512889
processed:10	760	0.00038438645424321294
processed:10	761	0.0002028246526606381
processed:10	762	0.0005062335985712707
processed:10	763	0.0007527446723543108
processed:10	764	0.0005324220983311534
processed:10	765	0.0011654772097244859
processed:10	766	0.0004173567285761237
processed:10	767	0.0011843470856547356
processed:10	768	0.0010134121403098106
processed:10	769	0.0007437560125254095
processed:10	770	0.0013053809525445104
processed:10	771	0.00098808656912297
processed:10	772	0.0005144255119375885
processed:10	773	0.0007899634656496346
processed:10	774	5.046854857937433e-05
processed:10	775	0.0006844768649898469
processed:10	776	0.0005074171931482852
processed:10	777	0.0005905364523641765
processed:10	778	0.0008937223465181887
processed:10	779	0.00023745952057652175
processed:10	780	0.00028578483033925295
processed:10	781	0.00032183516304939985
processed:10	782	0.0009343624114990234
processed:10	783	0.0007458548061549664
processed:10	784	0.0014082178240641952
processed:10	785	0.00047587475273758173
processed:10	786	0.0011119869304820895
processed:10	787	0.002357850782573223
processed:10	788	0.0008036010549403727
processed:10	789	0.0009468875941820443
processed:10	790	0.0003975830622948706
processed:10	791	0.00027477985713630915
processed:10	792	0.00031511406996287405
processed:10	793	0.0003652226587291807
processed:10	794	0.000610095274168998
processed:10	795	4.9131012929137796e-05
processed:10	796	0.0018406370654702187
processed:10	797	0.0010416622972115874
processed:10	798	0.0013961795484647155
processed:10	799	0.0006303599802777171
processed:10	800	0.0006065625930204988
processed:10	801	0.0008731454727239907
processed:10	802	0.00030234118457883596
processed:10	803	0.0007939647766761482
processed:10	804	0.00039551901863887906
processed:10	805	0.0014160365099087358
processed:10	806	0.00024760205997154117
processed:10	807	0.0012881940929219127
processed:10	808	0.0006776319933123887
processed:10	809	0.00036681085475720465
processed:10	810	0.0014128286857157946
processed:10	811	0.0003646710538305342
processed:10	812	0.0006066137575544417
processed:10	813	0.0002633947296999395
processed:10	814	0.020357277244329453
processed:10	815	0.008182347752153873
processed:10	816	0.0003546798834577203
processed:10	817	0.0004922451917082071
processed:10	818	0.0006558132008649409
processed:10	819	6.883864989504218e-05
processed:10	820	0.00046881267917342484
processed:10	821	0.002069323556497693
processed:10	822	0.0003073334810324013
processed:10	823	0.006174581125378609
processed:10	824	6.76607305649668e-05
processed:10	825	0.0019154960755258799
processed:10	826	0.027441812679171562
processed:10	827	0.012739861384034157
processed:10	828	0.0007241401472128928
processed:10	829	0.00020240368030499667
processed:10	830	0.0013615359785035253
processed:10	831	0.03465832397341728
processed:10	832	0.009138745255768299
processed:10	833	0.006444496102631092
processed:10	834	0.0001259117852896452
processed:10	835	0.0003853313683066517
processed:10	836	0.0016667299205437303
processed:10	837	0.014910144731402397
processed:10	838	0.00012874561070930213
processed:10	839	0.013660889118909836
processed:10	840	0.0027816297952085733
processed:10	841	0.013991779647767544
processed:10	842	0.007938963361084461
processed:10	843	0.009174510836601257
processed:10	844	0.00061159732285887
processed:10	845	5.331491774995811e-05
processed:10	846	0.002555128186941147
processed:10	847	0.005123352166265249
processed:10	848	0.00778253935277462
processed:10	849	0.004120863974094391
processed:10	850	0.009751301258802414
processed:10	851	1.6259649783023633e-05
processed:10	852	0.0002843069960363209
processed:10	853	1.955141306098085e-05
processed:10	854	0.004888211842626333
processed:10	855	0.005969865247607231
processed:10	856	0.034921810030937195
processed:10	857	0.002015825593844056
processed:10	858	0.023703455924987793
processed:10	859	0.01249856036156416
processed:10	860	0.011504380032420158
processed:10	861	0.009642454795539379
processed:10	862	0.0053720613941550255
processed:10	863	0.01634248159825802
processed:10	864	0.006283702794462442
processed:10	865	0.00047911336878314614
processed:10	866	0.011187396012246609
processed:10	867	0.003209246089681983
processed:10	868	0.00022774278477299958
processed:10	869	0.003939238842576742
processed:10	870	0.0065817758440971375
processed:10	871	0.003822153666988015
processed:10	872	0.00461417343467474
processed:10	873	0.004239797126501799
processed:10	874	0.0009170317207463086
processed:10	875	0.0007332020904868841
processed:10	876	0.00135874655097723
processed:10	877	0.001610400271601975
processed:10	878	0.0006419906858354807
processed:10	879	3.836460746242665e-05
processed:10	880	0.001057743327692151
processed:10	881	0.0029346351511776447
processed:10	882	0.0008005400304682553
processed:10	883	0.003563782200217247
processed:10	884	0.001912579289637506
processed:10	885	0.0003950012905988842
processed:10	886	0.0004162438272032887
processed:10	887	0.0027557399589568377
processed:10	888	0.018285494297742844
processed:10	889	0.010517874732613564
processed:10	890	0.00021164667850825936
processed:10	891	0.009299647994339466
processed:10	892	0.011812369339168072
processed:10	893	0.006325453519821167
processed:10	894	0.0043280771933496
processed:10	895	0.009189985692501068
processed:10	896	5.715504812542349e-05
processed:10	897	0.0015627548564225435
processed:10	898	0.00011342079233145341
processed:10	899	0.00044605316361412406
processed:10	900	0.006019614636898041
processed:10	901	0.0018150891410186887
processed:10	902	2.2946403987589292e-05
processed:10	903	0.0007662796415388584
processed:10	904	0.003998993895947933
processed:10	905	0.0019129124702885747
processed:10	906	0.0032760172616690397
processed:10	907	0.0010240921983495355
processed:10	908	0.00013944566308055073
processed:10	909	0.0003717416257131845
processed:10	910	0.0013101259246468544
processed:10	911	0.010096371173858643
processed:10	912	0.008201311342418194
processed:10	913	0.0004381518519949168
processed:10	914	0.007473821751773357
processed:10	915	0.009021473117172718
processed:10	916	0.003500118851661682
processed:10	917	0.0038428197149187326
processed:10	918	0.00039475850644521415
processed:11	0	0.0034978012554347515
processed:11	1	0.0034436017740517855
processed:11	2	0.004757219925522804
processed:11	3	0.006346562877297401
processed:11	4	0.012174518778920174
processed:11	5	0.008442403748631477
processed:11	6	0.005778549239039421
processed:11	7	0.007471675053238869
processed:11	8	0.005652922205626965
processed:11	9	0.00938478671014309
processed:11	10	0.00977480411529541
processed:11	11	0.006828273646533489
processed:11	12	0.008322609588503838
processed:11	13	0.008824211545288563
processed:11	14	0.002800409682095051
processed:11	15	0.0037852192763239145
processed:11	16	0.002414929447695613
processed:11	17	0.002929372014477849
processed:11	18	0.005016476847231388
processed:11	19	0.008762381970882416
processed:11	20	0.005627289414405823
processed:11	21	0.00667112972587347
processed:11	22	0.00980268232524395
processed:11	23	0.009744173847138882
processed:11	24	0.005786135792732239
processed:11	25	0.006765012163668871
processed:11	26	0.010883588343858719
processed:11	27	0.014615213498473167
processed:11	28	0.0041889529675245285
processed:11	29	0.01921824924647808
processed:11	30	0.006995426956564188
processed:11	31	0.0036967892665416002
processed:11	32	0.009646308608353138
processed:11	33	0.0050332630053162575
processed:11	34	0.004422926343977451
processed:11	35	0.0045988233759999275
processed:11	36	0.0069065033458173275
processed:11	37	0.009091120213270187
processed:11	38	0.0057108597829937935
processed:11	39	0.006150446832180023
processed:11	40	0.006600173190236092
processed:11	41	0.0074915410950779915
processed:11	42	0.007981830276548862
processed:11	43	0.0065966444090008736
processed:11	44	0.006637571379542351
processed:11	45	0.009243692271411419
processed:11	46	0.010803823359310627
processed:11	47	0.006854764185845852
processed:11	48	0.009383618831634521
processed:11	49	0.009883774444460869
processed:11	50	0.027110924944281578
processed:11	51	0.010557487607002258
processed:11	52	0.019386574625968933
processed:11	53	0.021172847598791122
processed:11	54	0.01521247997879982
processed:11	55	0.01531528402119875
processed:11	56	0.013401774689555168
processed:11	57	0.023432590067386627
processed:11	58	0.018845142796635628
processed:11	59	0.014486795291304588
processed:11	60	0.003883233293890953
processed:11	61	0.017666392028331757
processed:11	62	0.020347516983747482
processed:11	63	0.011268552392721176
processed:11	64	0.011954275891184807
processed:11	65	0.01226266473531723
processed:11	66	0.026703769341111183
processed:11	67	0.01714159920811653
processed:11	68	0.019264746457338333
processed:11	69	0.023105230182409286
processed:11	70	0.008589713834226131
processed:11	71	0.010965440422296524
processed:11	72	0.007192204240709543
processed:11	73	0.008322540670633316
processed:11	74	0.00811024196445942
processed:11	75	0.006550438702106476
processed:11	76	0.008108070120215416
processed:11	77	0.009027149528265
processed:11	78	0.009487112984061241
processed:11	79	0.012419287115335464
processed:11	80	0.014814933761954308
processed:11	81	0.009404807351529598
processed:11	82	0.007038665935397148
processed:11	83	0.008945688605308533
processed:11	84	0.0071258251555264
processed:11	85	0.008852748200297356
processed:11	86	0.016663266345858574
processed:11	87	0.007017262279987335
processed:11	88	0.0017081177793443203
processed:11	89	0.003572317771613598
processed:11	90	0.0025018109008669853
processed:11	91	0.002144498284906149
processed:11	92	0.0031606624834239483
processed:11	93	0.002396831288933754
processed:11	94	0.0029870555736124516
processed:11	95	0.002344846725463867
processed:11	96	0.007654862944036722
processed:11	97	0.0017614818643778563
processed:11	98	0.009253247641026974
processed:11	99	0.007398747839033604
processed:11	100	0.008792421780526638
processed:11	101	0.010401031002402306
processed:11	102	0.0070633734576404095
processed:11	103	0.001674883533269167
processed:11	104	0.012278895825147629
processed:11	105	0.0059216320514678955
processed:11	106	0.020477136597037315
processed:11	107	0.007839605212211609
processed:11	108	0.010469123721122742
processed:11	109	0.006977032404392958
processed:11	110	0.009724294766783714
processed:11	111	0.012170027941465378
processed:11	112	0.007644920609891415
processed:11	113	0.030242688953876495
processed:11	114	0.003748703980818391
processed:11	115	0.005123320501297712
processed:11	116	0.010691811330616474
processed:11	117	0.00617172010242939
processed:11	118	0.007734447717666626
processed:11	119	0.04477064311504364
processed:11	120	0.009628979489207268
processed:11	121	0.005181385204195976
processed:11	122	0.00959242507815361
processed:11	123	0.004056563600897789
processed:11	124	0.0053700292482972145
processed:11	125	0.0011806710390374064
processed:11	126	0.0008327885298058391
processed:11	127	0.0008010515011847019
processed:11	128	0.00041736976709216833
processed:11	129	0.0017881520325317979
processed:11	130	0.0007972414023242891
processed:11	131	0.00044192862696945667
processed:11	132	7.129666482796893e-05
processed:11	133	0.006927771493792534
processed:11	134	0.0009269289439544082
processed:11	135	0.0011845207773149014
processed:11	136	7.217624806798995e-05
processed:11	137	0.0003177546605002135
processed:11	138	0.0007808186346665025
processed:11	139	0.00042871531331911683
processed:11	140	0.00025161163648590446
processed:11	141	0.0007356611313298345
processed:11	142	0.0012836458627134562
processed:11	143	0.0007531981682404876
processed:11	144	0.0013919728808104992
processed:11	145	0.00036950799403712153
processed:11	146	0.0008474036585539579
processed:11	147	0.0001245077874045819
processed:11	148	0.0005177673883736134
processed:11	149	0.0007690585916861892
processed:11	150	0.0005294727743603289
processed:11	151	0.0002028230082942173
processed:11	152	0.00020323136413935572
processed:11	153	0.00023264202172867954
processed:11	154	0.0014958770480006933
processed:11	155	0.0017105231527239084
processed:11	156	0.0007106931880116463
processed:11	157	0.00022893813729751855
processed:11	158	0.001188458874821663
processed:11	159	0.000322909327223897
processed:11	160	0.0005721698980778456
processed:11	161	0.000680699129588902
processed:11	162	0.0007322346209548414
processed:11	163	0.0009404715383425355
processed:11	164	0.0006443670717999339
processed:11	165	0.0005637094145640731
processed:11	166	0.0001307234779233113
processed:11	167	0.0003290676686447114
processed:11	168	0.0005801271181553602
processed:11	169	0.001269095460884273
processed:11	170	0.0005182782770134509
processed:11	171	0.0013686653692275286
processed:11	172	0.0004858914762735367
processed:11	173	0.0006523599731735885
processed:11	174	0.0005102159921079874
processed:11	175	0.00030503454036079347
processed:11	176	0.0006207961705513299
processed:11	177	0.0016973118763417006
processed:11	178	0.0006701018428429961
processed:11	179	0.0007647093152627349
processed:11	180	0.0001615032961126417
processed:11	181	0.0009295525378547609
processed:11	182	0.0003646338591352105
processed:11	183	0.0010104539105668664
processed:11	184	0.0063338628970086575
processed:11	185	0.004041343927383423
processed:11	186	0.000613184180110693
processed:11	187	0.0006241219234652817
processed:11	188	0.0006902148015797138
processed:11	189	0.0008373045129701495
processed:11	190	0.0005316021270118654
processed:11	191	0.0058115688152611256
processed:11	192	0.0012194848386570811
processed:11	193	0.0011054413625970483
processed:11	194	0.001064773416146636
processed:11	195	0.0034456911962479353
processed:11	196	0.0008224133052863181
processed:11	197	0.00021182616183068603
processed:11	198	0.0012349069584161043
processed:11	199	0.003702125046402216
processed:11	200	0.0029023531824350357
processed:11	201	0.0007218008977361023
processed:11	202	0.0011705844663083553
processed:11	203	0.0006713406182825565
processed:11	204	0.007987180724740028
processed:11	205	0.000744976568967104
processed:11	206	0.003047740086913109
processed:11	207	0.002788487123325467
processed:11	208	0.003946448676288128
processed:11	209	0.0008857400389388204
processed:11	210	0.0022684670984745026
processed:11	211	0.007408938370645046
processed:11	212	0.002570320852100849
processed:11	213	0.0013990638544782996
processed:11	214	0.000488770951051265
processed:11	215	0.004889346659183502
processed:11	216	0.00031625007977709174
processed:11	217	0.0009948441293090582
processed:11	218	0.008967915549874306
processed:11	219	0.004898921586573124
processed:11	220	0.003791459370404482
processed:11	221	0.003611491061747074
processed:11	222	0.014193964190781116
processed:11	223	0.008129707537591457
processed:11	224	0.0007285893661901355
processed:11	225	0.008416479453444481
processed:11	226	0.003324845340102911
processed:11	227	0.0014000944793224335
processed:11	228	0.004337013699114323
processed:11	229	0.0013716198736801744
processed:11	230	0.0004985382547602057
processed:11	231	0.0038482306990772486
processed:11	232	0.003423860529437661
processed:11	233	0.001594727043993771
processed:11	234	0.0153297558426857
processed:11	235	0.000823496317025274
processed:11	236	0.0004953835159540176
processed:11	237	0.0020857767667621374
processed:11	238	0.0012082147877663374
processed:11	239	0.003908763639628887
processed:11	240	0.003181683598086238
processed:11	241	0.004763469099998474
processed:11	242	0.002280766610056162
processed:11	243	0.000559861131478101
processed:11	244	0.008350728079676628
processed:11	245	0.0007046813843771815
processed:11	246	0.0004593562916852534
processed:11	247	0.00178120331838727
processed:11	248	0.00046242878306657076
processed:11	249	0.0007762055611237884
processed:11	250	0.001736943842843175
processed:11	251	0.003192151663824916
processed:11	252	0.001366830663755536
processed:11	253	0.0020053645130246878
processed:11	254	0.002484316471964121
processed:11	255	0.0003931442624889314
processed:11	256	0.0007082358351908624
processed:11	257	0.0009722745744511485
processed:11	258	0.005529446993023157
processed:11	259	0.002477027475833893
processed:11	260	0.001043888507410884
processed:11	261	0.002502147573977709
processed:11	262	0.0004998674266971648
processed:11	263	0.004631806164979935
processed:11	264	0.0008080591214820743
processed:11	265	0.0004535660264082253
processed:11	266	0.00473404536023736
processed:11	267	0.002657730598002672
processed:11	268	0.0034375982359051704
processed:11	269	0.015200411900877953
processed:11	270	0.006340350024402142
processed:11	271	0.0009290033485740423
processed:11	272	0.0009280333761125803
processed:11	273	0.005785282701253891
processed:11	274	0.0022574439644813538
processed:11	275	0.0011617644922807813
processed:11	276	0.0021268846467137337
processed:11	277	0.0009084855555556715
processed:11	278	0.0036555160768330097
processed:11	279	0.0005015739006921649
processed:11	280	0.0004001430934295058
processed:11	281	0.002351298462599516
processed:11	282	0.006302276626229286
processed:11	283	0.004685722291469574
processed:11	284	0.003606686368584633
processed:11	285	0.0073127164505422115
processed:11	286	0.005713716149330139
processed:11	287	0.011990460567176342
processed:11	288	0.0009478813735768199
processed:11	289	0.001058199442923069
processed:11	290	0.00017336130258627236
processed:11	291	0.00012201542995171621
processed:11	292	0.006151968613266945
processed:11	293	0.0006246777484193444
processed:11	294	0.0006483486504293978
processed:11	295	0.0003535561845637858
processed:11	296	0.0008857649518176913
processed:11	297	0.001283973571844399
processed:11	298	0.0017846915870904922
processed:11	299	0.0006928473012521863
processed:11	300	0.0009298425866290927
processed:11	301	0.0013738037087023258
processed:11	302	0.005125696770846844
processed:11	303	0.005563391838222742
processed:11	304	0.004433308728039265
processed:11	305	0.0004934346070513129
processed:11	306	0.0033060875721275806
processed:11	307	0.004164374433457851
processed:11	308	0.003917418420314789
processed:11	309	0.0021175029687583447
processed:11	310	0.0008145400788635015
processed:11	311	0.004177205730229616
processed:11	312	0.004249178804457188
processed:11	313	0.004739086143672466
processed:11	314	0.008688720874488354
processed:11	315	0.006390620023012161
processed:11	316	0.000874808058142662
processed:11	317	0.0005614926340058446
processed:11	318	0.0021280604414641857
processed:11	319	0.0021886921022087336
processed:11	320	0.00163860188331455
processed:11	321	0.004061292856931686
processed:11	322	0.0023756243754178286
processed:11	323	0.0010428563691675663
processed:11	324	0.0005362348165363073
processed:11	325	0.000287903705611825
processed:11	326	0.002786607015877962
processed:11	327	0.001510107540525496
processed:11	328	0.0031201359815895557
processed:11	329	0.0015939088771119714
processed:11	330	0.0009053583489730954
processed:11	331	0.00047784612979739904
processed:11	332	0.00027944621979258955
processed:11	333	0.0012282037641853094
processed:11	334	0.00028674580971710384
processed:11	335	0.0008621576707810163
processed:11	336	0.009488502517342567
processed:11	337	0.0018875082023441792
processed:11	338	0.0005019521340727806
processed:11	339	0.00023371506540570408
processed:11	340	0.0019155708141624928
processed:11	341	0.008400117047131062
processed:11	342	0.001572019187733531
processed:11	343	0.00033265771344304085
processed:11	344	0.0006683697574771941
processed:11	345	0.0007112828316166997
processed:11	346	0.0014682044275105
processed:11	347	0.0005077562527731061
processed:11	348	0.0023620135616511106
processed:11	349	0.002368994988501072
processed:11	350	0.00219987565651536
processed:11	351	0.0039033202920109034
processed:11	352	0.0014410639414563775
processed:11	353	0.0014188793720677495
processed:11	354	0.0013296820688992739
processed:11	355	0.0013684779405593872
processed:11	356	0.0004445769591256976
processed:11	357	0.0004215836524963379
processed:11	358	0.00041740236338227987
processed:11	359	0.0006454074755311012
processed:11	360	0.00036587659269571304
processed:11	361	0.000566211121622473
processed:11	362	0.0007577701471745968
processed:11	363	0.0016376824351027608
processed:11	364	0.0019214556086808443
processed:11	365	0.003211788833141327
processed:11	366	0.0004884862573817372
processed:11	367	0.004240856505930424
processed:11	368	0.001512160524725914
processed:11	369	0.0017489242600277066
processed:11	370	0.0056121209636330605
processed:11	371	0.0013953887391835451
processed:11	372	0.0010652916971594095
processed:11	373	0.00506865419447422
processed:11	374	0.0011269552633166313
processed:11	375	0.0005036201328039169
processed:11	376	0.000174494314705953
processed:11	377	0.008714632131159306
processed:11	378	0.001010827487334609
processed:11	379	0.002945602871477604
processed:11	380	0.005959623493254185
processed:11	381	0.016426080837845802
processed:11	382	0.0017662154277786613
processed:11	383	0.003135954961180687
processed:11	384	0.0011770583223551512
processed:11	385	0.0004876950988546014
processed:11	386	0.010610353201627731
processed:11	387	0.00305553013458848
processed:11	388	0.0013904181541875005
processed:11	389	0.0021235784515738487
processed:11	390	0.00046871608356013894
processed:11	391	0.0005259555764496326
processed:11	392	0.0004240571870468557
processed:11	393	0.00045900553232058883
processed:11	394	0.0013165342388674617
processed:11	395	0.0013027801178395748
processed:11	396	0.00425788015127182
processed:11	397	0.005246448330581188
processed:11	398	0.0032914974726736546
processed:11	399	0.0012453908566385508
processed:11	400	0.000692012719810009
processed:11	401	0.00040845206240192056
processed:11	402	0.0010381157044321299
processed:11	403	0.0002183075121138245
processed:11	404	0.0001412624988006428
processed:11	405	0.00022959249326959252
processed:11	406	0.0007336469716392457
processed:11	407	0.002219297457486391
processed:11	408	0.0002893330529332161
processed:11	409	0.00269860727712512
processed:11	410	0.0003277078503742814
processed:11	411	0.0003709553275257349
processed:11	412	0.0011301670456305146
processed:11	413	0.003004350233823061
processed:11	414	0.0012673765886574984
processed:11	415	0.0013807371724396944
processed:11	416	0.000521900481544435
processed:11	417	0.020030733197927475
processed:11	418	0.0005406049895100296
processed:11	419	0.0043684327974915504
processed:11	420	0.0006314990459941328
processed:11	421	0.0010319496504962444
processed:11	422	0.00505028385668993
processed:11	423	0.0023225676268339157
processed:11	424	0.0005340829957276583
processed:11	425	0.0049304598942399025
processed:11	426	0.00019193583284504712
processed:11	427	0.0036239568144083023
processed:11	428	0.000324979453580454
processed:11	429	0.0009042699239216745
processed:11	430	0.007616326678544283
processed:11	431	0.0018230807036161423
processed:11	432	0.0003995957667939365
processed:11	433	0.0003572762943804264
processed:11	434	0.0009636820759624243
processed:11	435	0.000791252707131207
processed:11	436	0.0010566571727395058
processed:11	437	0.0010013431310653687
processed:11	438	0.0012123025953769684
processed:11	439	0.0009901736630126834
processed:11	440	0.0007021685596555471
processed:11	441	0.004007368814200163
processed:11	442	0.0022612265311181545
processed:11	443	0.00019056299061048776
processed:11	444	0.000534512335434556
processed:11	445	0.00035768543602898717
processed:11	446	0.0002058456011582166
processed:11	447	0.0019964021630585194
processed:11	448	0.0011402696836739779
processed:11	449	0.06969998776912689
processed:11	450	0.012189121916890144
processed:11	451	0.0023147924803197384
processed:11	452	0.0024020466953516006
processed:11	453	0.0018840876873582602
processed:11	454	0.002065743785351515
processed:11	455	0.0007199244573712349
processed:11	456	0.0015455770771950483
processed:11	457	0.0018912305822595954
processed:11	458	0.0010883072391152382
processed:11	459	0.0005825534462928772
processed:11	460	0.0020495885983109474
processed:11	461	0.0010539833456277847
processed:11	462	0.001890778774395585
processed:11	463	0.0019453021232038736
processed:11	464	0.001283954014070332
processed:11	465	0.0013555242912843823
processed:11	466	0.0019365556072443724
processed:11	467	0.0005855448544025421
processed:11	468	0.004073141608387232
processed:11	469	0.0012593148276209831
processed:11	470	0.001881673582829535
processed:11	471	0.000826738600153476
processed:11	472	0.0011100717820227146
processed:11	473	0.005454447120428085
processed:11	474	0.0008131595095619559
processed:11	475	0.0035118137020617723
processed:11	476	0.004679294303059578
processed:11	477	0.0014614431420341134
processed:11	478	0.0008107368485070765
processed:11	479	0.0009388121543452144
processed:11	480	0.0013924207305535674
processed:11	481	0.0014968450414016843
processed:11	482	0.004437442868947983
processed:11	483	0.00024523978936485946
processed:11	484	0.004866359755396843
processed:11	485	0.0007236964302137494
processed:11	486	0.021219052374362946
processed:11	487	0.0008030339959077537
processed:11	488	0.0033409325405955315
processed:11	489	0.00044927268754690886
processed:11	490	0.00854579545557499
processed:11	491	0.0003365302400197834
processed:11	492	0.007341285236179829
processed:11	493	0.012640532106161118
processed:11	494	0.003666248172521591
processed:11	495	0.004842292983084917
processed:11	496	0.0003781246196012944
processed:11	497	0.00014454254414886236
processed:11	498	0.000682807294651866
processed:11	499	0.00027990940725430846
processed:11	500	0.0006608823896385729
processed:11	501	0.0022277007810771465
processed:11	502	0.00042296090396121144
processed:11	503	0.0022886828519403934
processed:11	504	0.0001495992037234828
processed:11	505	0.0006906781927682459
processed:11	506	0.00046921090688556433
processed:11	507	0.00026251235976815224
processed:11	508	0.0009772987104952335
processed:11	509	0.0005756497848778963
processed:11	510	0.00024126270727720112
processed:11	511	0.0002193100517615676
processed:11	512	0.00016140991647262126
processed:11	513	0.00014032400213181973
processed:11	514	0.00030787556897848845
processed:11	515	0.0004980830708518624
processed:11	516	0.0003139173786621541
processed:11	517	0.00021809383179061115
processed:11	518	0.0006783832795917988
processed:11	519	0.003451246302574873
processed:11	520	0.0014497493393719196
processed:11	521	0.0005329326377250254
processed:11	522	0.00031838114955462515
processed:11	523	0.0005461961263790727
processed:11	524	0.0009661686490289867
processed:11	525	0.0005534939700737596
processed:11	526	0.0005794395692646503
processed:11	527	0.00022799396538175642
processed:11	528	0.001225783140398562
processed:11	529	0.0008986135944724083
processed:11	530	0.0006982446648180485
processed:11	531	0.0013609195593744516
processed:11	532	0.004238560330122709
processed:11	533	0.0008104228763841093
processed:11	534	0.0034158495254814625
processed:11	535	0.0013869726099073887
processed:11	536	0.0002877614460885525
processed:11	537	0.0009037337149493396
processed:11	538	0.004703541751950979
processed:11	539	0.00202048197388649
processed:11	540	0.0015169346006587148
processed:11	541	0.0002773423329927027
processed:11	542	0.00040685245767235756
processed:11	543	0.00024929337087087333
processed:11	544	0.0013312422670423985
processed:11	545	0.00584369944408536
processed:11	546	0.012862754985690117
processed:11	547	0.0053172642365098
processed:11	548	0.0011440180242061615
processed:11	549	0.00017772191495168954
processed:11	550	0.0005184297915548086
processed:11	551	0.0019393455004319549
processed:11	552	0.000787170953117311
processed:11	553	0.0013478627661243081
processed:11	554	0.00043303717393428087
processed:11	555	0.00016970079741440713
processed:11	556	0.00027268147096037865
processed:11	557	0.0012905618641525507
processed:11	558	0.000181028779479675
processed:11	559	0.00031363870948553085
processed:11	560	0.0029213218949735165
processed:11	561	0.007860037498176098
processed:11	562	0.024284953251481056
processed:11	563	0.006479074712842703
processed:11	564	0.00034834901452995837
processed:11	565	0.0015553797129541636
processed:11	566	0.0005634854314848781
processed:11	567	0.00028546908288262784
processed:11	568	0.000933363800868392
processed:11	569	0.0001983151159947738
processed:11	570	0.0008439834928140044
processed:11	571	0.0005219007143750787
processed:11	572	0.00012742477701976895
processed:11	573	0.0007447391981258988
processed:11	574	0.0011481770779937506
processed:11	575	0.0008486595470458269
processed:11	576	0.0002846903807949275
processed:11	577	0.0010046018287539482
processed:11	578	0.003424203721806407
processed:11	579	0.00035117316292598844
processed:11	580	0.0003389173361938447
processed:11	581	0.02262149751186371
processed:11	582	0.0010736370459198952
processed:11	583	0.00027696395409293473
processed:11	584	0.00029978464590385556
processed:11	585	7.799417653586715e-05
processed:11	586	0.00033782742684707046
processed:11	587	0.00199742685072124
processed:11	588	0.0008603157475590706
processed:11	589	0.006627530790865421
processed:11	590	0.0006298774969764054
processed:11	591	0.0007728799246251583
processed:11	592	0.001140763983130455
processed:11	593	0.0004897232283838093
processed:11	594	0.0008062252309173346
processed:11	595	0.0005552311195060611
processed:11	596	0.0006761261029168963
processed:11	597	0.0010266988538205624
processed:11	598	0.0011765379458665848
processed:11	599	0.0008280243491753936
processed:11	600	0.0010453558061271906
processed:11	601	0.0006798384711146355
processed:11	602	0.0030049700289964676
processed:11	603	0.00026334438007324934
processed:11	604	0.0014391327276825905
processed:11	605	0.0005934365908615291
processed:11	606	0.00014136673416942358
processed:11	607	0.00033220372279174626
processed:11	608	0.00021677283803001046
processed:11	609	0.00019632047042250633
processed:11	610	0.000210634054383263
processed:11	611	0.00024054916866589338
processed:11	612	0.0010750533547252417
processed:11	613	0.0006041352171450853
processed:11	614	0.0012430236674845219
processed:11	615	0.00010020054469350725
processed:11	616	0.0003235325566492975
processed:11	617	0.001940334215760231
processed:11	618	0.0009686388075351715
processed:11	619	0.0002494694199413061
processed:11	620	0.00035563670098781586
processed:11	621	0.000304803135804832
processed:11	622	0.00020716423750855029
processed:11	623	0.00043443922186270356
processed:11	624	0.0005355169996619225
processed:11	625	0.00026227993657812476
processed:11	626	0.0004465260135475546
processed:11	627	0.0006060936721041799
processed:11	628	0.00036598072620108724
processed:11	629	0.0017011527670547366
processed:11	630	0.0020213485695421696
processed:11	631	0.000351528637111187
processed:11	632	0.0022970959544181824
processed:11	633	0.008016950450837612
processed:11	634	0.004378259647637606
processed:11	635	0.0030946903862059116
processed:11	636	0.0012546267826110125
processed:11	637	0.0019429848762229085
processed:11	638	0.00046706071589142084
processed:11	639	0.0005794849130325019
processed:11	640	0.0004901914508081973
processed:11	641	0.0004914440214633942
processed:11	642	0.0009825610322877765
processed:11	643	0.0005478337407112122
processed:11	644	0.002950192429125309
processed:11	645	0.00042115163523703814
processed:11	646	0.0003086960350628942
processed:11	647	0.0004627167945727706
processed:11	648	0.0004662925493903458
processed:11	649	0.0006585108349099755
processed:11	650	9.680207585915923e-05
processed:11	651	5.169594442122616e-05
processed:11	652	0.0006009271601215005
processed:11	653	0.002174119697883725
processed:11	654	0.00012609465920832008
processed:11	655	0.0026423591189086437
processed:11	656	0.000847568386234343
processed:11	657	0.0030060652643442154
processed:11	658	0.0015458210837095976
processed:11	659	0.0002617390127852559
processed:11	660	0.00026871883892454207
processed:11	661	0.0002888849121518433
processed:11	662	0.00029840547358617187
processed:11	663	0.0003883998724631965
processed:11	664	0.00024237560865003616
processed:11	665	0.00014290105900727212
processed:11	666	0.00036166099016554654
processed:11	667	0.0020675892010331154
processed:11	668	0.00040675143827684224
processed:11	669	0.000778738409280777
processed:11	670	0.004754807334393263
processed:11	671	0.0006482689641416073
processed:11	672	0.0003951021935790777
processed:11	673	0.0007102402742020786
processed:11	674	0.0009191221324726939
processed:11	675	0.00024562273756600916
processed:11	676	0.001962802605703473
processed:11	677	0.0055226050317287445
processed:11	678	0.0013889868278056383
processed:11	679	0.010976763442158699
processed:11	680	0.00023638179118279368
processed:11	681	0.0016568030696362257
processed:11	682	0.0016400685999542475
processed:11	683	0.001410632859915495
processed:11	684	0.0013564397813752294
processed:11	685	0.0014157044934108853
processed:11	686	0.0005681317998096347
processed:11	687	0.0011685832869261503
processed:11	688	0.0016793268732726574
processed:11	689	0.0010617384687066078
processed:11	690	0.0013158696237951517
processed:11	691	0.0011226548813283443
processed:11	692	0.0005824409890919924
processed:11	693	0.0009427430923096836
processed:11	694	0.001228079665452242
processed:11	695	0.0017772475257515907
processed:11	696	0.0040779998525977135
processed:11	697	0.0035926224663853645
processed:11	698	0.005358792841434479
processed:11	699	0.005004642065614462
processed:11	700	0.0007886466919444501
processed:11	701	0.000972870213445276
processed:11	702	0.000470373488496989
processed:11	703	0.0010784715414047241
processed:11	704	0.0047563971020281315
processed:11	705	0.0004708854539785534
processed:11	706	0.0037966184318065643
processed:11	707	0.000306680187350139
processed:11	708	0.003047351259738207
processed:11	709	0.0008199192234314978
processed:11	710	0.003007706254720688
processed:11	711	0.005402723327279091
processed:11	712	0.0034732690546661615
processed:11	713	0.00429685739800334
processed:11	714	0.022831138223409653
processed:11	715	0.0001824067730922252
processed:11	716	0.00027557453722693026
processed:11	717	4.7833353164605796e-05
processed:11	718	0.0003093664417974651
processed:11	719	0.0008213001419790089
processed:11	720	0.0005192255484871566
processed:11	721	0.0005089355981908739
processed:11	722	0.0001895657042041421
processed:11	723	0.0006003986345604062
processed:11	724	0.0002218690497102216
processed:11	725	0.00016406792565248907
processed:11	726	0.000574796344153583
processed:11	727	0.0009310500463470817
processed:11	728	0.0003417516127228737
processed:11	729	0.00042343756649643183
processed:11	730	0.0005072327912785113
processed:11	731	0.00016998566570691764
processed:11	732	0.0004193486529402435
processed:11	733	0.00032878777710720897
processed:11	734	0.0003615891037043184
processed:11	735	0.0015113975387066603
processed:11	736	0.00022066662495490164
processed:11	737	0.000703839585185051
processed:11	738	0.00039342092350125313
processed:11	739	0.000310933159198612
processed:11	740	0.00024594026035629213
processed:11	741	0.0010835700668394566
processed:11	742	3.933024709112942e-05
processed:11	743	0.00034057136508636177
processed:11	744	0.00037602646625600755
processed:11	745	0.0004989422159269452
processed:11	746	0.0007550488226115704
processed:11	747	0.0008797284099273384
processed:11	748	0.0016247013118118048
processed:11	749	0.002505538985133171
processed:11	750	0.0017573230434209108
processed:11	751	0.0008973394287750125
processed:11	752	0.0006418687989935279
processed:11	753	0.0008027565199881792
processed:11	754	0.0011468168813735247
processed:11	755	0.0007051104912534356
processed:11	756	0.0015397146344184875
processed:11	757	0.003037377493456006
processed:11	758	0.004954217001795769
processed:11	759	0.00047870923299342394
processed:11	760	0.00038438645424321294
processed:11	761	0.0002028246526606381
processed:11	762	0.000506234064232558
processed:11	763	0.0007527453708462417
processed:11	764	0.0005324220983311534
processed:11	765	0.0011654775589704514
processed:11	766	0.0004173569323029369
processed:11	767	0.0011843476677313447
processed:11	768	0.0010134121403098106
processed:11	769	0.0007437560125254095
processed:11	770	0.0013053813017904758
processed:11	771	0.000988085987046361
processed:11	772	0.0005144255119375885
processed:11	773	0.0007899636402726173
processed:11	774	5.046854857937433e-05
processed:11	775	0.0006844766903668642
processed:11	776	0.0005074176588095725
processed:11	777	0.0005905363359488547
processed:11	778	0.0008937227539718151
processed:11	779	0.00023745952057652175
processed:11	780	0.00028578483033925295
processed:11	781	0.00032183516304939985
processed:11	782	0.0009343619458377361
processed:11	783	0.0007458551554009318
processed:11	784	0.0014082167763262987
processed:11	785	0.00047587440349161625
processed:11	786	0.0011119869304820895
processed:11	787	0.002357850316911936
processed:11	788	0.0008036006474867463
processed:11	789	0.0009468875941820443
processed:11	790	0.00039758323691785336
processed:11	791	0.00027477959520183504
processed:11	792	0.00031511392444372177
processed:11	793	0.0003652226587291807
processed:11	794	0.000610095274168998
processed:11	795	4.9130991101264954e-05
processed:11	796	0.0018406365998089314
processed:11	797	0.0010416628792881966
processed:11	798	0.0013961795484647155
processed:11	799	0.0006303595146164298
processed:11	800	0.0006065628840588033
processed:11	801	0.0008731447160243988
processed:11	802	0.00030234118457883596
processed:11	803	0.0007939649512991309
processed:11	804	0.00039551910595037043
processed:11	805	0.0014160359278321266
processed:11	806	0.00024760194355621934
processed:11	807	0.0012881940929219127
processed:11	808	0.0006776321097277105
processed:11	809	0.0003668104764074087
processed:11	810	0.00141282903496176
processed:11	811	0.00036467122845351696
processed:11	812	0.000606613582931459
processed:11	813	0.0002633947296999395
processed:11	814	0.02035728096961975
processed:11	815	0.008182351477444172
processed:11	816	0.000354680058080703
processed:11	817	0.0004922454245388508
processed:11	818	0.0006558127352036536
processed:11	819	6.883871537866071e-05
processed:11	820	0.0004688130284193903
processed:11	821	0.0020693240221589804
processed:11	822	0.0003073333064094186
processed:11	823	0.006174586713314056
processed:11	824	6.76607305649668e-05
processed:11	825	0.0019154951442033052
processed:11	826	0.027441807091236115
processed:11	827	0.012739861384034157
processed:11	828	0.000724141369573772
processed:11	829	0.00020240368030499667
processed:11	830	0.0013615353964269161
processed:11	831	0.034658316522836685
processed:11	832	0.009138751775026321
processed:11	833	0.006444491446018219
processed:11	834	0.0001259117852896452
processed:11	835	0.0003853309899568558
processed:11	836	0.0016667299205437303
processed:11	837	0.014910144731402397
processed:11	838	0.00012874561070930213
processed:11	839	0.01366090215742588
processed:11	840	0.0027816318906843662
processed:11	841	0.013991796411573887
processed:11	842	0.00793896522372961
processed:11	843	0.009174514561891556
processed:11	844	0.0006115968571975827
processed:11	845	5.331489228410646e-05
processed:11	846	0.0025551295839250088
processed:11	847	0.005123352166265249
processed:11	848	0.00778253935277462
processed:11	849	0.0041208649054169655
processed:11	850	0.009751301258802414
processed:11	851	1.6259657058981247e-05
processed:11	852	0.00028430711245164275
processed:11	853	1.9551422155927867e-05
processed:11	854	0.004888216033577919
processed:11	855	0.005969869904220104
processed:11	856	0.03492181375622749
processed:11	857	0.0020158260595053434
processed:11	858	0.023703455924987793
processed:11	859	0.012498557567596436
processed:11	860	0.011504385620355606
processed:11	861	0.009642454795539379
processed:11	862	0.0053720613941550255
processed:11	863	0.016342492774128914
processed:11	864	0.0062837013974785805
processed:11	865	0.0004791136016137898
processed:11	866	0.011187398806214333
processed:11	867	0.003209243528544903
processed:11	868	0.00022774268290959299
processed:11	869	0.003939240705221891
processed:11	870	0.006581777706742287
processed:11	871	0.003822153666988015
processed:11	872	0.004614175762981176
processed:11	873	0.004239798989146948
processed:11	874	0.0009170312550850213
processed:11	875	0.0007332020904868841
processed:11	876	0.0013587478315457702
processed:11	877	0.0016104010865092278
processed:11	878	0.0006419906858354807
processed:11	879	3.836455289274454e-05
processed:11	880	0.0010577430948615074
processed:11	881	0.00293463421985507
processed:11	882	0.000800540205091238
processed:11	883	0.0035637812688946724
processed:11	884	0.0019125784747302532
processed:11	885	0.0003950013779103756
processed:11	886	0.0004162438272032887
processed:11	887	0.0027557406574487686
processed:11	888	0.018285486847162247
processed:11	889	0.010517880320549011
processed:11	890	0.00021164689678698778
processed:11	891	0.00929965078830719
processed:11	892	0.011812369339168072
processed:11	893	0.006325451657176018
processed:11	894	0.004328079521656036
processed:11	895	0.009189989417791367
processed:11	896	5.715512816095725e-05
processed:11	897	0.0015627567190676928
processed:11	898	0.00011342079233145341
processed:11	899	0.00044605316361412406
processed:11	900	0.00601961649954319
processed:11	901	0.0018150894902646542
processed:11	902	2.2946394892642274e-05
processed:11	903	0.0007662799907848239
processed:11	904	0.003998995758593082
processed:11	905	0.0019129121210426092
processed:11	906	0.003276015631854534
processed:11	907	0.0010240927804261446
processed:11	908	0.00013944566308055073
processed:11	909	0.0003717415384016931
processed:11	910	0.0013101274380460382
processed:11	911	0.010096373036503792
processed:11	912	0.008201309479773045
processed:11	913	0.00043815173557959497
processed:11	914	0.007473821751773357
processed:11	915	0.009021473117172718
processed:11	916	0.003500118851661682
processed:11	917	0.0038428197149187326
processed:11	918	0.0003947585937567055
processed:12	0	0.0034978012554347515
processed:12	1	0.0034436017740517855
processed:12	2	0.004757219925522804
processed:12	3	0.006346562877297401
processed:12	4	0.012174518778920174
processed:12	5	0.008442403748631477
processed:12	6	0.005778549239039421
processed:12	7	0.007471675053238869
processed:12	8	0.005652922205626965
processed:12	9	0.00938478671014309
processed:12	10	0.00977480411529541
processed:12	11	0.006828273646533489
processed:12	12	0.008322609588503838
processed:12	13	0.008824211545288563
processed:12	14	0.002800409682095051
processed:12	15	0.0037852192763239145
processed:12	16	0.002414929447695613
processed:12	17	0.002929372014477849
processed:12	18	0.005016476847231388
processed:12	19	0.008762381970882416
processed:12	20	0.005627289414405823
processed:12	21	0.00667112972587347
processed:12	22	0.00980268232524395
processed:12	23	0.009744173847138882
processed:12	24	0.005786135792732239
processed:12	25	0.006765012163668871
processed:12	26	0.010883588343858719
processed:12	27	0.014615213498473167
processed:12	28	0.0041889529675245285
processed:12	29	0.01921824924647808
processed:12	30	0.006995426956564188
processed:12	31	0.0036967892665416002
processed:12	32	0.009646308608353138
processed:12	33	0.0050332630053162575
processed:12	34	0.004422926343977451
processed:12	35	0.0045988233759999275
processed:12	36	0.0069065033458173275
processed:12	37	0.009091120213270187
processed:12	38	0.0057108597829937935
processed:12	39	0.006150446832180023
processed:12	40	0.006600173190236092
processed:12	41	0.0074915410950779915
processed:12	42	0.007981830276548862
processed:12	43	0.0065966444090008736
processed:12	44	0.006637571379542351
processed:12	45	0.009243692271411419
processed:12	46	0.010803823359310627
processed:12	47	0.006854764185845852
processed:12	48	0.009383618831634521
processed:12	49	0.009883774444460869
processed:12	50	0.027110924944281578
processed:12	51	0.010557487607002258
processed:12	52	0.019386574625968933
processed:12	53	0.021172847598791122
processed:12	54	0.01521247997879982
processed:12	55	0.01531528402119875
processed:12	56	0.013401774689555168
processed:12	57	0.023432590067386627
processed:12	58	0.018845142796635628
processed:12	59	0.014486795291304588
processed:12	60	0.003883233293890953
processed:12	61	0.017666392028331757
processed:12	62	0.020347516983747482
processed:12	63	0.011268552392721176
processed:12	64	0.011954275891184807
processed:12	65	0.01226266473531723
processed:12	66	0.026703769341111183
processed:12	67	0.01714159920811653
processed:12	68	0.019264746457338333
processed:12	69	0.023105230182409286
processed:12	70	0.008589713834226131
processed:12	71	0.010965440422296524
processed:12	72	0.007192204240709543
processed:12	73	0.008322540670633316
processed:12	74	0.00811024196445942
processed:12	75	0.006550438702106476
processed:12	76	0.008108070120215416
processed:12	77	0.009027149528265
processed:12	78	0.009487112984061241
processed:12	79	0.012419287115335464
processed:12	80	0.014814933761954308
processed:12	81	0.009404807351529598
processed:12	82	0.007038665935397148
processed:12	83	0.008945688605308533
processed:12	84	0.0071258251555264
processed:12	85	0.008852748200297356
processed:12	86	0.016663266345858574
processed:12	87	0.007017262279987335
processed:12	88	0.0017081177793443203
processed:12	89	0.003572317771613598
processed:12	90	0.0025018109008669853
processed:12	91	0.002144498284906149
processed:12	92	0.0031606624834239483
processed:12	93	0.002396831288933754
processed:12	94	0.0029870555736124516
processed:12	95	0.002344846725463867
processed:12	96	0.007654862944036722
processed:12	97	0.0017614818643778563
processed:12	98	0.009253247641026974
processed:12	99	0.007398747839033604
processed:12	100	0.008792421780526638
processed:12	101	0.010401031002402306
processed:12	102	0.0070633734576404095
processed:12	103	0.001674883533269167
processed:12	104	0.012278895825147629
processed:12	105	0.0059216320514678955
processed:12	106	0.020477136597037315
processed:12	107	0.007839605212211609
processed:12	108	0.010469123721122742
processed:12	109	0.006977032404392958
processed:12	110	0.009724294766783714
processed:12	111	0.012170027941465378
processed:12	112	0.007644920609891415
processed:12	113	0.030242688953876495
processed:12	114	0.003748703980818391
processed:12	115	0.005123320501297712
processed:12	116	0.010691811330616474
processed:12	117	0.00617172010242939
processed:12	118	0.007734447717666626
processed:12	119	0.04477064311504364
processed:12	120	0.009628979489207268
processed:12	121	0.005181385204195976
processed:12	122	0.00959242507815361
processed:12	123	0.004056563600897789
processed:12	124	0.0053700292482972145
processed:12	125	0.0011806710390374064
processed:12	126	0.0008327885298058391
processed:12	127	0.0008010515011847019
processed:12	128	0.00041736976709216833
processed:12	129	0.0017881520325317979
processed:12	130	0.0007972414023242891
processed:12	131	0.00044192862696945667
processed:12	132	7.129666482796893e-05
processed:12	133	0.006927771493792534
processed:12	134	0.0009269289439544082
processed:12	135	0.0011845207773149014
processed:12	136	7.217624806798995e-05
processed:12	137	0.0003177546605002135
processed:12	138	0.0007808186346665025
processed:12	139	0.00042871531331911683
processed:12	140	0.00025161163648590446
processed:12	141	0.0007356611313298345
processed:12	142	0.0012836458627134562
processed:12	143	0.0007531981682404876
processed:12	144	0.0013919728808104992
processed:12	145	0.00036950799403712153
processed:12	146	0.0008474036585539579
processed:12	147	0.0001245077874045819
processed:12	148	0.0005177673883736134
processed:12	149	0.0007690585916861892
processed:12	150	0.0005294727743603289
processed:12	151	0.0002028230082942173
processed:12	152	0.00020323136413935572
processed:12	153	0.00023264202172867954
processed:12	154	0.0014958770480006933
processed:12	155	0.0017105231527239084
processed:12	156	0.0007106931880116463
processed:12	157	0.00022893813729751855
processed:12	158	0.001188458874821663
processed:12	159	0.000322909327223897
processed:12	160	0.0005721698980778456
processed:12	161	0.000680699129588902
processed:12	162	0.0007322346209548414
processed:12	163	0.0009404715383425355
processed:12	164	0.0006443670717999339
processed:12	165	0.0005637094145640731
processed:12	166	0.0001307234779233113
processed:12	167	0.0003290676686447114
processed:12	168	0.0005801271181553602
processed:12	169	0.001269095460884273
processed:12	170	0.0005182782770134509
processed:12	171	0.0013686653692275286
processed:12	172	0.0004858914762735367
processed:12	173	0.0006523599731735885
processed:12	174	0.0005102159921079874
processed:12	175	0.00030503454036079347
processed:12	176	0.0006207961705513299
processed:12	177	0.0016973118763417006
processed:12	178	0.0006701018428429961
processed:12	179	0.0007647093152627349
processed:12	180	0.0001615032961126417
processed:12	181	0.0009295525378547609
processed:12	182	0.0003646338591352105
processed:12	183	0.0010104539105668664
processed:12	184	0.0063338628970086575
processed:12	185	0.004041343927383423
processed:12	186	0.000613184180110693
processed:12	187	0.0006241219234652817
processed:12	188	0.0006902148015797138
processed:12	189	0.0008373045129701495
processed:12	190	0.0005316021270118654
processed:12	191	0.0058115688152611256
processed:12	192	0.0012194848386570811
processed:12	193	0.0011054413625970483
processed:12	194	0.001064773416146636
processed:12	195	0.0034456911962479353
processed:12	196	0.0008224133052863181
processed:12	197	0.00021182616183068603
processed:12	198	0.0012349069584161043
processed:12	199	0.003702125046402216
processed:12	200	0.0029023531824350357
processed:12	201	0.0007218008977361023
processed:12	202	0.0011705844663083553
processed:12	203	0.0006713406182825565
processed:12	204	0.007987180724740028
processed:12	205	0.000744976568967104
processed:12	206	0.003047740086913109
processed:12	207	0.002788487123325467
processed:12	208	0.003946448676288128
processed:12	209	0.0008857400389388204
processed:12	210	0.0022684670984745026
processed:12	211	0.007408938370645046
processed:12	212	0.002570320852100849
processed:12	213	0.0013990638544782996
processed:12	214	0.000488770951051265
processed:12	215	0.004889346659183502
processed:12	216	0.00031625007977709174
processed:12	217	0.0009948441293090582
processed:12	218	0.008967915549874306
processed:12	219	0.004898921586573124
processed:12	220	0.003791459370404482
processed:12	221	0.003611491061747074
processed:12	222	0.014193964190781116
processed:12	223	0.008129707537591457
processed:12	224	0.0007285893661901355
processed:12	225	0.008416479453444481
processed:12	226	0.003324845340102911
processed:12	227	0.0014000944793224335
processed:12	228	0.004337013699114323
processed:12	229	0.0013716198736801744
processed:12	230	0.0004985382547602057
processed:12	231	0.0038482306990772486
processed:12	232	0.003423860529437661
processed:12	233	0.001594727043993771
processed:12	234	0.0153297558426857
processed:12	235	0.000823496317025274
processed:12	236	0.0004953835159540176
processed:12	237	0.0020857767667621374
processed:12	238	0.0012082147877663374
processed:12	239	0.003908763639628887
processed:12	240	0.003181683598086238
processed:12	241	0.004763469099998474
processed:12	242	0.002280766610056162
processed:12	243	0.000559861131478101
processed:12	244	0.008350728079676628
processed:12	245	0.0007046813843771815
processed:12	246	0.0004593562916852534
processed:12	247	0.00178120331838727
processed:12	248	0.00046242878306657076
processed:12	249	0.0007762055611237884
processed:12	250	0.001736943842843175
processed:12	251	0.003192151663824916
processed:12	252	0.001366830663755536
processed:12	253	0.0020053645130246878
processed:12	254	0.002484316471964121
processed:12	255	0.0003931442624889314
processed:12	256	0.0007082358351908624
processed:12	257	0.0009722745744511485
processed:12	258	0.005529446993023157
processed:12	259	0.002477027475833893
processed:12	260	0.001043888507410884
processed:12	261	0.002502147573977709
processed:12	262	0.0004998674266971648
processed:12	263	0.004631806164979935
processed:12	264	0.0008080591214820743
processed:12	265	0.0004535660264082253
processed:12	266	0.00473404536023736
processed:12	267	0.002657730598002672
processed:12	268	0.0034375982359051704
processed:12	269	0.015200411900877953
processed:12	270	0.006340350024402142
processed:12	271	0.0009290033485740423
processed:12	272	0.0009280333761125803
processed:12	273	0.005785282701253891
processed:12	274	0.0022574439644813538
processed:12	275	0.0011617644922807813
processed:12	276	0.0021268846467137337
processed:12	277	0.0009084855555556715
processed:12	278	0.0036555160768330097
processed:12	279	0.0005015739006921649
processed:12	280	0.0004001430934295058
processed:12	281	0.002351298462599516
processed:12	282	0.006302276626229286
processed:12	283	0.004685722291469574
processed:12	284	0.003606686368584633
processed:12	285	0.0073127164505422115
processed:12	286	0.005713716149330139
processed:12	287	0.011990460567176342
processed:12	288	0.0009478813735768199
processed:12	289	0.001058199442923069
processed:12	290	0.00017336130258627236
processed:12	291	0.00012201542995171621
processed:12	292	0.006151968613266945
processed:12	293	0.0006246777484193444
processed:12	294	0.0006483486504293978
processed:12	295	0.0003535561845637858
processed:12	296	0.0008857649518176913
processed:12	297	0.001283973571844399
processed:12	298	0.0017846915870904922
processed:12	299	0.0006928473012521863
processed:12	300	0.0009298425866290927
processed:12	301	0.0013738037087023258
processed:12	302	0.005125696770846844
processed:12	303	0.005563391838222742
processed:12	304	0.004433308728039265
processed:12	305	0.0004934346070513129
processed:12	306	0.0033060875721275806
processed:12	307	0.004164374433457851
processed:12	308	0.003917418420314789
processed:12	309	0.0021175029687583447
processed:12	310	0.0008145400788635015
processed:12	311	0.004177205730229616
processed:12	312	0.004249178804457188
processed:12	313	0.004739086143672466
processed:12	314	0.008688720874488354
processed:12	315	0.006390620023012161
processed:12	316	0.000874808058142662
processed:12	317	0.0005614926340058446
processed:12	318	0.0021280604414641857
processed:12	319	0.0021886921022087336
processed:12	320	0.00163860188331455
processed:12	321	0.004061292856931686
processed:12	322	0.0023756243754178286
processed:12	323	0.0010428563691675663
processed:12	324	0.0005362348165363073
processed:12	325	0.000287903705611825
processed:12	326	0.002786607015877962
processed:12	327	0.001510107540525496
processed:12	328	0.0031201359815895557
processed:12	329	0.0015939088771119714
processed:12	330	0.0009053583489730954
processed:12	331	0.00047784612979739904
processed:12	332	0.00027944621979258955
processed:12	333	0.0012282037641853094
processed:12	334	0.00028674580971710384
processed:12	335	0.0008621576707810163
processed:12	336	0.009488502517342567
processed:12	337	0.0018875082023441792
processed:12	338	0.0005019521340727806
processed:12	339	0.00023371506540570408
processed:12	340	0.0019155708141624928
processed:12	341	0.008400117047131062
processed:12	342	0.001572019187733531
processed:12	343	0.00033265771344304085
processed:12	344	0.0006683697574771941
processed:12	345	0.0007112828316166997
processed:12	346	0.0014682044275105
processed:12	347	0.0005077562527731061
processed:12	348	0.0023620135616511106
processed:12	349	0.002368994988501072
processed:12	350	0.00219987565651536
processed:12	351	0.0039033202920109034
processed:12	352	0.0014410639414563775
processed:12	353	0.0014188793720677495
processed:12	354	0.0013296820688992739
processed:12	355	0.0013684779405593872
processed:12	356	0.0004445769591256976
processed:12	357	0.0004215836524963379
processed:12	358	0.00041740236338227987
processed:12	359	0.0006454074755311012
processed:12	360	0.00036587659269571304
processed:12	361	0.000566211121622473
processed:12	362	0.0007577701471745968
processed:12	363	0.0016376824351027608
processed:12	364	0.0019214556086808443
processed:12	365	0.003211788833141327
processed:12	366	0.0004884862573817372
processed:12	367	0.004240856505930424
processed:12	368	0.001512160524725914
processed:12	369	0.0017489242600277066
processed:12	370	0.0056121209636330605
processed:12	371	0.0013953887391835451
processed:12	372	0.0010652916971594095
processed:12	373	0.00506865419447422
processed:12	374	0.0011269552633166313
processed:12	375	0.0005036201328039169
processed:12	376	0.000174494314705953
processed:12	377	0.008714632131159306
processed:12	378	0.001010827487334609
processed:12	379	0.002945602871477604
processed:12	380	0.005959623493254185
processed:12	381	0.016426080837845802
processed:12	382	0.0017662154277786613
processed:12	383	0.003135954961180687
processed:12	384	0.0011770583223551512
processed:12	385	0.0004876950988546014
processed:12	386	0.010610353201627731
processed:12	387	0.00305553013458848
processed:12	388	0.0013904181541875005
processed:12	389	0.0021235784515738487
processed:12	390	0.00046871608356013894
processed:12	391	0.0005259555764496326
processed:12	392	0.0004240571870468557
processed:12	393	0.00045900553232058883
processed:12	394	0.0013165342388674617
processed:12	395	0.0013027801178395748
processed:12	396	0.00425788015127182
processed:12	397	0.005246448330581188
processed:12	398	0.0032914974726736546
processed:12	399	0.0012453908566385508
processed:12	400	0.000692012719810009
processed:12	401	0.00040845206240192056
processed:12	402	0.0010381157044321299
processed:12	403	0.0002183075121138245
processed:12	404	0.0001412624988006428
processed:12	405	0.00022959249326959252
processed:12	406	0.0007336469716392457
processed:12	407	0.002219297457486391
processed:12	408	0.0002893330529332161
processed:12	409	0.00269860727712512
processed:12	410	0.0003277078503742814
processed:12	411	0.0003709553275257349
processed:12	412	0.0011301670456305146
processed:12	413	0.003004350233823061
processed:12	414	0.0012673765886574984
processed:12	415	0.0013807371724396944
processed:12	416	0.000521900481544435
processed:12	417	0.020030733197927475
processed:12	418	0.0005406049895100296
processed:12	419	0.0043684327974915504
processed:12	420	0.0006314990459941328
processed:12	421	0.0010319496504962444
processed:12	422	0.00505028385668993
processed:12	423	0.0023225676268339157
processed:12	424	0.0005340829957276583
processed:12	425	0.0049304598942399025
processed:12	426	0.00019193583284504712
processed:12	427	0.0036239568144083023
processed:12	428	0.000324979453580454
processed:12	429	0.0009042699239216745
processed:12	430	0.007616326678544283
processed:12	431	0.0018230807036161423
processed:12	432	0.0003995957667939365
processed:12	433	0.0003572762943804264
processed:12	434	0.0009636820759624243
processed:12	435	0.000791252707131207
processed:12	436	0.0010566571727395058
processed:12	437	0.0010013431310653687
processed:12	438	0.0012123025953769684
processed:12	439	0.0009901736630126834
processed:12	440	0.0007021685596555471
processed:12	441	0.004007368814200163
processed:12	442	0.0022612265311181545
processed:12	443	0.00019056299061048776
processed:12	444	0.000534512335434556
processed:12	445	0.00035768543602898717
processed:12	446	0.0002058456011582166
processed:12	447	0.0019964021630585194
processed:12	448	0.0011402696836739779
processed:12	449	0.06969998776912689
processed:12	450	0.012189121916890144
processed:12	451	0.0023147924803197384
processed:12	452	0.0024020466953516006
processed:12	453	0.0018840876873582602
processed:12	454	0.002065743785351515
processed:12	455	0.0007199244573712349
processed:12	456	0.0015455770771950483
processed:12	457	0.0018912305822595954
processed:12	458	0.0010883072391152382
processed:12	459	0.0005825534462928772
processed:12	460	0.0020495885983109474
processed:12	461	0.0010539833456277847
processed:12	462	0.001890778774395585
processed:12	463	0.0019453021232038736
processed:12	464	0.001283954014070332
processed:12	465	0.0013555242912843823
processed:12	466	0.0019365556072443724
processed:12	467	0.0005855448544025421
processed:12	468	0.004073141608387232
processed:12	469	0.0012593148276209831
processed:12	470	0.001881673582829535
processed:12	471	0.000826738600153476
processed:12	472	0.0011100717820227146
processed:12	473	0.005454447120428085
processed:12	474	0.0008131595095619559
processed:12	475	0.0035118137020617723
processed:12	476	0.004679294303059578
processed:12	477	0.0014614431420341134
processed:12	478	0.0008107368485070765
processed:12	479	0.0009388121543452144
processed:12	480	0.0013924207305535674
processed:12	481	0.0014968450414016843
processed:12	482	0.004437442868947983
processed:12	483	0.00024523978936485946
processed:12	484	0.004866359755396843
processed:12	485	0.0007236964302137494
processed:12	486	0.021219052374362946
processed:12	487	0.0008030339959077537
processed:12	488	0.0033409325405955315
processed:12	489	0.00044927268754690886
processed:12	490	0.00854579545557499
processed:12	491	0.0003365302400197834
processed:12	492	0.007341285236179829
processed:12	493	0.012640532106161118
processed:12	494	0.003666248172521591
processed:12	495	0.004842292983084917
processed:12	496	0.0003781246196012944
processed:12	497	0.00014454254414886236
processed:12	498	0.000682807294651866
processed:12	499	0.00027990940725430846
processed:12	500	0.0006608823896385729
processed:12	501	0.0022277007810771465
processed:12	502	0.00042296090396121144
processed:12	503	0.0022886828519403934
processed:12	504	0.0001495992037234828
processed:12	505	0.0006906781927682459
processed:12	506	0.00046921090688556433
processed:12	507	0.00026251235976815224
processed:12	508	0.0009772987104952335
processed:12	509	0.0005756497848778963
processed:12	510	0.00024126270727720112
processed:12	511	0.0002193100517615676
processed:12	512	0.00016140991647262126
processed:12	513	0.00014032400213181973
processed:12	514	0.00030787556897848845
processed:12	515	0.0004980830708518624
processed:12	516	0.0003139173786621541
processed:12	517	0.00021809383179061115
processed:12	518	0.0006783832795917988
processed:12	519	0.003451246302574873
processed:12	520	0.0014497493393719196
processed:12	521	0.0005329326377250254
processed:12	522	0.00031838114955462515
processed:12	523	0.0005461961263790727
processed:12	524	0.0009661686490289867
processed:12	525	0.0005534939700737596
processed:12	526	0.0005794395692646503
processed:12	527	0.00022799396538175642
processed:12	528	0.001225783140398562
processed:12	529	0.0008986135944724083
processed:12	530	0.0006982446648180485
processed:12	531	0.0013609195593744516
processed:12	532	0.004238560330122709
processed:12	533	0.0008104228763841093
processed:12	534	0.0034158495254814625
processed:12	535	0.0013869726099073887
processed:12	536	0.0002877614460885525
processed:12	537	0.0009037337149493396
processed:12	538	0.004703541751950979
processed:12	539	0.00202048197388649
processed:12	540	0.0015169346006587148
processed:12	541	0.0002773423329927027
processed:12	542	0.00040685245767235756
processed:12	543	0.00024929337087087333
processed:12	544	0.0013312422670423985
processed:12	545	0.00584369944408536
processed:12	546	0.012862754985690117
processed:12	547	0.0053172642365098
processed:12	548	0.0011440180242061615
processed:12	549	0.00017772191495168954
processed:12	550	0.0005184297915548086
processed:12	551	0.0019393455004319549
processed:12	552	0.000787170953117311
processed:12	553	0.0013478627661243081
processed:12	554	0.00043303717393428087
processed:12	555	0.00016970079741440713
processed:12	556	0.00027268147096037865
processed:12	557	0.0012905618641525507
processed:12	558	0.000181028779479675
processed:12	559	0.00031363870948553085
processed:12	560	0.0029213218949735165
processed:12	561	0.007860037498176098
processed:12	562	0.024284953251481056
processed:12	563	0.006479074712842703
processed:12	564	0.00034834901452995837
processed:12	565	0.0015553797129541636
processed:12	566	0.0005634854314848781
processed:12	567	0.00028546908288262784
processed:12	568	0.000933363800868392
processed:12	569	0.0001983151159947738
processed:12	570	0.0008439834928140044
processed:12	571	0.0005219007143750787
processed:12	572	0.00012742477701976895
processed:12	573	0.0007447391981258988
processed:12	574	0.0011481770779937506
processed:12	575	0.0008486595470458269
processed:12	576	0.0002846903807949275
processed:12	577	0.0010046018287539482
processed:12	578	0.003424203721806407
processed:12	579	0.00035117316292598844
processed:12	580	0.0003389173361938447
processed:12	581	0.02262149751186371
processed:12	582	0.0010736370459198952
processed:12	583	0.00027696395409293473
processed:12	584	0.00029978464590385556
processed:12	585	7.799417653586715e-05
processed:12	586	0.00033782742684707046
processed:12	587	0.00199742685072124
processed:12	588	0.0008603157475590706
processed:12	589	0.006627530790865421
processed:12	590	0.0006298774969764054
processed:12	591	0.0007728799246251583
processed:12	592	0.001140763983130455
processed:12	593	0.0004897232283838093
processed:12	594	0.0008062252309173346
processed:12	595	0.0005552311195060611
processed:12	596	0.0006761261029168963
processed:12	597	0.0010266988538205624
processed:12	598	0.0011765379458665848
processed:12	599	0.0008280243491753936
processed:12	600	0.0010453558061271906
processed:12	601	0.0006798384711146355
processed:12	602	0.0030049700289964676
processed:12	603	0.00026334438007324934
processed:12	604	0.0014391327276825905
processed:12	605	0.0005934365908615291
processed:12	606	0.00014136673416942358
processed:12	607	0.00033220372279174626
processed:12	608	0.00021677283803001046
processed:12	609	0.00019632047042250633
processed:12	610	0.000210634054383263
processed:12	611	0.00024054916866589338
processed:12	612	0.0010750533547252417
processed:12	613	0.0006041352171450853
processed:12	614	0.0012430236674845219
processed:12	615	0.00010020054469350725
processed:12	616	0.0003235325566492975
processed:12	617	0.001940334215760231
processed:12	618	0.0009686388075351715
processed:12	619	0.0002494694199413061
processed:12	620	0.00035563670098781586
processed:12	621	0.000304803135804832
processed:12	622	0.00020716423750855029
processed:12	623	0.00043443922186270356
processed:12	624	0.0005355169996619225
processed:12	625	0.00026227993657812476
processed:12	626	0.0004465260135475546
processed:12	627	0.0006060936721041799
processed:12	628	0.00036598072620108724
processed:12	629	0.0017011527670547366
processed:12	630	0.0020213485695421696
processed:12	631	0.000351528637111187
processed:12	632	0.0022970959544181824
processed:12	633	0.008016950450837612
processed:12	634	0.004378259647637606
processed:12	635	0.0030946903862059116
processed:12	636	0.0012546267826110125
processed:12	637	0.0019429848762229085
processed:12	638	0.00046706071589142084
processed:12	639	0.0005794849130325019
processed:12	640	0.0004901914508081973
processed:12	641	0.0004914440214633942
processed:12	642	0.0009825610322877765
processed:12	643	0.0005478337407112122
processed:12	644	0.002950192429125309
processed:12	645	0.00042115163523703814
processed:12	646	0.0003086960350628942
processed:12	647	0.0004627167945727706
processed:12	648	0.0004662925493903458
processed:12	649	0.0006585108349099755
processed:12	650	9.680207585915923e-05
processed:12	651	5.169594442122616e-05
processed:12	652	0.0006009271601215005
processed:12	653	0.002174119697883725
processed:12	654	0.00012609465920832008
processed:12	655	0.0026423591189086437
processed:12	656	0.000847568386234343
processed:12	657	0.0030060652643442154
processed:12	658	0.0015458210837095976
processed:12	659	0.0002617390127852559
processed:12	660	0.00026871883892454207
processed:12	661	0.0002888849121518433
processed:12	662	0.00029840547358617187
processed:12	663	0.0003883998724631965
processed:12	664	0.00024237560865003616
processed:12	665	0.00014290105900727212
processed:12	666	0.00036166099016554654
processed:12	667	0.0020675892010331154
processed:12	668	0.00040675143827684224
processed:12	669	0.000778738409280777
processed:12	670	0.004754807334393263
processed:12	671	0.0006482689641416073
processed:12	672	0.0003951021935790777
processed:12	673	0.0007102402742020786
processed:12	674	0.0009191221324726939
processed:12	675	0.00024562273756600916
processed:12	676	0.001962802605703473
processed:12	677	0.0055226050317287445
processed:12	678	0.0013889868278056383
processed:12	679	0.010976763442158699
processed:12	680	0.00023638179118279368
processed:12	681	0.0016568030696362257
processed:12	682	0.0016400685999542475
processed:12	683	0.001410632859915495
processed:12	684	0.0013564397813752294
processed:12	685	0.0014157044934108853
processed:12	686	0.0005681317998096347
processed:12	687	0.0011685832869261503
processed:12	688	0.0016793268732726574
processed:12	689	0.0010617384687066078
processed:12	690	0.0013158696237951517
processed:12	691	0.0011226548813283443
processed:12	692	0.0005824409890919924
processed:12	693	0.0009427430923096836
processed:12	694	0.001228079665452242
processed:12	695	0.0017772475257515907
processed:12	696	0.0040779998525977135
processed:12	697	0.0035926224663853645
processed:12	698	0.005358792841434479
processed:12	699	0.005004642065614462
processed:12	700	0.0007886466919444501
processed:12	701	0.000972870213445276
processed:12	702	0.000470373488496989
processed:12	703	0.0010784715414047241
processed:12	704	0.0047563971020281315
processed:12	705	0.0004708854539785534
processed:12	706	0.0037966184318065643
processed:12	707	0.000306680187350139
processed:12	708	0.003047351259738207
processed:12	709	0.0008199192234314978
processed:12	710	0.003007706254720688
processed:12	711	0.005402723327279091
processed:12	712	0.0034732690546661615
processed:12	713	0.00429685739800334
processed:12	714	0.022831138223409653
processed:12	715	0.0001824067730922252
processed:12	716	0.00027557453722693026
processed:12	717	4.7833353164605796e-05
processed:12	718	0.0003093664417974651
processed:12	719	0.0008213001419790089
processed:12	720	0.0005192255484871566
processed:12	721	0.0005089355981908739
processed:12	722	0.0001895657042041421
processed:12	723	0.0006003986345604062
processed:12	724	0.0002218690497102216
processed:12	725	0.00016406792565248907
processed:12	726	0.000574796344153583
processed:12	727	0.0009310500463470817
processed:12	728	0.0003417516127228737
processed:12	729	0.00042343756649643183
processed:12	730	0.0005072327912785113
processed:12	731	0.00016998566570691764
processed:12	732	0.0004193486529402435
processed:12	733	0.00032878777710720897
processed:12	734	0.0003615891037043184
processed:12	735	0.0015113975387066603
processed:12	736	0.00022066662495490164
processed:12	737	0.000703839585185051
processed:12	738	0.00039342092350125313
processed:12	739	0.000310933159198612
processed:12	740	0.00024594026035629213
processed:12	741	0.0010835700668394566
processed:12	742	3.933024709112942e-05
processed:12	743	0.00034057136508636177
processed:12	744	0.00037602646625600755
processed:12	745	0.0004989422159269452
processed:12	746	0.0007550488226115704
processed:12	747	0.0008797284099273384
processed:12	748	0.0016247013118118048
processed:12	749	0.002505538985133171
processed:12	750	0.0017573230434209108
processed:12	751	0.0008973394287750125
processed:12	752	0.0006418687989935279
processed:12	753	0.0008027565199881792
processed:12	754	0.0011468168813735247
processed:12	755	0.0007051104912534356
processed:12	756	0.0015397146344184875
processed:12	757	0.003037377493456006
processed:12	758	0.004954217001795769
processed:12	759	0.00047870923299342394
processed:12	760	0.00038438645424321294
processed:12	761	0.0002028246526606381
processed:12	762	0.000506234064232558
processed:12	763	0.0007527453708462417
processed:12	764	0.0005324220983311534
processed:12	765	0.0011654775589704514
processed:12	766	0.0004173569323029369
processed:12	767	0.0011843476677313447
processed:12	768	0.0010134121403098106
processed:12	769	0.0007437560125254095
processed:12	770	0.0013053813017904758
processed:12	771	0.000988085987046361
processed:12	772	0.0005144255119375885
processed:12	773	0.0007899636402726173
processed:12	774	5.046854857937433e-05
processed:12	775	0.0006844766903668642
processed:12	776	0.0005074176588095725
processed:12	777	0.0005905363359488547
processed:12	778	0.0008937227539718151
processed:12	779	0.00023745952057652175
processed:12	780	0.00028578483033925295
processed:12	781	0.00032183516304939985
processed:12	782	0.0009343619458377361
processed:12	783	0.0007458551554009318
processed:12	784	0.0014082167763262987
processed:12	785	0.00047587440349161625
processed:12	786	0.0011119869304820895
processed:12	787	0.002357850316911936
processed:12	788	0.0008036006474867463
processed:12	789	0.0009468875941820443
processed:12	790	0.00039758323691785336
processed:12	791	0.00027477959520183504
processed:12	792	0.00031511392444372177
processed:12	793	0.0003652226587291807
processed:12	794	0.000610095274168998
processed:12	795	4.9130991101264954e-05
processed:12	796	0.0018406365998089314
processed:12	797	0.0010416628792881966
processed:12	798	0.0013961795484647155
processed:12	799	0.0006303595146164298
processed:12	800	0.0006065628840588033
processed:12	801	0.0008731447160243988
processed:12	802	0.00030234118457883596
processed:12	803	0.0007939649512991309
processed:12	804	0.00039551910595037043
processed:12	805	0.0014160359278321266
processed:12	806	0.00024760194355621934
processed:12	807	0.0012881940929219127
processed:12	808	0.0006776321097277105
processed:12	809	0.0003668104764074087
processed:12	810	0.00141282903496176
processed:12	811	0.00036467122845351696
processed:12	812	0.000606613582931459
processed:12	813	0.0002633947296999395
processed:12	814	0.02035728096961975
processed:12	815	0.008182351477444172
processed:12	816	0.000354680058080703
processed:12	817	0.0004922454245388508
processed:12	818	0.0006558127352036536
processed:12	819	6.883871537866071e-05
processed:12	820	0.0004688130284193903
processed:12	821	0.0020693240221589804
processed:12	822	0.0003073333064094186
processed:12	823	0.006174586713314056
processed:12	824	6.76607305649668e-05
processed:12	825	0.0019154951442033052
processed:12	826	0.027441807091236115
processed:12	827	0.012739861384034157
processed:12	828	0.000724141369573772
processed:12	829	0.00020240368030499667
processed:12	830	0.0013615353964269161
processed:12	831	0.034658316522836685
processed:12	832	0.009138751775026321
processed:12	833	0.006444491446018219
processed:12	834	0.0001259117852896452
processed:12	835	0.0003853309899568558
processed:12	836	0.0016667299205437303
processed:12	837	0.014910144731402397
processed:12	838	0.00012874561070930213
processed:12	839	0.01366090215742588
processed:12	840	0.0027816318906843662
processed:12	841	0.013991796411573887
processed:12	842	0.00793896522372961
processed:12	843	0.009174514561891556
processed:12	844	0.0006115968571975827
processed:12	845	5.331489228410646e-05
processed:12	846	0.0025551295839250088
processed:12	847	0.005123352166265249
processed:12	848	0.00778253935277462
processed:12	849	0.0041208649054169655
processed:12	850	0.009751301258802414
processed:12	851	1.6259657058981247e-05
processed:12	852	0.00028430711245164275
processed:12	853	1.9551422155927867e-05
processed:12	854	0.004888216033577919
processed:12	855	0.005969869904220104
processed:12	856	0.03492181375622749
processed:12	857	0.0020158260595053434
processed:12	858	0.023703455924987793
processed:12	859	0.012498557567596436
processed:12	860	0.011504385620355606
processed:12	861	0.009642454795539379
processed:12	862	0.0053720613941550255
processed:12	863	0.016342492774128914
processed:12	864	0.0062837013974785805
processed:12	865	0.0004791136016137898
processed:12	866	0.011187398806214333
processed:12	867	0.003209243528544903
processed:12	868	0.00022774268290959299
processed:12	869	0.003939240705221891
processed:12	870	0.006581777706742287
processed:12	871	0.003822153666988015
processed:12	872	0.004614175762981176
processed:12	873	0.004239798989146948
processed:12	874	0.0009170312550850213
processed:12	875	0.0007332020904868841
processed:12	876	0.0013587478315457702
processed:12	877	0.0016104010865092278
processed:12	878	0.0006419906858354807
processed:12	879	3.836455289274454e-05
processed:12	880	0.0010577430948615074
processed:12	881	0.00293463421985507
processed:12	882	0.000800540205091238
processed:12	883	0.0035637812688946724
processed:12	884	0.0019125784747302532
processed:12	885	0.0003950013779103756
processed:12	886	0.0004162438272032887
processed:12	887	0.0027557406574487686
processed:12	888	0.018285486847162247
processed:12	889	0.010517880320549011
processed:12	890	0.00021164689678698778
processed:12	891	0.00929965078830719
processed:12	892	0.011812369339168072
processed:12	893	0.006325451657176018
processed:12	894	0.004328079521656036
processed:12	895	0.009189989417791367
processed:12	896	5.715512816095725e-05
processed:12	897	0.0015627567190676928
processed:12	898	0.00011342079233145341
processed:12	899	0.00044605316361412406
processed:12	900	0.00601961649954319
processed:12	901	0.0018150894902646542
processed:12	902	2.2946394892642274e-05
processed:12	903	0.0007662799907848239
processed:12	904	0.003998995758593082
processed:12	905	0.0019129121210426092
processed:12	906	0.003276015631854534
processed:12	907	0.0010240927804261446
processed:12	908	0.00013944566308055073
processed:12	909	0.0003717415384016931
processed:12	910	0.0013101274380460382
processed:12	911	0.010096373036503792
processed:12	912	0.008201309479773045
processed:12	913	0.0004381517646834254
processed:12	914	0.007473821751773357
processed:12	915	0.009021473117172718
processed:12	916	0.003500118851661682
processed:12	917	0.0038428197149187326
processed:12	918	0.0003947585937567055
processed:12	919	0.0004864224863730221
processed:12	920	0.00006430348665952605
processed:12	921	0.0004862634868991971
processed:12	922	0.0003037974867081342